ID,Incident_Type,Date_Time,Officer_ID,Subject_ID,Subject_Race,Subject_Gender,Year,Month,service_request_number,created_date,status,police_precinct,community_reporting_area,council_district,zip_code,latitude,longitude,are_there_people_present,are_there_rvs_cars_misc_vehicles,is_the_encampment_blocking_access,is_there_trash_or_debris,is_weekend
2015UOF-0072-1204-3004,Level 2 - Use of Force,2015-01-19 15:00:00,1634,2984,White,Male,2015,1,,,,,,,,,,,,,,
2015UOF-1321-1306-5300,Level 2 - Use of Force,2015-08-03 15:30:00,1615,5261,White,Male,2015,8,,,,,,,,,,,,,,
2020UOF-1310-1097-23017,Level 2 - Use of Force,2020-07-19 15:35:00,1672,23898,Nat Hawaiian/Oth Pac Islander,Male,2020,7,,,,,,,,,,,,,,
2022UOF-1269-2902-29489,Level 2 - Use of Force,2022-11-10 06:29:00,5708,30362,White,Female,2022,11,22-00276738,2022-11-01 08:50:17,Closed,WEST,QUEEN ANNE,7.0,98109.0,47.62560217,-122.34865199,Yes,Unknown,"Sidewalk,Other (please explain in the Description)","Garbage/Loose litter,Bulky items,Human waste,Other (please explain in the Description)",0.0
2022UOF-1269-2902-29489,Level 2 - Use of Force,2022-11-10 06:29:00,5708,30362,White,Female,2022,11,22-00277120,2022-11-01 12:48:20,Closed,WEST,QUEEN ANNE,7.0,98109.0,47.64658194,-122.35114254,Yes,No,Sidewalk,Garbage/Loose litter,0.0
2022UOF-1269-2902-29489,Level 2 - Use of Force,2022-11-10 06:29:00,5708,30362,White,Female,2022,11,22-00277223,2022-11-01 14:10:49,Closed,NORTH,BALLARD,6.0,98107.0,47.66279835,-122.36895857,Yes,Unknown,No blockage,"Garbage/Loose litter,Human waste",0.0
2022UOF-1269-2902-29489,Level 2 - Use of Force,2022-11-10 06:29:00,5708,30362,White,Female,2022,11,22-00277319,2022-11-01 15:23:24,Closed,SOUTHWEST,RIVERVIEW,1.0,98106.0,47.5353196,-122.35000887,Unknown,Brown,Recreation amenity,Garbage/Loose litter,0.0
2022UOF-1269-2902-29489,Level 2 - Use of Force,2022-11-10 06:29:00,5708,30362,White,Female,2022,11,22-00277329,2022-11-01 15:31:29,Closed,WEST,CASCADE/EASTLAKE,7.0,98109.0,47.62529407,-122.34087697,Yes,No,Sidewalk,"Garbage/Loose litter,Needles/Sharps,Hazardous materials (e.g., propane tanks),Bulky items,Human waste",0.0
2022UOF-1269-2902-29489,Level 2 - Use of Force,2022-11-10 06:29:00,5708,30362,White,Female,2022,11,22-00277369,2022-11-01 15:59:42,Closed,EAST,CAPITOL HILL,3.0,98122.0,47.61775471,-122.31735129,Yes,No,"Sidewalk,Entrance to business","Garbage/Loose litter,Bulky items",0.0
2022UOF-1269-2902-29489,Level 2 - Use of Force,2022-11-10 06:29:00,5708,30362,White,Female,2022,11,22-00277419,2022-11-01 16:27:53,Closed,NORTH,LICTON SPRINGS,5.0,98133.0,47.7048564,-122.33726006,Yes,Silver,No blockage,Human waste,0.0
2022UOF-1269-2902-29489,Level 2 - Use of Force,2022-11-10 06:29:00,5708,30362,White,Female,2022,11,22-00277476,2022-11-01 17:06:09,Closed,NORTH,RAVENNA/BRYANT,4.0,98105.0,47.67126523,-122.3016488,Yes,No,Recreation amenity,"Garbage/Loose litter,Bulky items",0.0
2022UOF-1269-2902-29489,Level 2 - Use of Force,2022-11-10 06:29:00,5708,30362,White,Female,2022,11,22-00277492,2022-11-01 17:30:23,Closed,SOUTHWEST,NORTH DELRIDGE,1.0,98126.0,47.56029747,-122.37610123,Unknown,No,Recreation amenity,Garbage/Loose litter,0.0
2022UOF-1269-2902-29489,Level 2 - Use of Force,2022-11-10 06:29:00,5708,30362,White,Female,2022,11,22-00277494,2022-11-01 17:30:26,Closed,EAST,CASCADE/EASTLAKE,3.0,98102.0,47.6330384,-122.32286942,Unknown,Yes,Sidewalk,"Garbage/Loose litter,Hazardous materials (e.g., propane tanks),Bulky items",0.0
2022UOF-1269-2902-29489,Level 2 - Use of Force,2022-11-10 06:29:00,5708,30362,White,Female,2022,11,22-00277508,2022-11-01 17:38:24,Closed,NORTH,BALLARD,6.0,98107.0,47.66505047,-122.38056435,Yes,No,"Sidewalk,Entrance to business","Garbage/Loose litter,Hazardous materials (e.g., propane tanks),Bulky items",0.0
2022UOF-1269-2902-29489,Level 2 - Use of Force,2022-11-10 06:29:00,5708,30362,White,Female,2022,11,22-00277529,2022-11-01 18:02:35,Closed,EAST,CAPITOL HILL,3.0,98122.0,47.61775471,-122.31735129,Yes,Yes,"Sidewalk,Recreation amenity,Entrance to business","Garbage/Loose litter,Needles/Sharps,Hazardous materials (e.g., propane tanks),Bulky items",0.0
2022UOF-1269-2902-29489,Level 2 - Use of Force,2022-11-10 06:29:00,5708,30362,White,Female,2022,11,22-00277584,2022-11-01 19:15:08,Closed,WEST,QUEEN ANNE,7.0,98109.0,47.62528352,-122.3556621,Yes,Yes,"Sidewalk,Bike lane","Garbage/Loose litter,Bulky items",0.0
2022UOF-1269-2902-29489,Level 2 - Use of Force,2022-11-10 06:29:00,5708,30362,White,Female,2022,11,22-00277636,2022-11-01 21:42:16,Closed,WEST,QUEEN ANNE,7.0,98109.0,47.64641871,-122.34893729,Yes,Unknown,No blockage,"Garbage/Loose litter,Hazardous materials (e.g., propane tanks),Bulky items",0.0
2022UOF-1269-2902-29489,Level 2 - Use of Force,2022-11-10 06:29:00,5708,30362,White,Female,2022,11,22-00277746,2022-11-02 07:59:22,Closed,NORTH,RAVENNA/BRYANT,4.0,98115.0,47.68019276,-122.31276118,Yes,No,Recreation amenity,Needles/Sharps,0.0
2022UOF-1269-2902-29489,Level 2 - Use of Force,2022-11-10 06:29:00,5708,30362,White,Female,2022,11,22-00277843,2022-11-02 09:15:34,Closed,WEST,JUDKINS PARK,3.0,98144.0,47.59694585,-122.31699442,Yes,Unknown,"Sidewalk,Bike lane,Recreation amenity,Construction project,Entrance to business,Entrance to residence","Garbage/Loose litter,Needles/Sharps,Hazardous materials (e.g., propane tanks),Bulky items,Human waste",0.0
2022UOF-1269-2902-29489,Level 2 - Use of Force,2022-11-10 06:29:00,5708,30362,White,Female,2022,11,22-00277962,2022-11-02 10:32:14,Closed,SOUTHWEST,ROXHILL/WESTWOOD,1.0,98126.0,47.52820187,-122.37394768,Yes,Yes,Sidewalk,"Hazardous materials (e.g., propane tanks)",0.0
2022UOF-1269-2902-29489,Level 2 - Use of Force,2022-11-10 06:29:00,5708,30362,White,Female,2022,11,22-00277977,2022-11-02 10:40:15,Closed,NORTH,WHITTIER HEIGHTS,6.0,98117.0,47.69048072,-122.37577897,Yes,Yes,Sidewalk,Garbage/Loose litter,0.0
2022UOF-1269-2902-29489,Level 2 - Use of Force,2022-11-10 06:29:00,5708,30362,White,Female,2022,11,22-00278116,2022-11-02 12:12:55,Closed,WEST,CASCADE/EASTLAKE,7.0,98109.0,47.62529407,-122.34087697,Yes,No,Sidewalk,"Garbage/Loose litter,Needles/Sharps,Hazardous materials (e.g., propane tanks),Bulky items,Human waste",0.0
2022UOF-1269-2902-29489,Level 2 - Use of Force,2022-11-10 06:29:00,5708,30362,White,Female,2022,11,22-00278369,2022-11-02 14:19:55,Closed,EAST,MONTLAKE/PORTAGE BAY,3.0,98112.0,47.63558771,-122.30288145,Yes,Yes,Recreation amenity,Garbage/Loose litter,0.0
2022UOF-1269-2902-29489,Level 2 - Use of Force,2022-11-10 06:29:00,5708,30362,White,Female,2022,11,22-00278513,2022-11-02 15:38:29,Closed,NORTH,NORTH BEACH/BLUE RIDGE,6.0,98117.0,47.69354032,-122.37579693,Yes,Yes,Entrance to business,"Garbage/Loose litter,Hazardous materials (e.g., propane tanks),Bulky items",0.0
2022UOF-1269-2902-29489,Level 2 - Use of Force,2022-11-10 06:29:00,5708,30362,White,Female,2022,11,22-00278830,2022-11-02 23:30:05,Closed,WEST,QUEEN ANNE,7.0,98119.0,47.65191642,-122.3605545,Yes,Unknown,Recreation amenity,"Garbage/Loose litter,Needles/Sharps,Hazardous materials (e.g., propane tanks),Bulky items",0.0
2022UOF-1269-2902-29489,Level 2 - Use of Force,2022-11-10 06:29:00,5708,30362,White,Female,2022,11,22-00278895,2022-11-03 07:55:57,Closed,WEST,QUEEN ANNE,7.0,98109.0,47.63254713,-122.34280473,Yes,No,Sidewalk,Garbage/Loose litter,0.0
2022UOF-1269-2902-29489,Level 2 - Use of Force,2022-11-10 06:29:00,5708,30362,White,Female,2022,11,22-00278991,2022-11-03 08:51:25,Closed,SOUTHWEST,NORTH DELRIDGE,1.0,98106.0,47.5699756,-122.35638532,Unknown,Yes,Sidewalk,"Garbage/Loose litter,Bulky items",0.0
2022UOF-1269-2902-29489,Level 2 - Use of Force,2022-11-10 06:29:00,5708,30362,White,Female,2022,11,22-00279015,2022-11-03 09:10:33,Closed,EAST,CAPITOL HILL,3.0,98122.0,47.61775471,-122.31735129,Yes,No,Sidewalk,"Garbage/Loose litter,Needles/Sharps,Hazardous materials (e.g., propane tanks),Bulky items,Human waste",0.0
2022UOF-1269-2902-29489,Level 2 - Use of Force,2022-11-10 06:29:00,5708,30362,White,Female,2022,11,22-00279088,2022-11-03 09:48:41,Closed,NORTH,BALLARD,6.0,98107.0,47.66395556,-122.37928076,Yes,Yes,Sidewalk,Garbage/Loose litter,0.0
2022UOF-1269-2902-29489,Level 2 - Use of Force,2022-11-10 06:29:00,5708,30362,White,Female,2022,11,22-00279147,2022-11-03 10:21:04,Closed,NORTH,GREENWOOD/PHINNEY RIDGE,5.0,98103.0,47.69703793,-122.35026165,Unknown,No,No blockage,Human waste,0.0
2022UOF-1269-2902-29489,Level 2 - Use of Force,2022-11-10 06:29:00,5708,30362,White,Female,2022,11,22-00279179,2022-11-03 10:40:51,Closed,NORTH,GREENWOOD/PHINNEY RIDGE,6.0,98117.0,47.6995242,-122.36572013,Yes,No,"Sidewalk,Other (please explain in the Description)","Garbage/Loose litter,Other (please explain in the Description)",0.0
2022UOF-1269-2902-29489,Level 2 - Use of Force,2022-11-10 06:29:00,5708,30362,White,Female,2022,11,22-00279197,2022-11-03 10:51:22,Closed,SOUTHWEST,RIVERVIEW,1.0,98106.0,47.5353196,-122.35000887,Unknown,Yes,Recreation amenity,"Garbage/Loose litter,Bulky items",0.0
2022UOF-1269-2902-29489,Level 2 - Use of Force,2022-11-10 06:29:00,5708,30362,White,Female,2022,11,22-00279223,2022-11-03 11:15:30,Closed,SOUTHWEST,WEST SEATTLE JUNCTION/GENESEE HILL,1.0,98126.0,47.56276042,-122.37672661,Yes,No,No blockage,"Garbage/Loose litter,Needles/Sharps,Human waste",0.0
2022UOF-1269-2902-29489,Level 2 - Use of Force,2022-11-10 06:29:00,5708,30362,White,Female,2022,11,22-00279243,2022-11-03 11:27:37,Closed,NORTH,BALLARD,6.0,98107.0,47.67026588,-122.38509635,Yes,Unknown,Sidewalk,Garbage/Loose litter,0.0
2022UOF-1269-2902-29489,Level 2 - Use of Force,2022-11-10 06:29:00,5708,30362,White,Female,2022,11,22-00279827,2022-11-04 08:23:10,Closed,EAST,MILLER PARK,3.0,98112.0,47.62262645,-122.31242513,Yes,No,Sidewalk,"Garbage/Loose litter,Other (please explain in the Description)",0.0
2022UOF-1269-2902-29489,Level 2 - Use of Force,2022-11-10 06:29:00,5708,30362,White,Female,2022,11,22-00280046,2022-11-04 11:22:37,Closed,SOUTHWEST,RIVERVIEW,1.0,98106.0,47.5353196,-122.35000887,Unknown,Yes,Recreation amenity,"Garbage/Loose litter,Bulky items",0.0
2022UOF-1269-2902-29489,Level 2 - Use of Force,2022-11-10 06:29:00,5708,30362,White,Female,2022,11,22-00280313,2022-11-04 15:05:15,Closed,NORTH,HALLER LAKE,5.0,98133.0,47.72222148,-122.34218162,Yes,No,Sidewalk,"Garbage/Loose litter,Needles/Sharps,Bulky items",0.0
2022UOF-1269-2902-29489,Level 2 - Use of Force,2022-11-10 06:29:00,5708,30362,White,Female,2022,11,22-00280459,2022-11-04 17:36:24,Closed,NORTH,BROADVIEW/BITTER LAKE,5.0,98133.0,47.71928008,-122.34922906,Unknown,No,No blockage,Garbage/Loose litter,0.0
2022UOF-1269-2902-29489,Level 2 - Use of Force,2022-11-10 06:29:00,5708,30362,White,Female,2022,11,22-00280465,2022-11-04 17:40:26,Closed,WEST,INTERBAY,7.0,98119.0,47.62913733,-122.37101825,Yes,Yes,Other (please explain in the Description),"Garbage/Loose litter,Needles/Sharps,Bulky items,Human waste,Hazardous materials (e.g., propane tanks)",0.0
2022UOF-1269-2902-29489,Level 2 - Use of Force,2022-11-10 06:29:00,5708,30362,White,Female,2022,11,22-00280646,2022-11-05 09:57:53,Closed,SOUTHWEST,SOUTH PARK,1.0,98108.0,47.52747987,-122.31574814,Yes,No,Recreation amenity,"Hazardous materials (e.g., propane tanks),Bulky items,Garbage/Loose litter",1.0
2022UOF-1269-2902-29489,Level 2 - Use of Force,2022-11-10 06:29:00,5708,30362,White,Female,2022,11,22-00280701,2022-11-05 10:58:21,Closed,EAST,CASCADE/EASTLAKE,3.0,98102.0,47.63239348,-122.32256066,Yes,Yes,"Bike lane,Other (please explain in the Description)","Garbage/Loose litter,Bulky items",1.0
2022UOF-1269-2902-29489,Level 2 - Use of Force,2022-11-10 06:29:00,5708,30362,White,Female,2022,11,22-00280748,2022-11-05 12:23:03,Closed,NORTH,BALLARD,6.0,98107.0,47.66974346,-122.38512934,Yes,Unknown,Entrance to business,Garbage/Loose litter,1.0
2022UOF-1269-2902-29489,Level 2 - Use of Force,2022-11-10 06:29:00,5708,30362,White,Female,2022,11,22-00280782,2022-11-05 13:15:24,Closed,WEST,INTERBAY,7.0,98119.0,47.63171767,-122.37727172,Yes,Unknown,"Sidewalk,Recreation amenity",Garbage/Loose litter,1.0
2022UOF-1269-2902-29489,Level 2 - Use of Force,2022-11-10 06:29:00,5708,30362,White,Female,2022,11,22-00280791,2022-11-05 13:25:30,Closed,WEST,QUEEN ANNE,7.0,98109.0,47.64658194,-122.35114254,Yes,No,Construction project,Human waste,1.0
2022UOF-1269-2902-29489,Level 2 - Use of Force,2022-11-10 06:29:00,5708,30362,White,Female,2022,11,22-00280826,2022-11-05 14:13:55,Closed,EAST,CAPITOL HILL,3.0,98122.0,47.61772046,-122.31799027,Unknown,No,No blockage,Garbage/Loose litter,1.0
2022UOF-1269-2902-29489,Level 2 - Use of Force,2022-11-10 06:29:00,5708,30362,White,Female,2022,11,22-00280928,2022-11-05 16:10:44,Closed,NORTH,WALLINGFORD,4.0,98105.0,47.66116102,-122.32109985,Yes,No,Sidewalk,"Garbage/Loose litter,Needles/Sharps,Hazardous materials (e.g., propane tanks),Bulky items,Human waste",1.0
2022UOF-1269-2902-29489,Level 2 - Use of Force,2022-11-10 06:29:00,5708,30362,White,Female,2022,11,22-00280929,2022-11-05 16:12:45,Closed,NORTH,WALLINGFORD,4.0,98105.0,47.66577971,-122.32043062,Yes,No,Other (please explain in the Description),"Garbage/Loose litter,Needles/Sharps,Hazardous materials (e.g., propane tanks),Bulky items,Human waste",1.0
2022UOF-1269-2902-29489,Level 2 - Use of Force,2022-11-10 06:29:00,5708,30362,White,Female,2022,11,22-00280972,2022-11-05 17:27:23,Closed,WEST,QUEEN ANNE,7.0,98109.0,47.6248547,-122.35580914,Yes,No,Sidewalk,"Garbage/Loose litter,Needles/Sharps,Hazardous materials (e.g., propane tanks),Bulky items,Human waste,Other (please explain in the Description)",1.0
2022UOF-1269-2902-29489,Level 2 - Use of Force,2022-11-10 06:29:00,5708,30362,White,Female,2022,11,22-00281001,2022-11-05 19:38:19,Closed,EAST,CENTRAL AREA/SQUIRE PARK,3.0,98122.0,47.60916821,-122.29981264,Yes,Yes,"Sidewalk,Entrance to residence","Garbage/Loose litter,Needles/Sharps,Hazardous materials (e.g., propane tanks),Bulky items,Human waste",1.0
2022UOF-1269-2902-29489,Level 2 - Use of Force,2022-11-10 06:29:00,5708,30362,White,Female,2022,11,22-00281046,2022-11-05 22:41:43,Closed,NORTH,GREENWOOD/PHINNEY RIDGE,6.0,98117.0,47.69084508,-122.35832403,Unknown,No,Sidewalk,"Bulky items,Garbage/Loose litter",1.0
2022UOF-1269-2902-29489,Level 2 - Use of Force,2022-11-10 06:29:00,5708,30362,White,Female,2022,11,22-00281171,2022-11-06 10:57:20,Closed,NORTH,BALLARD,6.0,98107.0,47.66795293,-122.38736312,Yes,Yes,"Other (please explain in the Description),Sidewalk,Construction project,Entrance to business","Garbage/Loose litter,Needles/Sharps,Hazardous materials (e.g., propane tanks),Bulky items,Human waste,Other (please explain in the Description)",1.0
2022UOF-1269-2902-29489,Level 2 - Use of Force,2022-11-10 06:29:00,5708,30362,White,Female,2022,11,22-00281263,2022-11-06 12:40:09,Closed,SOUTH,GEORGETOWN,2.0,98108.0,47.54650297,-122.31703815,Yes,Yes,"Sidewalk,Entrance to business,Entrance to residence","Garbage/Loose litter,Needles/Sharps,Hazardous materials (e.g., propane tanks),Human waste",1.0
2022UOF-1269-2902-29489,Level 2 - Use of Force,2022-11-10 06:29:00,5708,30362,White,Female,2022,11,22-00281470,2022-11-06 19:11:06,Closed,SOUTHWEST,HIGHLAND PARK,1.0,98108.0,47.52010883,-122.33384272,Yes,Yes,No blockage,"Garbage/Loose litter,Bulky items,Human waste",1.0
2022UOF-1269-2902-29489,Level 2 - Use of Force,2022-11-10 06:29:00,5708,30362,White,Female,2022,11,22-00281481,2022-11-06 19:35:17,Closed,SOUTHWEST,NORTH DELRIDGE,1.0,98126.0,47.57669786,-122.37175963,Yes,Yes,No blockage,"Bulky items,Other (please explain in the Description)",1.0
2022UOF-1269-2902-29489,Level 2 - Use of Force,2022-11-10 06:29:00,5708,30362,White,Female,2022,11,22-00281586,2022-11-07 07:40:49,Closed,NORTH,BALLARD,6.0,98107.0,47.66384617,-122.37015787,Yes,Yes,Sidewalk,"Hazardous materials (e.g., propane tanks),Garbage/Loose litter,Bulky items",0.0
2022UOF-1269-2902-29489,Level 2 - Use of Force,2022-11-10 06:29:00,5708,30362,White,Female,2022,11,22-00281686,2022-11-07 08:59:25,Closed,WEST,INTERBAY,7.0,98119.0,47.64073606,-122.37680943,Yes,Yes,Sidewalk,"Garbage/Loose litter,Bulky items",0.0
2022UOF-1269-2902-29489,Level 2 - Use of Force,2022-11-10 06:29:00,5708,30362,White,Female,2022,11,22-00281866,2022-11-07 10:42:15,Closed,NORTH,BALLARD,6.0,98107.0,47.66384617,-122.37015787,Yes,Yes,Sidewalk,"Hazardous materials (e.g., propane tanks),Bulky items,Garbage/Loose litter",0.0
2022UOF-1269-2902-29489,Level 2 - Use of Force,2022-11-10 06:29:00,5708,30362,White,Female,2022,11,22-00282047,2022-11-07 13:13:19,Closed,NORTH,UNIVERSITY DISTRICT,4.0,98115.0,47.67340727,-122.31203571,Yes,Unknown,Other (please explain in the Description),"Garbage/Loose litter,Hazardous materials (e.g., propane tanks),Bulky items,Other (please explain in the Description)",0.0
2022UOF-1269-2902-29489,Level 2 - Use of Force,2022-11-10 06:29:00,5708,30362,White,Female,2022,11,22-00282150,2022-11-07 14:56:12,Closed,NORTH,BALLARD,6.0,98107.0,47.66325434,-122.36954557,Unknown,Yes,Sidewalk,"Needles/Sharps,Garbage/Loose litter,Hazardous materials (e.g., propane tanks),Bulky items",0.0
2022UOF-1269-2902-29489,Level 2 - Use of Force,2022-11-10 06:29:00,5708,30362,White,Female,2022,11,22-00282178,2022-11-07 15:18:17,Closed,NORTH,LAURELHURST/SAND POINT,4.0,98115.0,47.67673636,-122.26013611,Unknown,No,"Construction project,Other (please explain in the Description)",Bulky items,0.0
2022UOF-1269-2902-29489,Level 2 - Use of Force,2022-11-10 06:29:00,5708,30362,White,Female,2022,11,22-00282197,2022-11-07 15:38:26,Closed,WEST,DUWAMISH/SODO,2.0,98134.0,47.5956082,-122.32535212,Yes,No,No blockage,Garbage/Loose litter,0.0
2022UOF-1269-2902-29489,Level 2 - Use of Force,2022-11-10 06:29:00,5708,30362,White,Female,2022,11,22-00282375,2022-11-07 19:20:08,Closed,NORTH,HALLER LAKE,5.0,98133.0,47.72083731,-122.33927885,No,No,No blockage,Garbage/Loose litter,0.0
2022UOF-1269-2902-29489,Level 2 - Use of Force,2022-11-10 06:29:00,5708,30362,White,Female,2022,11,22-00282494,2022-11-08 07:11:35,Closed,SOUTHWEST,NORTH DELRIDGE,1.0,98106.0,47.57024505,-122.35606444,Yes,Yes,"Sidewalk,Bike lane,Entrance to business,Other (please explain in the Description)","Garbage/Loose litter,Needles/Sharps,Hazardous materials (e.g., propane tanks),Bulky items,Human waste,Other (please explain in the Description)",0.0
2022UOF-1269-2902-29489,Level 2 - Use of Force,2022-11-10 06:29:00,5708,30362,White,Female,2022,11,22-00282631,2022-11-08 09:18:34,Closed,NORTH,FREMONT,6.0,98107.0,47.66309672,-122.36511507,Yes,Yes,"Bike lane,Sidewalk","Garbage/Loose litter,Hazardous materials (e.g., propane tanks),Bulky items",0.0
2022UOF-1269-2902-29489,Level 2 - Use of Force,2022-11-10 06:29:00,5708,30362,White,Female,2022,11,22-00282661,2022-11-08 09:38:43,Closed,NORTH,GREEN LAKE,6.0,98115.0,47.68255984,-122.32960283,Yes,No,No blockage,"Human waste,Hazardous materials (e.g., propane tanks),Needles/Sharps,Garbage/Loose litter",0.0
2022UOF-1269-2902-29489,Level 2 - Use of Force,2022-11-10 06:29:00,5708,30362,White,Female,2022,11,22-00282892,2022-11-08 12:18:57,Closed,EAST,CENTRAL AREA/SQUIRE PARK,3.0,98122.0,47.61052964,-122.30860407,Yes,No,No blockage,Garbage/Loose litter,0.0
2022UOF-1269-2902-29489,Level 2 - Use of Force,2022-11-10 06:29:00,5708,30362,White,Female,2022,11,22-00282936,2022-11-08 12:53:12,Closed,SOUTH,COLUMBIA CITY,2.0,98118.0,47.5374318,-122.2810329,Yes,No,Sidewalk,Bulky items,0.0
2022UOF-1269-2902-29489,Level 2 - Use of Force,2022-11-10 06:29:00,5708,30362,White,Female,2022,11,22-00282960,2022-11-08 13:15:23,Closed,SOUTHWEST,NORTH DELRIDGE,1.0,98126.0,47.55386035,-122.36891049,Yes,Yes,"Sidewalk,Bike lane,Recreation amenity,Construction project",Garbage/Loose litter,0.0
2022UOF-1269-2902-29489,Level 2 - Use of Force,2022-11-10 06:29:00,5708,30362,White,Female,2022,11,22-00282985,2022-11-08 13:33:35,Closed,SOUTH,GEORGETOWN,2.0,98108.0,47.55421689,-122.32524708,Unknown,Other,No blockage,"Garbage/Loose litter,Hazardous materials (e.g., propane tanks),Human waste",0.0
2022UOF-1269-2902-29489,Level 2 - Use of Force,2022-11-10 06:29:00,5708,30362,White,Female,2022,11,22-00282998,2022-11-08 13:47:38,Closed,NORTH,BALLARD,6.0,98107.0,47.65904954,-122.36594896,Unknown,No,Sidewalk,"Garbage/Loose litter,Hazardous materials (e.g., propane tanks),Bulky items",0.0
2022UOF-1269-2902-29489,Level 2 - Use of Force,2022-11-10 06:29:00,5708,30362,White,Female,2022,11,22-00283435,2022-11-08 23:32:06,Closed,WEST,CASCADE/EASTLAKE,4.0,98102.0,47.6324583,-122.32657841,Yes,Yes,Other (please explain in the Description),"Garbage/Loose litter,Hazardous materials (e.g., propane tanks),Bulky items,Human waste",0.0
2022UOF-1269-2902-29489,Level 2 - Use of Force,2022-11-10 06:29:00,5708,30362,White,Female,2022,11,22-00283438,2022-11-09 01:00:47,Closed,SOUTH,GEORGETOWN,2.0,98108.0,47.54997355,-122.32120929,Unknown,No,Sidewalk,"Garbage/Loose litter,Needles/Sharps,Hazardous materials (e.g., propane tanks),Bulky items",0.0
2022UOF-1269-2902-29489,Level 2 - Use of Force,2022-11-10 06:29:00,5708,30362,White,Female,2022,11,22-00283468,2022-11-09 07:01:33,Closed,NORTH,CEDAR PARK/MEADOWBROOK,5.0,98125.0,47.72081678,-122.29194729,Yes,No,Sidewalk,Garbage/Loose litter,0.0
2022UOF-1269-2902-29489,Level 2 - Use of Force,2022-11-10 06:29:00,5708,30362,White,Female,2022,11,22-00283813,2022-11-09 11:44:50,Closed,NORTH,FREMONT,6.0,98107.0,47.66312572,-122.36423589,Yes,Yes,Sidewalk,"Garbage/Loose litter,Needles/Sharps,Hazardous materials (e.g., propane tanks)",0.0
2022UOF-1269-2902-29489,Level 2 - Use of Force,2022-11-10 06:29:00,5708,30362,White,Female,2022,11,22-00283994,2022-11-09 14:01:46,Closed,WEST,PIONEER SQUARE/INTERNATIONAL DISTRICT,2.0,98104.0,47.59956014,-122.32235691,Yes,No,No blockage,Garbage/Loose litter,0.0
2022UOF-1269-2902-29489,Level 2 - Use of Force,2022-11-10 06:29:00,5708,30362,White,Female,2022,11,22-00284001,2022-11-09 14:09:49,Closed,NORTH,UNIVERSITY DISTRICT,4.0,98105.0,47.66294988,-122.31494399,Yes,No,Entrance to business,"Needles/Sharps,Other (please explain in the Description),Bulky items,Garbage/Loose litter",0.0
2022UOF-1269-2902-29489,Level 2 - Use of Force,2022-11-10 06:29:00,5708,30362,White,Female,2022,11,22-00284126,2022-11-09 16:32:58,Closed,EAST,CASCADE/EASTLAKE,3.0,98102.0,47.63286836,-122.32306038,Yes,Yes,"Recreation amenity,Sidewalk,Entrance to residence,Bike lane","Garbage/Loose litter,Needles/Sharps,Hazardous materials (e.g., propane tanks),Bulky items,Human waste",0.0
2022UOF-1269-2902-29489,Level 2 - Use of Force,2022-11-10 06:29:00,5708,30362,White,Female,2022,11,22-00284158,2022-11-09 16:51:05,Closed,NORTH,GREENWOOD/PHINNEY RIDGE,6.0,98117.0,47.69034198,-122.36192887,Yes,Yes,Other (please explain in the Description),"Bulky items,Garbage/Loose litter",0.0
2022UOF-1269-2902-29489,Level 2 - Use of Force,2022-11-10 06:29:00,5708,30362,White,Female,2022,11,22-00284221,2022-11-09 18:35:51,Closed,NORTH,FREMONT,6.0,98107.0,47.66300308,-122.36416613,Yes,Yes,Sidewalk,"Garbage/Loose litter,Hazardous materials (e.g., propane tanks)",0.0
2022UOF-1269-2902-29489,Level 2 - Use of Force,2022-11-10 06:29:00,5708,30362,White,Female,2022,11,22-00284272,2022-11-09 21:39:15,Closed,NORTH,FREMONT,4.0,98103.0,47.64684691,-122.33630954,Yes,Yes,Other (please explain in the Description),Garbage/Loose litter,0.0
2022UOF-1269-2902-29489,Level 2 - Use of Force,2022-11-10 06:29:00,5708,30362,White,Female,2022,11,22-00284339,2022-11-10 07:23:43,Closed,SOUTHWEST,NORTH DELRIDGE,1.0,98126.0,47.57630759,-122.37171613,Unknown,Yes,Sidewalk,Bulky items,0.0
2022UOF-1269-2902-29489,Level 2 - Use of Force,2022-11-10 06:29:00,5708,30362,White,Female,2022,11,22-00284449,2022-11-10 09:12:33,Closed,SOUTH,GEORGETOWN,2.0,98108.0,47.55240872,-122.3245905,No,No,No blockage,Garbage/Loose litter,0.0
2022UOF-1269-2902-29489,Level 2 - Use of Force,2022-11-10 06:29:00,5708,30362,White,Female,2022,11,22-00284498,2022-11-10 09:54:52,Closed,EAST,CAPITOL HILL,3.0,98122.0,47.61775471,-122.31735129,Yes,No,"Sidewalk,Entrance to business,Entrance to residence","Garbage/Loose litter,Needles/Sharps,Hazardous materials (e.g., propane tanks),Bulky items,Human waste",0.0
2022UOF-1269-2902-29489,Level 2 - Use of Force,2022-11-10 06:29:00,5708,30362,White,Female,2022,11,22-00284617,2022-11-10 11:31:40,Closed,NORTH,BROADVIEW/BITTER LAKE,5.0,98133.0,47.72161057,-122.34866605,Yes,Yes,"Sidewalk,Entrance to business","Garbage/Loose litter,Hazardous materials (e.g., propane tanks),Bulky items,Human waste",0.0
2022UOF-1269-2902-29489,Level 2 - Use of Force,2022-11-10 06:29:00,5708,30362,White,Female,2022,11,22-00284866,2022-11-10 14:53:11,Closed,NORTH,NORTH BEACH/BLUE RIDGE,6.0,98117.0,47.69354032,-122.37579693,Yes,Unknown,Sidewalk,"Bulky items,Garbage/Loose litter",0.0
2022UOF-1269-2902-29489,Level 2 - Use of Force,2022-11-10 06:29:00,5708,30362,White,Female,2022,11,22-00285069,2022-11-10 21:34:13,Closed,EAST,CAPITOL HILL,3.0,98122.0,47.61775471,-122.31735129,Yes,No,Sidewalk,"Needles/Sharps,Garbage/Loose litter",0.0
2022UOF-1269-2902-29489,Level 2 - Use of Force,2022-11-10 06:29:00,5708,30362,White,Female,2022,11,22-00285109,2022-11-11 06:42:24,Closed,NORTH,FREMONT,6.0,98103.0,47.65197391,-122.35788911,Yes,Yes,Other (please explain in the Description),"Garbage/Loose litter,Needles/Sharps,Bulky items,Human waste",0.0
2022UOF-1269-2902-29489,Level 2 - Use of Force,2022-11-10 06:29:00,5708,30362,White,Female,2022,11,22-00285118,2022-11-11 07:04:34,Closed,NORTH,GREENWOOD/PHINNEY RIDGE,6.0,98117.0,47.69113363,-122.36085138,Yes,Yes,Sidewalk,"Garbage/Loose litter,Human waste",0.0
2022UOF-1269-2902-29489,Level 2 - Use of Force,2022-11-10 06:29:00,5708,30362,White,Female,2022,11,22-00285325,2022-11-11 12:14:57,Closed,EAST,CAPITOL HILL,3.0,98122.0,47.61772028,-122.31782129,Yes,No,No blockage,"Garbage/Loose litter,Bulky items",0.0
2022UOF-1269-2902-29489,Level 2 - Use of Force,2022-11-10 06:29:00,5708,30362,White,Female,2022,11,22-00285377,2022-11-11 13:57:48,Closed,NORTH,GREENWOOD/PHINNEY RIDGE,6.0,98117.0,47.69084508,-122.35832403,Yes,No,"Sidewalk,Other (please explain in the Description)","Garbage/Loose litter,Bulky items",0.0
2022UOF-1269-2902-29489,Level 2 - Use of Force,2022-11-10 06:29:00,5708,30362,White,Female,2022,11,22-00285460,2022-11-11 17:03:09,Closed,EAST,CAPITOL HILL,3.0,98122.0,47.61775471,-122.31735129,Yes,No,Entrance to business,Garbage/Loose litter,0.0
2022UOF-1269-2902-29489,Level 2 - Use of Force,2022-11-10 06:29:00,5708,30362,White,Female,2022,11,22-00285505,2022-11-12 06:13:40,Closed,WEST,CASCADE/EASTLAKE,7.0,98109.0,47.62525762,-122.34019167,Yes,Yes,"Sidewalk,Bike lane,Recreation amenity,Construction project,Entrance to business,Entrance to residence","Garbage/Loose litter,Needles/Sharps,Hazardous materials (e.g., propane tanks),Bulky items,Human waste",1.0
2022UOF-1269-2902-29489,Level 2 - Use of Force,2022-11-10 06:29:00,5708,30362,White,Female,2022,11,22-00285513,2022-11-12 06:13:53,Closed,NORTH,GREENWOOD/PHINNEY RIDGE,5.0,98103.0,47.69711727,-122.35025685,No,No,No blockage,Human waste,1.0
2022UOF-1269-2902-29489,Level 2 - Use of Force,2022-11-10 06:29:00,5708,30362,White,Female,2022,11,22-00285658,2022-11-12 09:09:34,Closed,SOUTH,DUWAMISH/SODO,2.0,98134.0,47.58580097,-122.32310664,Yes,Yes,Other (please explain in the Description),"Garbage/Loose litter,Hazardous materials (e.g., propane tanks),Bulky items,Human waste",1.0
2022UOF-1269-2902-29489,Level 2 - Use of Force,2022-11-10 06:29:00,5708,30362,White,Female,2022,11,22-00285664,2022-11-12 09:09:46,Closed,SOUTH,DUWAMISH/SODO,2.0,98134.0,47.58580097,-122.32310664,Yes,Yes,Other (please explain in the Description),"Garbage/Loose litter,Needles/Sharps,Hazardous materials (e.g., propane tanks),Bulky items,Human waste",1.0
2022UOF-1269-2902-29489,Level 2 - Use of Force,2022-11-10 06:29:00,5708,30362,White,Female,2022,11,22-00285729,2022-11-12 11:26:38,Closed,SOUTHWEST,HIGHLAND PARK,1.0,98106.0,47.51901738,-122.3543399,Yes,Yes,Sidewalk,"Hazardous materials (e.g., propane tanks)",1.0
2022UOF-1269-2902-29489,Level 2 - Use of Force,2022-11-10 06:29:00,5708,30362,White,Female,2022,11,22-00276599,2022-11-01 06:51:00,Closed,NORTH,HALLER LAKE,5.0,98125.0,47.71666432,-122.31423444,Yes,No,"Recreation amenity,Other (please explain in the Description)","Needles/Sharps,Other (please explain in the Description)",0.0
2022UOF-1269-2902-29489,Level 2 - Use of Force,2022-11-10 06:29:00,5708,30362,White,Female,2022,11,22-00285805,2022-11-12 13:11:26,Closed,SOUTH,NORTH BEACON HILL/JEFFERSON PARK,2.0,98108.0,47.5620936,-122.30176819,Yes,No,"Recreation amenity,Other (please explain in the Description)","Garbage/Loose litter,Hazardous materials (e.g., propane tanks),Bulky items,Human waste,Other (please explain in the Description)",1.0
2022UOF-1269-2902-29489,Level 2 - Use of Force,2022-11-10 06:29:00,5708,30362,White,Female,2022,11,22-00285862,2022-11-12 14:08:49,Closed,WEST,DUWAMISH/SODO,2.0,98104.0,47.59880737,-122.33647592,Yes,Unknown,Bike lane,"Hazardous materials (e.g., propane tanks)",1.0
2022UOF-1269-2902-29489,Level 2 - Use of Force,2022-11-10 06:29:00,5708,30362,White,Female,2022,11,22-00276725,2022-11-01 08:44:18,Closed,EAST,MILLER PARK,3.0,98112.0,47.62262645,-122.31242513,Yes,No,Sidewalk,"Garbage/Loose litter,Bulky items,Other (please explain in the Description)",0.0
2022UOF-1269-2902-29489,Level 2 - Use of Force,2022-11-10 06:29:00,5708,30362,White,Female,2022,11,22-00285900,2022-11-12 15:17:21,Closed,SOUTHWEST,HIGHLAND PARK,1.0,98106.0,47.52846853,-122.34960029,Yes,Yes,"Sidewalk,Recreation amenity,Bike lane","Garbage/Loose litter,Hazardous materials (e.g., propane tanks),Bulky items",1.0
2022UOF-1269-2902-29489,Level 2 - Use of Force,2022-11-10 06:29:00,5708,30362,White,Female,2022,11,22-00276915,2022-11-01 10:41:03,Closed,SOUTH,NORTH BEACON HILL/JEFFERSON PARK,2.0,98144.0,47.57175003,-122.31173834,Unknown,No,Sidewalk,Garbage/Loose litter,0.0
2022UOF-1269-2902-29489,Level 2 - Use of Force,2022-11-10 06:29:00,5708,30362,White,Female,2022,11,22-00285976,2022-11-12 18:40:54,Closed,WEST,QUEEN ANNE,7.0,98109.0,47.63281985,-122.34305334,Yes,No,Entrance to residence,Garbage/Loose litter,1.0
2022UOF-1269-2902-29489,Level 2 - Use of Force,2022-11-10 06:29:00,5708,30362,White,Female,2022,11,22-00277199,2022-11-01 13:48:38,Closed,EAST,MILLER PARK,3.0,98112.0,47.62262645,-122.31242513,Yes,No,Sidewalk,"Garbage/Loose litter,Bulky items,Human waste",0.0
2022UOF-1269-2902-29489,Level 2 - Use of Force,2022-11-10 06:29:00,5708,30362,White,Female,2022,11,22-00277257,2022-11-01 14:37:02,Closed,NORTH,GREEN LAKE,4.0,98115.0,47.67518816,-122.32021144,Yes,No,No blockage,"Garbage/Loose litter,Needles/Sharps",0.0
2022UOF-1269-2902-29489,Level 2 - Use of Force,2022-11-10 06:29:00,5708,30362,White,Female,2022,11,22-00285990,2022-11-12 20:49:53,Closed,SOUTHWEST,RIVERVIEW,1.0,98106.0,47.54690238,-122.35531475,Yes,Yes,"Sidewalk,Bike lane","Garbage/Loose litter,Needles/Sharps,Bulky items",1.0
2022UOF-1269-2902-29489,Level 2 - Use of Force,2022-11-10 06:29:00,5708,30362,White,Female,2022,11,22-00286007,2022-11-12 22:04:27,Closed,NORTH,GREENWOOD/PHINNEY RIDGE,6.0,98117.0,47.69034198,-122.36192887,Yes,Yes,Entrance to residence,"Garbage/Loose litter,Needles/Sharps,Hazardous materials (e.g., propane tanks),Bulky items,Human waste,Other (please explain in the Description)",1.0
2022UOF-1269-2902-29489,Level 2 - Use of Force,2022-11-10 06:29:00,5708,30362,White,Female,2022,11,22-00277306,2022-11-01 15:13:18,Closed,NORTH,WHITTIER HEIGHTS,6.0,98117.0,47.68908409,-122.3752098,Yes,Yes,Sidewalk,"Garbage/Loose litter,Bulky items",0.0
2022UOF-1269-2902-29489,Level 2 - Use of Force,2022-11-10 06:29:00,5708,30362,White,Female,2022,11,22-00286009,2022-11-12 22:04:30,Closed,NORTH,WALLINGFORD,4.0,98105.0,47.65583476,-122.32502312,Yes,No,No blockage,"Garbage/Loose litter,Bulky items",1.0
2022UOF-1269-2902-29489,Level 2 - Use of Force,2022-11-10 06:29:00,5708,30362,White,Female,2022,11,22-00277328,2022-11-01 15:31:26,Closed,SOUTHWEST,HIGHLAND PARK,1.0,98108.0,47.52010883,-122.33384272,Yes,Yes,Recreation amenity,"Garbage/Loose litter,Bulky items",0.0
2022UOF-1269-2902-29489,Level 2 - Use of Force,2022-11-10 06:29:00,5708,30362,White,Female,2022,11,22-00277323,2022-11-01 15:31:27,Closed,SOUTH,MT. BAKER/NORTH RAINIER,2.0,98144.0,47.57717687,-122.28592167,Yes,No,Recreation amenity,Garbage/Loose litter,0.0
2022UOF-1269-2902-29489,Level 2 - Use of Force,2022-11-10 06:29:00,5708,30362,White,Female,2022,11,22-00286077,2022-11-13 09:05:30,Closed,SOUTH,BEACON HILL,2.0,98108.0,47.55424193,-122.31430309,Yes,Yes,Sidewalk,"Garbage/Loose litter,Hazardous materials (e.g., propane tanks),Bulky items,Human waste,Other (please explain in the Description)",1.0
2022UOF-1269-2902-29489,Level 2 - Use of Force,2022-11-10 06:29:00,5708,30362,White,Female,2022,11,22-00286117,2022-11-13 10:26:07,Closed,WEST,QUEEN ANNE,7.0,98109.0,47.64574461,-122.34815659,No,Yes,Bike lane,"Human waste,Needles/Sharps,Garbage/Loose litter,Hazardous materials (e.g., propane tanks),Bulky items",1.0
2022UOF-1269-2902-29489,Level 2 - Use of Force,2022-11-10 06:29:00,5708,30362,White,Female,2022,11,22-00286199,2022-11-13 12:31:11,Closed,SOUTHWEST,NORTH DELRIDGE,1.0,98126.0,47.57556184,-122.37104507,Yes,Yes,"Sidewalk,Recreation amenity,Bike lane","Garbage/Loose litter,Hazardous materials (e.g., propane tanks),Bulky items",1.0
2022UOF-1269-2902-29489,Level 2 - Use of Force,2022-11-10 06:29:00,5708,30362,White,Female,2022,11,22-00277407,2022-11-01 16:21:50,Closed,EAST,CASCADE/EASTLAKE,3.0,98102.0,47.6330384,-122.32286942,Yes,Yes,Other (please explain in the Description),"Garbage/Loose litter,Human waste",0.0
2022UOF-1269-2902-29489,Level 2 - Use of Force,2022-11-10 06:29:00,5708,30362,White,Female,2022,11,22-00277507,2022-11-01 17:36:29,Closed,EAST,CASCADE/EASTLAKE,3.0,98102.0,47.6330384,-122.32286942,Yes,Yes,"Sidewalk,Bike lane,Recreation amenity,Construction project,Entrance to residence","Garbage/Loose litter,Needles/Sharps,Hazardous materials (e.g., propane tanks),Bulky items,Human waste",0.0
2022UOF-1269-2902-29489,Level 2 - Use of Force,2022-11-10 06:29:00,5708,30362,White,Female,2022,11,22-00286461,2022-11-13 19:52:27,Closed,WEST,QUEEN ANNE,7.0,98109.0,47.63254713,-122.34280473,Yes,No,"Sidewalk,Recreation amenity","Human waste,Hazardous materials (e.g., propane tanks),Needles/Sharps,Garbage/Loose litter,Bulky items",1.0
2022UOF-1269-2902-29489,Level 2 - Use of Force,2022-11-10 06:29:00,5708,30362,White,Female,2022,11,22-00277564,2022-11-01 18:42:54,Closed,WEST,MONTLAKE/PORTAGE BAY,4.0,98102.0,47.64734855,-122.32342569,Yes,Yes,Recreation amenity,"Garbage/Loose litter,Needles/Sharps,Bulky items,Human waste",0.0
2022UOF-1269-2902-29489,Level 2 - Use of Force,2022-11-10 06:29:00,5708,30362,White,Female,2022,11,22-00286484,2022-11-13 21:00:59,Closed,SOUTHWEST,NORTH DELRIDGE,1.0,98106.0,47.57058294,-122.3562575,Yes,Yes,Other (please explain in the Description),"Garbage/Loose litter,Needles/Sharps,Hazardous materials (e.g., propane tanks),Bulky items,Human waste",1.0
2022UOF-1269-2902-29489,Level 2 - Use of Force,2022-11-10 06:29:00,5708,30362,White,Female,2022,11,22-00277610,2022-11-01 20:15:36,Closed,EAST,CASCADE/EASTLAKE,3.0,98102.0,47.6330384,-122.32286942,Yes,Yes,"Sidewalk,Bike lane,Recreation amenity,Entrance to residence","Garbage/Loose litter,Hazardous materials (e.g., propane tanks),Bulky items",0.0
2022UOF-1269-2902-29489,Level 2 - Use of Force,2022-11-10 06:29:00,5708,30362,White,Female,2022,11,22-00277640,2022-11-01 22:01:27,Closed,NORTH,GREENWOOD/PHINNEY RIDGE,5.0,98103.0,47.69716654,-122.3509957,Unknown,No,No blockage,Garbage/Loose litter,0.0
2022UOF-1269-2902-29489,Level 2 - Use of Force,2022-11-10 06:29:00,5708,30362,White,Female,2022,11,22-00286523,2022-11-14 05:33:47,Closed,NORTH,BALLARD,6.0,98107.0,47.65904954,-122.36594896,Unknown,No,Bike lane,"Garbage/Loose litter,Needles/Sharps,Bulky items",0.0
2022UOF-1269-2902-29489,Level 2 - Use of Force,2022-11-10 06:29:00,5708,30362,White,Female,2022,11,22-00277773,2022-11-02 08:19:08,Closed,WEST,QUEEN ANNE,7.0,98109.0,47.64834739,-122.35387992,Yes,Yes,"Sidewalk,Entrance to business","Garbage/Loose litter,Needles/Sharps,Hazardous materials (e.g., propane tanks),Bulky items,Human waste",0.0
2022UOF-1269-2902-29489,Level 2 - Use of Force,2022-11-10 06:29:00,5708,30362,White,Female,2022,11,22-00277820,2022-11-02 09:03:28,Closed,EAST,MONTLAKE/PORTAGE BAY,3.0,98112.0,47.6347794,-122.30289825,Yes,White,Other (please explain in the Description),Garbage/Loose litter,0.0
2022UOF-1269-2902-29489,Level 2 - Use of Force,2022-11-10 06:29:00,5708,30362,White,Female,2022,11,22-00277860,2022-11-02 09:23:37,Closed,SOUTH,COLUMBIA CITY,2.0,98118.0,47.56237371,-122.28800089,Yes,No,Other (please explain in the Description),"Garbage/Loose litter,Bulky items,Other (please explain in the Description)",0.0
2022UOF-1269-2902-29489,Level 2 - Use of Force,2022-11-10 06:29:00,5708,30362,White,Female,2022,11,22-00277965,2022-11-02 10:32:10,Closed,WEST,CASCADE/EASTLAKE,7.0,98109.0,47.6206667,-122.3333503,Yes,Unknown,Sidewalk,"Garbage/Loose litter,Needles/Sharps,Hazardous materials (e.g., propane tanks)",0.0
2022UOF-1269-2902-29489,Level 2 - Use of Force,2022-11-10 06:29:00,5708,30362,White,Female,2022,11,22-00278177,2022-11-02 12:51:12,Closed,NORTH,FREMONT,6.0,98107.0,47.66023161,-122.36416923,Yes,Yes,"Bike lane,Entrance to residence","Garbage/Loose litter,Needles/Sharps,Hazardous materials (e.g., propane tanks),Bulky items",0.0
2022UOF-1269-2902-29489,Level 2 - Use of Force,2022-11-10 06:29:00,5708,30362,White,Female,2022,11,22-00278183,2022-11-02 12:53:13,Closed,EAST,CENTRAL AREA/SQUIRE PARK,3.0,98122.0,47.61682346,-122.30861364,Yes,Unknown,No blockage,Garbage/Loose litter,0.0
2022UOF-1269-2902-29489,Level 2 - Use of Force,2022-11-10 06:29:00,5708,30362,White,Female,2022,11,22-00286812,2022-11-14 11:22:09,Closed,EAST,MILLER PARK,3.0,98112.0,47.62304094,-122.3124922,No,No,Sidewalk,"Garbage/Loose litter,Needles/Sharps",0.0
2022UOF-1269-2902-29489,Level 2 - Use of Force,2022-11-10 06:29:00,5708,30362,White,Female,2022,11,22-00278283,2022-11-02 13:31:32,Closed,SOUTHWEST,NORTH DELRIDGE,1.0,98126.0,47.57850645,-122.37227475,Yes,Yes,Recreation amenity,"Garbage/Loose litter,Needles/Sharps,Hazardous materials (e.g., propane tanks),Bulky items,Human waste",0.0
2022UOF-1269-2902-29489,Level 2 - Use of Force,2022-11-10 06:29:00,5708,30362,White,Female,2022,11,22-00286836,2022-11-14 11:46:38,Closed,NORTH,FREMONT,4.0,98103.0,47.64670087,-122.33368688,Yes,No,"Recreation amenity,Construction project","Garbage/Loose litter,Human waste",0.0
2022UOF-1269-2902-29489,Level 2 - Use of Force,2022-11-10 06:29:00,5708,30362,White,Female,2022,11,22-00278372,2022-11-02 14:19:56,Closed,NORTH,CEDAR PARK/MEADOWBROOK,5.0,98125.0,47.72746494,-122.29119317,Unknown,Yes,No blockage,"Garbage/Loose litter,Bulky items",0.0
2022UOF-1269-2902-29489,Level 2 - Use of Force,2022-11-10 06:29:00,5708,30362,White,Female,2022,11,22-00287300,2022-11-14 18:31:46,Closed,SOUTH,MT. BAKER/NORTH RAINIER,3.0,98144.0,47.58316007,-122.30053368,Yes,White,Sidewalk,Bulky items,0.0
2022UOF-1269-2902-29489,Level 2 - Use of Force,2022-11-10 06:29:00,5708,30362,White,Female,2022,11,22-00278612,2022-11-02 16:47:00,Closed,SOUTHWEST,ROXHILL/WESTWOOD,1.0,98126.0,47.52680892,-122.3715457,Yes,Yes,"Sidewalk,Recreation amenity",Bulky items,0.0
2022UOF-1269-2902-29489,Level 2 - Use of Force,2022-11-10 06:29:00,5708,30362,White,Female,2022,11,22-00287336,2022-11-14 20:10:29,Closed,EAST,CENTRAL AREA/SQUIRE PARK,3.0,98122.0,47.60918771,-122.30177153,Yes,No,"Sidewalk,Entrance to residence",Garbage/Loose litter,0.0
2022UOF-1269-2902-29489,Level 2 - Use of Force,2022-11-10 06:29:00,5708,30362,White,Female,2022,11,22-00287376,2022-11-14 23:42:06,Closed,SOUTHWEST,NORTH DELRIDGE,1.0,98126.0,47.55392142,-122.36971078,Yes,Yes,No blockage,Garbage/Loose litter,0.0
2022UOF-1269-2902-29489,Level 2 - Use of Force,2022-11-10 06:29:00,5708,30362,White,Female,2022,11,22-00278753,2022-11-02 18:51:58,Closed,SOUTH,BEACON HILL,2.0,98118.0,47.54690664,-122.28800162,Yes,No,No blockage,"Garbage/Loose litter,Bulky items",0.0
2022UOF-1269-2902-29489,Level 2 - Use of Force,2022-11-10 06:29:00,5708,30362,White,Female,2022,11,22-00278798,2022-11-02 21:15:03,Closed,NORTH,BALLARD,6.0,98107.0,47.66113678,-122.37319698,Yes,Yes,No blockage,"Garbage/Loose litter,Needles/Sharps,Bulky items,Human waste",0.0
2022UOF-1269-2902-29489,Level 2 - Use of Force,2022-11-10 06:29:00,5708,30362,White,Female,2022,11,22-00278946,2022-11-03 08:24:58,Closed,SOUTHWEST,SOUTH PARK,1.0,98108.0,47.53141068,-122.33193793,Yes,Yes,Other (please explain in the Description),Garbage/Loose litter,0.0
2022UOF-1269-2902-29489,Level 2 - Use of Force,2022-11-10 06:29:00,5708,30362,White,Female,2022,11,22-00287656,2022-11-15 10:49:12,Closed,NORTH,WALLINGFORD,4.0,98103.0,47.65929841,-122.33772655,Unknown,Yes,Recreation amenity,"Garbage/Loose litter,Hazardous materials (e.g., propane tanks)",0.0
2022UOF-1269-2902-29489,Level 2 - Use of Force,2022-11-10 06:29:00,5708,30362,White,Female,2022,11,22-00287748,2022-11-15 11:51:40,Closed,NORTH,BALLARD,6.0,98107.0,47.65904954,-122.36594896,Yes,No,No blockage,"Garbage/Loose litter,Needles/Sharps",0.0
2022UOF-1269-2902-29489,Level 2 - Use of Force,2022-11-10 06:29:00,5708,30362,White,Female,2022,11,22-00288029,2022-11-15 15:35:23,Closed,WEST,PIONEER SQUARE/INTERNATIONAL DISTRICT,7.0,98104.0,47.60121323,-122.33517866,Yes,Unknown,Sidewalk,Garbage/Loose litter,0.0
2022UOF-1269-2902-29489,Level 2 - Use of Force,2022-11-10 06:29:00,5708,30362,White,Female,2022,11,22-00288142,2022-11-15 17:10:06,Closed,NORTH,BALLARD,6.0,98107.0,47.65904954,-122.36594896,Yes,No,Sidewalk,"Garbage/Loose litter,Needles/Sharps,Hazardous materials (e.g., propane tanks),Bulky items",0.0
2022UOF-1269-2902-29489,Level 2 - Use of Force,2022-11-10 06:29:00,5708,30362,White,Female,2022,11,22-00279043,2022-11-03 09:24:41,Closed,SOUTHWEST,RIVERVIEW,1.0,98106.0,47.555044,-122.3639111,Yes,Yes,"Sidewalk,Recreation amenity","Garbage/Loose litter,Bulky items",0.0
2022UOF-1269-2902-29489,Level 2 - Use of Force,2022-11-10 06:29:00,5708,30362,White,Female,2022,11,22-00288208,2022-11-15 19:19:07,Closed,EAST,CASCADE/EASTLAKE,3.0,98102.0,47.63299882,-122.32291275,Yes,Yes,Sidewalk,"Hazardous materials (e.g., propane tanks),Garbage/Loose litter,Bulky items,Human waste",0.0
2022UOF-1269-2902-29489,Level 2 - Use of Force,2022-11-10 06:29:00,5708,30362,White,Female,2022,11,22-00288224,2022-11-15 20:19:33,Closed,SOUTHWEST,HIGH POINT,1.0,98126.0,47.54273076,-122.37440483,Unknown,No,"Entrance to residence,Sidewalk",Bulky items,0.0
2022UOF-1269-2902-29489,Level 2 - Use of Force,2022-11-10 06:29:00,5708,30362,White,Female,2022,11,22-00279078,2022-11-03 09:44:49,Closed,WEST,CASCADE/EASTLAKE,7.0,98109.0,47.62529407,-122.34087697,Yes,No,"Sidewalk,Bike lane,Construction project","Garbage/Loose litter,Needles/Sharps,Hazardous materials (e.g., propane tanks),Bulky items,Human waste",0.0
2022UOF-1269-2902-29489,Level 2 - Use of Force,2022-11-10 06:29:00,5708,30362,White,Female,2022,11,22-00288249,2022-11-15 22:08:25,Closed,SOUTHWEST,HIGHLAND PARK,1.0,98108.0,47.51645412,-122.33336912,Yes,Yes,No blockage,"Garbage/Loose litter,Needles/Sharps,Hazardous materials (e.g., propane tanks),Bulky items,Human waste",0.0
2022UOF-1269-2902-29489,Level 2 - Use of Force,2022-11-10 06:29:00,5708,30362,White,Female,2022,11,22-00279221,2022-11-03 11:15:29,Closed,NORTH,HALLER LAKE,5.0,98133.0,47.71249094,-122.34187689,Yes,No,Other (please explain in the Description),"Garbage/Loose litter,Needles/Sharps,Hazardous materials (e.g., propane tanks),Human waste",0.0
2022UOF-1269-2902-29489,Level 2 - Use of Force,2022-11-10 06:29:00,5708,30362,White,Female,2022,11,22-00288267,2022-11-15 23:41:12,Closed,SOUTHWEST,NORTH DELRIDGE,1.0,98126.0,47.58507917,-122.37629174,Yes,Unknown,No blockage,Garbage/Loose litter,0.0
2022UOF-1269-2902-29489,Level 2 - Use of Force,2022-11-10 06:29:00,5708,30362,White,Female,2022,11,22-00279921,2022-11-04 09:55:52,Closed,NORTH,FREMONT,6.0,98107.0,47.66310641,-122.36558648,Yes,Yes,Sidewalk,Garbage/Loose litter,0.0
2022UOF-1269-2902-29489,Level 2 - Use of Force,2022-11-10 06:29:00,5708,30362,White,Female,2022,11,22-00288424,2022-11-16 09:29:15,Closed,NORTH,FREMONT,6.0,98107.0,47.66312572,-122.36423589,Yes,Yes,Sidewalk,"Garbage/Loose litter,Hazardous materials (e.g., propane tanks),Bulky items,Human waste",0.0
2022UOF-1269-2902-29489,Level 2 - Use of Force,2022-11-10 06:29:00,5708,30362,White,Female,2022,11,22-00279964,2022-11-04 10:18:02,Closed,NORTH,HALLER LAKE,5.0,98133.0,47.72644043,-122.34337825,Yes,Yes,Sidewalk,"Needles/Sharps,Garbage/Loose litter,Hazardous materials (e.g., propane tanks),Bulky items,Human waste",0.0
2022UOF-1269-2902-29489,Level 2 - Use of Force,2022-11-10 06:29:00,5708,30362,White,Female,2022,11,22-00288448,2022-11-16 09:45:13,Closed,WEST,CASCADE/EASTLAKE,7.0,98109.0,47.62382086,-122.34407433,Unknown,No,Sidewalk,"Garbage/Loose litter,Bulky items",0.0
2022UOF-1269-2902-29489,Level 2 - Use of Force,2022-11-10 06:29:00,5708,30362,White,Female,2022,11,22-00280099,2022-11-04 12:09:02,Closed,NORTH,BROADVIEW/BITTER LAKE,5.0,98133.0,47.71785336,-122.34856738,No,No,"Recreation amenity,Other (please explain in the Description)","Garbage/Loose litter,Other (please explain in the Description)",0.0
2022UOF-1269-2902-29489,Level 2 - Use of Force,2022-11-10 06:29:00,5708,30362,White,Female,2022,11,22-00280197,2022-11-04 13:35:37,Closed,NORTH,BROADVIEW/BITTER LAKE,5.0,98133.0,47.71887998,-122.34927427,Yes,No,Recreation amenity,"Garbage/Loose litter,Needles/Sharps",0.0
2022UOF-1269-2902-29489,Level 2 - Use of Force,2022-11-10 06:29:00,5708,30362,White,Female,2022,11,22-00288496,2022-11-16 10:27:39,Closed,WEST,PIONEER SQUARE/INTERNATIONAL DISTRICT,7.0,98104.0,47.59998283,-122.33327273,Yes,No,Recreation amenity,"Garbage/Loose litter,Human waste,Bulky items",0.0
2022UOF-1269-2902-29489,Level 2 - Use of Force,2022-11-10 06:29:00,5708,30362,White,Female,2022,11,22-00280339,2022-11-04 15:37:29,Closed,NORTH,LAURELHURST/SAND POINT,4.0,98115.0,47.68888727,-122.26611241,Yes,Yes,"Entrance to business,Other (please explain in the Description)","Garbage/Loose litter,Hazardous materials (e.g., propane tanks),Human waste",0.0
2022UOF-1269-2902-29489,Level 2 - Use of Force,2022-11-10 06:29:00,5708,30362,White,Female,2022,11,22-00288609,2022-11-16 11:36:04,Closed,NORTH,WALLINGFORD,4.0,98105.0,47.66443952,-122.31971327,Unknown,No,Recreation amenity,Garbage/Loose litter,0.0
2022UOF-1269-2902-29489,Level 2 - Use of Force,2022-11-10 06:29:00,5708,30362,White,Female,2022,11,22-00280575,2022-11-05 08:03:01,Closed,WEST,CASCADE/EASTLAKE,4.0,98102.0,47.63646945,-122.32553776,Yes,No,Sidewalk,Garbage/Loose litter,1.0
2022UOF-1269-2902-29489,Level 2 - Use of Force,2022-11-10 06:29:00,5708,30362,White,Female,2022,11,22-00288750,2022-11-16 13:22:22,Closed,NORTH,GREENWOOD/PHINNEY RIDGE,6.0,98117.0,47.69048194,-122.3619151,Yes,Yes,Other (please explain in the Description),"Garbage/Loose litter,Hazardous materials (e.g., propane tanks)",0.0
2022UOF-1269-2902-29489,Level 2 - Use of Force,2022-11-10 06:29:00,5708,30362,White,Female,2022,11,22-00280600,2022-11-05 08:55:25,Closed,NORTH,WHITTIER HEIGHTS,6.0,98117.0,47.68994468,-122.3752917,Yes,No,"Sidewalk,Other (please explain in the Description)","Garbage/Loose litter,Bulky items,Hazardous materials (e.g., propane tanks)",1.0
2022UOF-1269-2902-29489,Level 2 - Use of Force,2022-11-10 06:29:00,5708,30362,White,Female,2022,11,22-00288779,2022-11-16 13:48:30,Closed,NORTH,GREEN LAKE,6.0,98115.0,47.67901631,-122.32630034,Unknown,No,No blockage,Garbage/Loose litter,0.0
2022UOF-1269-2902-29489,Level 2 - Use of Force,2022-11-10 06:29:00,5708,30362,White,Female,2022,11,22-00280895,2022-11-05 15:36:29,Closed,NORTH,UNIVERSITY DISTRICT,4.0,98105.0,47.67136304,-122.31368404,Unknown,No,Recreation amenity,Bulky items,1.0
2022UOF-1269-2902-29489,Level 2 - Use of Force,2022-11-10 06:29:00,5708,30362,White,Female,2022,11,22-00288785,2022-11-16 13:54:33,Closed,NORTH,BALLARD,6.0,98107.0,47.66351291,-122.38012467,Unknown,Yes,"Sidewalk,Bike lane","Garbage/Loose litter,Hazardous materials (e.g., propane tanks),Bulky items",0.0
2022UOF-1269-2902-29489,Level 2 - Use of Force,2022-11-10 06:29:00,5708,30362,White,Female,2022,11,22-00280899,2022-11-05 15:40:30,Closed,NORTH,FREMONT,4.0,98103.0,47.64670087,-122.33368688,Yes,No,"Construction project,Recreation amenity","Garbage/Loose litter,Bulky items,Human waste",1.0
2022UOF-1269-2902-29489,Level 2 - Use of Force,2022-11-10 06:29:00,5708,30362,White,Female,2022,11,22-00280949,2022-11-05 16:53:05,Closed,NORTH,HALLER LAKE,5.0,98125.0,47.72064625,-122.3261515,Yes,Yes,"Sidewalk,Recreation amenity,Other (please explain in the Description)","Garbage/Loose litter,Needles/Sharps,Hazardous materials (e.g., propane tanks),Bulky items,Human waste",1.0
2022UOF-1269-2902-29489,Level 2 - Use of Force,2022-11-10 06:29:00,5708,30362,White,Female,2022,11,22-00288942,2022-11-16 16:01:29,Closed,WEST,QUEEN ANNE,7.0,98109.0,47.62551579,-122.34063597,Yes,No,"Sidewalk,Bike lane,Construction project","Garbage/Loose litter,Needles/Sharps,Hazardous materials (e.g., propane tanks),Bulky items,Human waste",0.0
2022UOF-1269-2902-29489,Level 2 - Use of Force,2022-11-10 06:29:00,5708,30362,White,Female,2022,11,22-00280978,2022-11-05 17:41:26,Closed,NORTH,BALLARD,6.0,98107.0,47.66084156,-122.3748996,Yes,Yes,"Sidewalk,Bike lane,Recreation amenity,Construction project,Entrance to business,Entrance to residence","Garbage/Loose litter,Needles/Sharps,Hazardous materials (e.g., propane tanks),Bulky items,Human waste",1.0
2022UOF-1269-2902-29489,Level 2 - Use of Force,2022-11-10 06:29:00,5708,30362,White,Female,2022,11,22-00288946,2022-11-16 16:03:39,Closed,NORTH,BROADVIEW/BITTER LAKE,5.0,98133.0,47.72160047,-122.34761282,Yes,Yes,"Sidewalk,Other (please explain in the Description)","Garbage/Loose litter,Hazardous materials (e.g., propane tanks),Bulky items",0.0
2022UOF-1269-2902-29489,Level 2 - Use of Force,2022-11-10 06:29:00,5708,30362,White,Female,2022,11,22-00281004,2022-11-05 19:44:22,Closed,EAST,CENTRAL AREA/SQUIRE PARK,3.0,98122.0,47.60770683,-122.29655899,Yes,Yes,Recreation amenity,"Human waste,Bulky items,Hazardous materials (e.g., propane tanks),Needles/Sharps,Garbage/Loose litter",1.0
2022UOF-1269-2902-29489,Level 2 - Use of Force,2022-11-10 06:29:00,5708,30362,White,Female,2022,11,22-00288991,2022-11-16 16:45:50,Closed,NORTH,CEDAR PARK/MEADOWBROOK,5.0,98125.0,47.72081678,-122.29194729,Yes,Unknown,Sidewalk,Other (please explain in the Description),0.0
2022UOF-1269-2902-29489,Level 2 - Use of Force,2022-11-10 06:29:00,5708,30362,White,Female,2022,11,22-00281010,2022-11-05 20:00:30,Closed,NORTH,BROADVIEW/BITTER LAKE,5.0,98133.0,47.71949977,-122.34846292,Yes,Yes,No blockage,Needles/Sharps,1.0
2022UOF-1269-2902-29489,Level 2 - Use of Force,2022-11-10 06:29:00,5708,30362,White,Female,2022,11,22-00288993,2022-11-16 16:45:52,Closed,SOUTH,SOUTH BEACON HILL/NEWHOLLY,2.0,98118.0,47.5272836,-122.28072122,Yes,Yes,Other (please explain in the Description),Garbage/Loose litter,0.0
2022UOF-1269-2902-29489,Level 2 - Use of Force,2022-11-10 06:29:00,5708,30362,White,Female,2022,11,22-00281092,2022-11-06 08:44:19,Closed,SOUTHWEST,NORTH DELRIDGE,1.0,98126.0,47.57669786,-122.37175963,Yes,Yes,"Sidewalk,Bike lane","Hazardous materials (e.g., propane tanks),Garbage/Loose litter,Bulky items",1.0
2022UOF-1269-2902-29489,Level 2 - Use of Force,2022-11-10 06:29:00,5708,30362,White,Female,2022,11,22-00289121,2022-11-16 21:49:22,Closed,NORTH,RAVENNA/BRYANT,4.0,98115.0,47.67607739,-122.30560157,Yes,No,"Other (please explain in the Description),Sidewalk,Entrance to residence",Garbage/Loose litter,0.0
2022UOF-1269-2902-29489,Level 2 - Use of Force,2022-11-10 06:29:00,5708,30362,White,Female,2022,11,22-00281099,2022-11-06 09:06:29,Closed,EAST,CAPITOL HILL,3.0,98122.0,47.61775471,-122.31735129,Yes,No,Sidewalk,Garbage/Loose litter,1.0
2022UOF-1269-2902-29489,Level 2 - Use of Force,2022-11-10 06:29:00,5708,30362,White,Female,2022,11,22-00289256,2022-11-17 07:57:23,Closed,SOUTHWEST,HIGHLAND PARK,1.0,98106.0,47.52846853,-122.34960029,Unknown,Yes,No blockage,Garbage/Loose litter,0.0
2022UOF-1269-2902-29489,Level 2 - Use of Force,2022-11-10 06:29:00,5708,30362,White,Female,2022,11,22-00289322,2022-11-17 08:49:47,Closed,SOUTH,GEORGETOWN,2.0,98108.0,47.55430153,-122.33031836,Yes,No,Other (please explain in the Description),"Hazardous materials (e.g., propane tanks),Human waste,Garbage/Loose litter,Bulky items",0.0
2022UOF-1269-2902-29489,Level 2 - Use of Force,2022-11-10 06:29:00,5708,30362,White,Female,2022,11,22-00281238,2022-11-06 12:11:54,Closed,NORTH,GREENWOOD/PHINNEY RIDGE,6.0,98117.0,47.69084508,-122.35832403,No,No,"Sidewalk,Recreation amenity","Garbage/Loose litter,Bulky items",1.0
2022UOF-1269-2902-29489,Level 2 - Use of Force,2022-11-10 06:29:00,5708,30362,White,Female,2022,11,22-00289348,2022-11-17 09:18:06,Closed,WEST,CASCADE/EASTLAKE,7.0,98109.0,47.61842339,-122.35075119,Unknown,No,"Sidewalk,Recreation amenity","Garbage/Loose litter,Bulky items",0.0
2022UOF-1269-2902-29489,Level 2 - Use of Force,2022-11-10 06:29:00,5708,30362,White,Female,2022,11,22-00281306,2022-11-06 13:58:45,Closed,EAST,CAPITOL HILL,3.0,98112.0,47.62254308,-122.31295992,Yes,No,Sidewalk,Garbage/Loose litter,1.0
2022UOF-1269-2902-29489,Level 2 - Use of Force,2022-11-10 06:29:00,5708,30362,White,Female,2022,11,22-00289526,2022-11-17 11:39:21,Closed,WEST,CASCADE/EASTLAKE,4.0,98102.0,47.6324583,-122.32657841,Yes,Yes,Other (please explain in the Description),"Garbage/Loose litter,Hazardous materials (e.g., propane tanks),Bulky items,Human waste,Other (please explain in the Description)",0.0
2022UOF-1269-2902-29489,Level 2 - Use of Force,2022-11-10 06:29:00,5708,30362,White,Female,2022,11,22-00281309,2022-11-06 14:04:47,Closed,WEST,QUEEN ANNE,7.0,98109.0,47.64495968,-122.34730008,Yes,No,No blockage,"Garbage/Loose litter,Bulky items",1.0
2022UOF-1269-2902-29489,Level 2 - Use of Force,2022-11-10 06:29:00,5708,30362,White,Female,2022,11,22-00289936,2022-11-17 16:44:08,Closed,EAST,MADRONA/LESCHI,3.0,98144.0,47.59552527,-122.29462726,Yes,Yes,Construction project,"Hazardous materials (e.g., propane tanks)",0.0
2022UOF-1269-2902-29489,Level 2 - Use of Force,2022-11-10 06:29:00,5708,30362,White,Female,2022,11,22-00289976,2022-11-17 18:20:51,Closed,EAST,CAPITOL HILL,3.0,98122.0,47.61775471,-122.31735129,Unknown,Unknown,Sidewalk,Garbage/Loose litter,0.0
2022UOF-1269-2902-29489,Level 2 - Use of Force,2022-11-10 06:29:00,5708,30362,White,Female,2022,11,22-00281431,2022-11-06 17:38:25,Closed,EAST,CAPITOL HILL,3.0,98122.0,47.61775471,-122.31735129,Yes,Unknown,No blockage,Needles/Sharps,1.0
2022UOF-1269-2902-29489,Level 2 - Use of Force,2022-11-10 06:29:00,5708,30362,White,Female,2022,11,22-00289983,2022-11-17 18:45:05,Closed,SOUTHWEST,HIGH POINT,1.0,98126.0,47.54264758,-122.37485528,Unknown,No,Recreation amenity,"Human waste,Needles/Sharps,Garbage/Loose litter",0.0
2022UOF-1269-2902-29489,Level 2 - Use of Force,2022-11-10 06:29:00,5708,30362,White,Female,2022,11,22-00281473,2022-11-06 19:17:09,Closed,SOUTHWEST,RIVERVIEW,1.0,98106.0,47.55387425,-122.3645947,Unknown,Yes,Sidewalk,Garbage/Loose litter,1.0
2022UOF-1269-2902-29489,Level 2 - Use of Force,2022-11-10 06:29:00,5708,30362,White,Female,2022,11,22-00289992,2022-11-17 19:07:13,Closed,NORTH,NORTH BEACH/BLUE RIDGE,6.0,98117.0,47.69987171,-122.36622724,Yes,Yes,Other (please explain in the Description),"Bulky items,Hazardous materials (e.g., propane tanks),Garbage/Loose litter",0.0
2022UOF-1269-2902-29489,Level 2 - Use of Force,2022-11-10 06:29:00,5708,30362,White,Female,2022,11,22-00290177,2022-11-18 08:52:42,Closed,EAST,JUDKINS PARK,3.0,98144.0,47.60052669,-122.31137233,Yes,No,Sidewalk,Garbage/Loose litter,0.0
2022UOF-1269-2902-29489,Level 2 - Use of Force,2022-11-10 06:29:00,5708,30362,White,Female,2022,11,22-00281585,2022-11-07 07:40:47,Closed,NORTH,BALLARD,6.0,98107.0,47.66384617,-122.37015787,Unknown,Yellow,No blockage,"Garbage/Loose litter,Hazardous materials (e.g., propane tanks)",0.0
2022UOF-1269-2902-29489,Level 2 - Use of Force,2022-11-10 06:29:00,5708,30362,White,Female,2022,11,22-00281732,2022-11-07 09:27:36,Closed,NORTH,BALLARD,6.0,98107.0,47.66384617,-122.37015787,Yes,Yes,"Entrance to business,Sidewalk","Garbage/Loose litter,Hazardous materials (e.g., propane tanks),Bulky items",0.0
2022UOF-1269-2902-29489,Level 2 - Use of Force,2022-11-10 06:29:00,5708,30362,White,Female,2022,11,22-00290245,2022-11-18 09:39:08,Closed,NORTH,BALLARD,6.0,98107.0,47.66276676,-122.37301837,Yes,Yes,"Sidewalk,Bike lane,Entrance to business,Other (please explain in the Description)","Garbage/Loose litter,Needles/Sharps,Hazardous materials (e.g., propane tanks),Bulky items,Human waste,Other (please explain in the Description)",0.0
2022UOF-1269-2902-29489,Level 2 - Use of Force,2022-11-10 06:29:00,5708,30362,White,Female,2022,11,22-00290265,2022-11-18 09:57:16,Closed,NORTH,BALLARD,6.0,98107.0,47.66249037,-122.37023062,Unknown,Yes,No blockage,"Garbage/Loose litter,Needles/Sharps,Hazardous materials (e.g., propane tanks),Bulky items,Human waste",0.0
2022UOF-1269-2902-29489,Level 2 - Use of Force,2022-11-10 06:29:00,5708,30362,White,Female,2022,11,22-00281914,2022-11-07 11:20:34,Closed,SOUTHWEST,SOUTH PARK,1.0,98108.0,47.52747987,-122.31574814,Yes,No,"Recreation amenity,Construction project,No blockage,Other (please explain in the Description)","Garbage/Loose litter,Needles/Sharps,Hazardous materials (e.g., propane tanks),Bulky items,Human waste",0.0
2022UOF-1269-2902-29489,Level 2 - Use of Force,2022-11-10 06:29:00,5708,30362,White,Female,2022,11,22-00281915,2022-11-07 11:20:36,Closed,NORTH,BALLARD,6.0,98107.0,47.66340906,-122.3684026,No,Yes,Construction project,"Garbage/Loose litter,Bulky items",0.0
2022UOF-1269-2902-29489,Level 2 - Use of Force,2022-11-10 06:29:00,5708,30362,White,Female,2022,11,22-00290312,2022-11-18 10:43:43,Closed,SOUTHWEST,HIGH POINT,1.0,98126.0,47.54264758,-122.37485528,Unknown,Unknown,Recreation amenity,Garbage/Loose litter,0.0
2022UOF-1269-2902-29489,Level 2 - Use of Force,2022-11-10 06:29:00,5708,30362,White,Female,2022,11,22-00282058,2022-11-07 13:19:22,Closed,NORTH,GREEN LAKE,6.0,98103.0,47.68212962,-122.33982902,Yes,No,"Other (please explain in the Description),No blockage",Garbage/Loose litter,0.0
2022UOF-1269-2902-29489,Level 2 - Use of Force,2022-11-10 06:29:00,5708,30362,White,Female,2022,11,22-00282070,2022-11-07 13:32:41,Closed,NORTH,GREEN LAKE,6.0,98103.0,47.68212962,-122.33982902,Yes,No,"Other (please explain in the Description),No blockage",Garbage/Loose litter,0.0
2022UOF-1269-2902-29489,Level 2 - Use of Force,2022-11-10 06:29:00,5708,30362,White,Female,2022,11,22-00290560,2022-11-18 14:23:49,Closed,NORTH,BALLARD,6.0,98107.0,47.66559906,-122.37928328,No,No,Sidewalk,Other (please explain in the Description),0.0
2022UOF-1269-2902-29489,Level 2 - Use of Force,2022-11-10 06:29:00,5708,30362,White,Female,2022,11,22-00282200,2022-11-07 15:42:28,Closed,WEST,DUWAMISH/SODO,2.0,98134.0,47.59571727,-122.32387284,Yes,No,Sidewalk,Garbage/Loose litter,0.0
2022UOF-1269-2902-29489,Level 2 - Use of Force,2022-11-10 06:29:00,5708,30362,White,Female,2022,11,22-00282246,2022-11-07 16:22:47,Closed,NORTH,FREMONT,6.0,98107.0,47.66023161,-122.36416923,Yes,Yes,Sidewalk,"Hazardous materials (e.g., propane tanks)",0.0
2022UOF-1269-2902-29489,Level 2 - Use of Force,2022-11-10 06:29:00,5708,30362,White,Female,2022,11,22-00282263,2022-11-07 16:36:53,Closed,SOUTH,SOUTH BEACON HILL/NEWHOLLY,2.0,98118.0,47.5272836,-122.28072122,Yes,Yes,"Sidewalk,Recreation amenity","Garbage/Loose litter,Hazardous materials (e.g., propane tanks),Bulky items,Human waste,Other (please explain in the Description)",0.0
2022UOF-1269-2902-29489,Level 2 - Use of Force,2022-11-10 06:29:00,5708,30362,White,Female,2022,11,22-00290682,2022-11-18 16:00:31,Closed,WEST,CASCADE/EASTLAKE,4.0,98102.0,47.6324583,-122.32657841,Yes,Yes,No blockage,"Garbage/Loose litter,Needles/Sharps,Hazardous materials (e.g., propane tanks),Bulky items,Human waste",0.0
2022UOF-1269-2902-29489,Level 2 - Use of Force,2022-11-10 06:29:00,5708,30362,White,Female,2022,11,22-00282301,2022-11-07 17:21:14,Closed,SOUTH,BEACON HILL,2.0,98108.0,47.55424193,-122.31430309,Yes,Yes,No blockage,Garbage/Loose litter,0.0
2022UOF-1269-2902-29489,Level 2 - Use of Force,2022-11-10 06:29:00,5708,30362,White,Female,2022,11,22-00291028,2022-11-19 13:00:23,Closed,NORTH,RAVENNA/BRYANT,4.0,98115.0,47.67231279,-122.30304002,No,No,No blockage,Garbage/Loose litter,1.0
2022UOF-1269-2902-29489,Level 2 - Use of Force,2022-11-10 06:29:00,5708,30362,White,Female,2022,11,22-00282437,2022-11-07 22:01:23,Closed,NORTH,FREMONT,6.0,98107.0,47.65987658,-122.36429726,Yes,Yes,Sidewalk,"Hazardous materials (e.g., propane tanks),Needles/Sharps,Garbage/Loose litter,Bulky items,Human waste",0.0
2022UOF-1269-2902-29489,Level 2 - Use of Force,2022-11-10 06:29:00,5708,30362,White,Female,2022,11,22-00282442,2022-11-07 22:35:38,Closed,EAST,CASCADE/EASTLAKE,3.0,98102.0,47.63239348,-122.32256066,Yes,Yes,Sidewalk,"Garbage/Loose litter,Bulky items",0.0
2022UOF-1269-2902-29489,Level 2 - Use of Force,2022-11-10 06:29:00,5708,30362,White,Female,2022,11,22-00282468,2022-11-08 06:01:03,Closed,NORTH,BALLARD,6.0,98107.0,47.6639338,-122.37031958,Yes,Yellow,No blockage,"Garbage/Loose litter,Hazardous materials (e.g., propane tanks),Bulky items",0.0
2022UOF-1269-2902-29489,Level 2 - Use of Force,2022-11-10 06:29:00,5708,30362,White,Female,2022,11,22-00282607,2022-11-08 09:02:27,Closed,SOUTHWEST,HIGH POINT,1.0,98106.0,47.55026323,-122.36402312,Yes,Yes,Other (please explain in the Description),Garbage/Loose litter,0.0
2022UOF-1269-2902-29489,Level 2 - Use of Force,2022-11-10 06:29:00,5708,30362,White,Female,2022,11,22-00291150,2022-11-19 17:34:41,Closed,NORTH,WHITTIER HEIGHTS,6.0,98117.0,47.68848617,-122.36640146,Yes,White,Sidewalk,"Garbage/Loose litter,Bulky items",1.0
2022UOF-1269-2902-29489,Level 2 - Use of Force,2022-11-10 06:29:00,5708,30362,White,Female,2022,11,22-00291166,2022-11-19 18:49:20,Closed,NORTH,HALLER LAKE,5.0,98133.0,47.72222148,-122.34218162,Yes,Yes,Sidewalk,"Hazardous materials (e.g., propane tanks),Needles/Sharps,Garbage/Loose litter,Bulky items",1.0
2022UOF-1269-2902-29489,Level 2 - Use of Force,2022-11-10 06:29:00,5708,30362,White,Female,2022,11,22-00282614,2022-11-08 09:04:39,Closed,SOUTHWEST,NORTH DELRIDGE,1.0,98126.0,47.55392142,-122.36971078,Yes,Yes,Recreation amenity,"Hazardous materials (e.g., propane tanks),Needles/Sharps,Human waste,Garbage/Loose litter",0.0
2022UOF-1269-2902-29489,Level 2 - Use of Force,2022-11-10 06:29:00,5708,30362,White,Female,2022,11,22-00291239,2022-11-20 09:03:58,Closed,NORTH,BALLARD,6.0,98107.0,47.66559906,-122.37928328,Yes,No,Sidewalk,Garbage/Loose litter,1.0
2022UOF-1269-2902-29489,Level 2 - Use of Force,2022-11-10 06:29:00,5708,30362,White,Female,2022,11,22-00282788,2022-11-08 10:53:39,Closed,EAST,FIRST HILL,7.0,98101.0,47.6109551,-122.3306163,Yes,Yes,Other (please explain in the Description),Other (please explain in the Description),0.0
2022UOF-1269-2902-29489,Level 2 - Use of Force,2022-11-10 06:29:00,5708,30362,White,Female,2022,11,22-00282857,2022-11-08 11:46:03,Closed,SOUTHWEST,HIGH POINT,1.0,98126.0,47.55361346,-122.36606709,Yes,White,Recreation amenity,"Garbage/Loose litter,Bulky items",0.0
2022UOF-1269-2902-29489,Level 2 - Use of Force,2022-11-10 06:29:00,5708,30362,White,Female,2022,11,22-00291340,2022-11-20 12:19:59,Closed,EAST,CAPITOL HILL,3.0,98102.0,47.62100685,-122.32584622,Yes,Yes,"Recreation amenity,Entrance to residence","Garbage/Loose litter,Needles/Sharps,Hazardous materials (e.g., propane tanks),Bulky items,Human waste",1.0
2022UOF-1269-2902-29489,Level 2 - Use of Force,2022-11-10 06:29:00,5708,30362,White,Female,2022,11,22-00282870,2022-11-08 11:54:45,Closed,WEST,CASCADE/EASTLAKE,7.0,98109.0,47.6206667,-122.3333503,Unknown,Unknown,"Sidewalk,Entrance to business,Entrance to residence","Garbage/Loose litter,Bulky items",0.0
2022UOF-1269-2902-29489,Level 2 - Use of Force,2022-11-10 06:29:00,5708,30362,White,Female,2022,11,22-00282918,2022-11-08 12:43:12,Closed,NORTH,BALLARD,6.0,98107.0,47.66384617,-122.37015787,Yes,Yellow,"Bike lane,Sidewalk","Garbage/Loose litter,Hazardous materials (e.g., propane tanks),Bulky items",0.0
2022UOF-1269-2902-29489,Level 2 - Use of Force,2022-11-10 06:29:00,5708,30362,White,Female,2022,11,22-00283176,2022-11-08 14:54:11,Closed,NORTH,BALLARD,6.0,98107.0,47.66395556,-122.37928076,Yes,Yes,Sidewalk,"Garbage/Loose litter,Bulky items",0.0
2022UOF-1269-2902-29489,Level 2 - Use of Force,2022-11-10 06:29:00,5708,30362,White,Female,2022,11,22-00291456,2022-11-20 16:11:49,Closed,NORTH,BALLARD,6.0,98107.0,47.66762547,-122.3710008,Unknown,No,No blockage,Garbage/Loose litter,1.0
2022UOF-1269-2902-29489,Level 2 - Use of Force,2022-11-10 06:29:00,5708,30362,White,Female,2022,11,22-00283497,2022-11-09 07:51:56,Closed,SOUTH,GEORGETOWN,2.0,98108.0,47.5485333,-122.31939293,Unknown,No,No blockage,"Garbage/Loose litter,Needles/Sharps,Bulky items",0.0
2022UOF-1269-2902-29489,Level 2 - Use of Force,2022-11-10 06:29:00,5708,30362,White,Female,2022,11,22-00291477,2022-11-20 17:26:36,Closed,SOUTHWEST,RIVERVIEW,1.0,98106.0,47.54021663,-122.34394879,Unknown,Yes,Recreation amenity,Garbage/Loose litter,1.0
2022UOF-1269-2902-29489,Level 2 - Use of Force,2022-11-10 06:29:00,5708,30362,White,Female,2022,11,22-00283501,2022-11-09 07:57:58,Closed,NORTH,FREMONT,6.0,98107.0,47.66419052,-122.36376549,Yes,Yes,Sidewalk,"Human waste,Hazardous materials (e.g., propane tanks),Garbage/Loose litter,Needles/Sharps",0.0
2022UOF-1269-2902-29489,Level 2 - Use of Force,2022-11-10 06:29:00,5708,30362,White,Female,2022,11,22-00291497,2022-11-20 19:09:33,Closed,SOUTHWEST,NORTH DELRIDGE,1.0,98126.0,47.5832557,-122.37376843,Yes,Yes,Bike lane,"Garbage/Loose litter,Human waste,Hazardous materials (e.g., propane tanks)",1.0
2022UOF-1269-2902-29489,Level 2 - Use of Force,2022-11-10 06:29:00,5708,30362,White,Female,2022,11,22-00283651,2022-11-09 09:49:54,Closed,EAST,CAPITOL HILL,3.0,98122.0,47.6181475,-122.32771294,No,No,No blockage,"Garbage/Loose litter,Human waste,Bulky items,Other (please explain in the Description)",0.0
2022UOF-1269-2902-29489,Level 2 - Use of Force,2022-11-10 06:29:00,5708,30362,White,Female,2022,11,22-00283671,2022-11-09 10:03:57,Closed,WEST,JUDKINS PARK,3.0,98144.0,47.59694585,-122.31699442,Yes,Unknown,"Sidewalk,Recreation amenity","Garbage/Loose litter,Needles/Sharps,Hazardous materials (e.g., propane tanks),Bulky items,Human waste",0.0
2022UOF-1269-2902-29489,Level 2 - Use of Force,2022-11-10 06:29:00,5708,30362,White,Female,2022,11,22-00283750,2022-11-09 10:58:26,Closed,WEST,PIONEER SQUARE/INTERNATIONAL DISTRICT,2.0,98122.0,47.60161805,-122.32070242,Unknown,No,"Sidewalk,Bike lane,Recreation amenity","Garbage/Loose litter,Needles/Sharps,Human waste",0.0
2022UOF-1269-2902-29489,Level 2 - Use of Force,2022-11-10 06:29:00,5708,30362,White,Female,2022,11,22-00291633,2022-11-21 07:47:14,Closed,NORTH,BROADVIEW/BITTER LAKE,5.0,98133.0,47.72160047,-122.34761282,Yes,Yes,Other (please explain in the Description),"Garbage/Loose litter,Bulky items",0.0
2022UOF-1269-2902-29489,Level 2 - Use of Force,2022-11-10 06:29:00,5708,30362,White,Female,2022,11,22-00284025,2022-11-09 14:38:02,Closed,SOUTH,NORTH BEACON HILL/JEFFERSON PARK,3.0,98144.0,47.58953135,-122.3028339,Yes,Unknown,No blockage,Garbage/Loose litter,0.0
2022UOF-1269-2902-29489,Level 2 - Use of Force,2022-11-10 06:29:00,5708,30362,White,Female,2022,11,22-00284154,2022-11-09 16:49:02,Closed,NORTH,WHITTIER HEIGHTS,6.0,98117.0,47.69048072,-122.37577897,Yes,Yes,"Sidewalk,Other (please explain in the Description)","Human waste,Garbage/Loose litter,Bulky items",0.0
2022UOF-1269-2902-29489,Level 2 - Use of Force,2022-11-10 06:29:00,5708,30362,White,Female,2022,11,22-00291896,2022-11-21 11:04:25,Closed,NORTH,OLYMPIC HILLS/VICTORY HEIGHTS,5.0,98125.0,47.72858795,-122.31662475,Yes,Unknown,Recreation amenity,Bulky items,0.0
2022UOF-1269-2902-29489,Level 2 - Use of Force,2022-11-10 06:29:00,5708,30362,White,Female,2022,11,22-00284183,2022-11-09 17:09:11,Closed,WEST,CASCADE/EASTLAKE,4.0,98102.0,47.6324583,-122.32657841,Yes,Yes,"Sidewalk,Entrance to business","Garbage/Loose litter,Needles/Sharps,Hazardous materials (e.g., propane tanks),Bulky items,Human waste",0.0
2022UOF-1269-2902-29489,Level 2 - Use of Force,2022-11-10 06:29:00,5708,30362,White,Female,2022,11,22-00284186,2022-11-09 17:11:14,Closed,WEST,QUEEN ANNE,7.0,98109.0,47.62551579,-122.34063597,Yes,No,"Sidewalk,Bike lane,Construction project","Garbage/Loose litter,Needles/Sharps,Hazardous materials (e.g., propane tanks),Bulky items,Human waste",0.0
2022UOF-1269-2902-29489,Level 2 - Use of Force,2022-11-10 06:29:00,5708,30362,White,Female,2022,11,22-00291912,2022-11-21 11:12:42,Closed,NORTH,LAURELHURST/SAND POINT,4.0,98115.0,47.6835061,-122.26324711,Yes,Yes,Recreation amenity,Needles/Sharps,0.0
2022UOF-1269-2902-29489,Level 2 - Use of Force,2022-11-10 06:29:00,5708,30362,White,Female,2022,11,22-00284229,2022-11-09 19:06:05,Closed,WEST,QUEEN ANNE,7.0,98109.0,47.62528352,-122.3556621,Yes,No,Sidewalk,Garbage/Loose litter,0.0
2022UOF-1269-2902-29489,Level 2 - Use of Force,2022-11-10 06:29:00,5708,30362,White,Female,2022,11,22-00291957,2022-11-21 11:40:29,Closed,EAST,NORTH BEACON HILL/JEFFERSON PARK,3.0,98144.0,47.59214439,-122.30438502,Yes,No,Recreation amenity,Bulky items,0.0
2022UOF-1269-2902-29489,Level 2 - Use of Force,2022-11-10 06:29:00,5708,30362,White,Female,2022,11,22-00284270,2022-11-09 21:37:14,Closed,WEST,QUEEN ANNE,7.0,98109.0,47.64420865,-122.34517678,Yes,No,Sidewalk,"Bulky items,Garbage/Loose litter,Needles/Sharps,Hazardous materials (e.g., propane tanks)",0.0
2022UOF-1269-2902-29489,Level 2 - Use of Force,2022-11-10 06:29:00,5708,30362,White,Female,2022,11,22-00284283,2022-11-09 22:33:40,Closed,WEST,QUEEN ANNE,7.0,98119.0,47.65039041,-122.36047855,Yes,Yes,Bike lane,"Hazardous materials (e.g., propane tanks),Garbage/Loose litter",0.0
2022UOF-1269-2902-29489,Level 2 - Use of Force,2022-11-10 06:29:00,5708,30362,White,Female,2022,11,22-00284372,2022-11-10 08:06:02,Closed,NORTH,BROADVIEW/BITTER LAKE,5.0,98133.0,47.72160047,-122.34761282,Unknown,Yes,Sidewalk,Bulky items,0.0
2022UOF-1269-2902-29489,Level 2 - Use of Force,2022-11-10 06:29:00,5708,30362,White,Female,2022,11,22-00284399,2022-11-10 08:34:17,Closed,NORTH,BROADVIEW/BITTER LAKE,5.0,98133.0,47.72160047,-122.34761282,Yes,Yes,"Sidewalk,Other (please explain in the Description)","Garbage/Loose litter,Needles/Sharps,Bulky items",0.0
2022UOF-1269-2902-29489,Level 2 - Use of Force,2022-11-10 06:29:00,5708,30362,White,Female,2022,11,22-00284433,2022-11-10 09:06:35,Closed,WEST,QUEEN ANNE,7.0,98109.0,47.62476457,-122.3552094,Yes,Unknown,"Sidewalk,Bike lane,Recreation amenity,Construction project,Other (please explain in the Description)","Garbage/Loose litter,Needles/Sharps,Hazardous materials (e.g., propane tanks),Bulky items,Human waste,Other (please explain in the Description)",0.0
2022UOF-1269-2902-29489,Level 2 - Use of Force,2022-11-10 06:29:00,5708,30362,White,Female,2022,11,22-00284576,2022-11-10 10:57:21,Closed,NORTH,HALLER LAKE,5.0,98133.0,47.7306375,-122.34378079,Yes,Yes,"Entrance to business,Sidewalk",Garbage/Loose litter,0.0
2022UOF-1269-2902-29489,Level 2 - Use of Force,2022-11-10 06:29:00,5708,30362,White,Female,2022,11,22-00284620,2022-11-10 11:33:40,Closed,SOUTHWEST,HIGHLAND PARK,1.0,98106.0,47.52271564,-122.35318464,Unknown,Yes,Sidewalk,"Garbage/Loose litter,Bulky items",0.0
2022UOF-1269-2902-29489,Level 2 - Use of Force,2022-11-10 06:29:00,5708,30362,White,Female,2022,11,22-00292373,2022-11-21 16:53:20,Closed,SOUTH,MT. BAKER/NORTH RAINIER,3.0,98144.0,47.58590188,-122.29956821,Unknown,Yes,No blockage,"Hazardous materials (e.g., propane tanks)",0.0
2022UOF-1269-2902-29489,Level 2 - Use of Force,2022-11-10 06:29:00,5708,30362,White,Female,2022,11,22-00292424,2022-11-21 18:30:08,Closed,EAST,CENTRAL AREA/SQUIRE PARK,3.0,98122.0,47.61671868,-122.30979748,Yes,Yes,Sidewalk,"Garbage/Loose litter,Needles/Sharps,Hazardous materials (e.g., propane tanks),Bulky items,Human waste",0.0
2022UOF-1269-2902-29489,Level 2 - Use of Force,2022-11-10 06:29:00,5708,30362,White,Female,2022,11,22-00284714,2022-11-10 12:40:08,Closed,WEST,QUEEN ANNE,7.0,98109.0,47.64703342,-122.34962354,Yes,Unknown,"Sidewalk,Bike lane,Recreation amenity","Garbage/Loose litter,Hazardous materials (e.g., propane tanks),Bulky items,Human waste",0.0
2022UOF-1269-2902-29489,Level 2 - Use of Force,2022-11-10 06:29:00,5708,30362,White,Female,2022,11,22-00292590,2022-11-22 08:04:16,Closed,NORTH,NORTH BEACH/BLUE RIDGE,6.0,98177.0,47.70172716,-122.36577459,Yes,Yes,No blockage,Garbage/Loose litter,0.0
2022UOF-1269-2902-29489,Level 2 - Use of Force,2022-11-10 06:29:00,5708,30362,White,Female,2022,11,22-00284991,2022-11-10 17:14:14,Closed,SOUTHWEST,HIGHLAND PARK,1.0,98106.0,47.52071008,-122.33501174,Yes,Yes,No blockage,Garbage/Loose litter,0.0
2022UOF-1269-2902-29489,Level 2 - Use of Force,2022-11-10 06:29:00,5708,30362,White,Female,2022,11,22-00292731,2022-11-22 10:17:04,Closed,SOUTH,SOUTH BEACON HILL/NEWHOLLY,2.0,98118.0,47.52710396,-122.281164,Yes,Yes,Other (please explain in the Description),"Garbage/Loose litter,Bulky items",0.0
2022UOF-1269-2902-29489,Level 2 - Use of Force,2022-11-10 06:29:00,5708,30362,White,Female,2022,11,22-00285148,2022-11-11 08:19:08,Closed,SOUTH,NORTH BEACON HILL/JEFFERSON PARK,2.0,98144.0,47.57143296,-122.2971226,Yes,Yes,"Sidewalk,Other (please explain in the Description)","Hazardous materials (e.g., propane tanks),Bulky items,Garbage/Loose litter",0.0
2022UOF-1269-2902-29489,Level 2 - Use of Force,2022-11-10 06:29:00,5708,30362,White,Female,2022,11,22-00285156,2022-11-11 08:29:13,Closed,NORTH,GREEN LAKE,6.0,98115.0,47.67910362,-122.32621307,Unknown,No,Recreation amenity,Garbage/Loose litter,0.0
2022UOF-1269-2902-29489,Level 2 - Use of Force,2022-11-10 06:29:00,5708,30362,White,Female,2022,11,22-00293158,2022-11-22 15:23:57,Closed,NORTH,BALLARD,6.0,98107.0,47.66559906,-122.37928328,No,No,Sidewalk,"Garbage/Loose litter,Human waste,Other (please explain in the Description)",0.0
2022UOF-1269-2902-29489,Level 2 - Use of Force,2022-11-10 06:29:00,5708,30362,White,Female,2022,11,22-00293298,2022-11-22 19:17:50,Closed,EAST,CASCADE/EASTLAKE,3.0,98102.0,47.63239348,-122.32256066,Yes,Yes,"Sidewalk,Bike lane,Other (please explain in the Description)","Garbage/Loose litter,Needles/Sharps,Hazardous materials (e.g., propane tanks),Bulky items,Human waste,Other (please explain in the Description)",0.0
2022UOF-1269-2902-29489,Level 2 - Use of Force,2022-11-10 06:29:00,5708,30362,White,Female,2022,11,22-00285240,2022-11-11 10:26:09,Closed,NORTH,BALLARD,6.0,98107.0,47.67060721,-122.38562858,Yes,Unknown,No blockage,Garbage/Loose litter,0.0
2022UOF-1269-2902-29489,Level 2 - Use of Force,2022-11-10 06:29:00,5708,30362,White,Female,2022,11,22-00293312,2022-11-22 20:56:35,Closed,NORTH,GREENWOOD/PHINNEY RIDGE,6.0,98117.0,47.67724304,-122.36574519,Yes,White,Bike lane,"Garbage/Loose litter,Human waste",0.0
2022UOF-1269-2902-29489,Level 2 - Use of Force,2022-11-10 06:29:00,5708,30362,White,Female,2022,11,22-00285246,2022-11-11 10:32:10,Closed,NORTH,BALLARD,6.0,98107.0,47.66974346,-122.38512934,Yes,Unknown,No blockage,Garbage/Loose litter,0.0
2022UOF-1269-2902-29489,Level 2 - Use of Force,2022-11-10 06:29:00,5708,30362,White,Female,2022,11,22-00293329,2022-11-22 22:21:14,Closed,SOUTHWEST,HIGH POINT,1.0,98106.0,47.55159054,-122.36207654,Yes,Yes,No blockage,"Garbage/Loose litter,Human waste",0.0
2022UOF-1269-2902-29489,Level 2 - Use of Force,2022-11-10 06:29:00,5708,30362,White,Female,2022,11,22-00285464,2022-11-11 17:59:35,Closed,EAST,CAPITOL HILL,3.0,98122.0,47.61775471,-122.31735129,Yes,Unknown,"Sidewalk,Entrance to residence","Garbage/Loose litter,Needles/Sharps,Bulky items",0.0
2022UOF-1269-2902-29489,Level 2 - Use of Force,2022-11-10 06:29:00,5708,30362,White,Female,2022,11,22-00285518,2022-11-12 06:14:01,Closed,EAST,MILLER PARK,3.0,98112.0,47.62304094,-122.3124922,Yes,No,"Sidewalk,Other (please explain in the Description),Entrance to business,Entrance to residence","Needles/Sharps,Human waste,Other (please explain in the Description)",1.0
2022UOF-1269-2902-29489,Level 2 - Use of Force,2022-11-10 06:29:00,5708,30362,White,Female,2022,11,22-00293568,2022-11-23 10:38:24,Closed,NORTH,LICTON SPRINGS,5.0,98103.0,47.69948146,-122.34297796,No,No,Other (please explain in the Description),Garbage/Loose litter,0.0
2022UOF-1269-2902-29489,Level 2 - Use of Force,2022-11-10 06:29:00,5708,30362,White,Female,2022,11,22-00285577,2022-11-12 06:19:02,Closed,EAST,CASCADE/EASTLAKE,3.0,98102.0,47.63239348,-122.32256066,Yes,Yes,Entrance to residence,"Hazardous materials (e.g., propane tanks)",1.0
2022UOF-1269-2902-29489,Level 2 - Use of Force,2022-11-10 06:29:00,5708,30362,White,Female,2022,11,22-00285634,2022-11-12 07:04:36,Closed,SOUTHWEST,HIGHLAND PARK,1.0,98106.0,47.51901738,-122.3543399,Unknown,Yes,Sidewalk,Garbage/Loose litter,1.0
2022UOF-1269-2902-29489,Level 2 - Use of Force,2022-11-10 06:29:00,5708,30362,White,Female,2022,11,22-00293704,2022-11-23 12:05:08,Closed,EAST,CENTRAL AREA/SQUIRE PARK,3.0,98122.0,47.61727598,-122.31042647,Yes,Unknown,Sidewalk,Bulky items,0.0
2022UOF-1269-2902-29489,Level 2 - Use of Force,2022-11-10 06:29:00,5708,30362,White,Female,2022,11,22-00285746,2022-11-12 11:27:05,Closed,NORTH,CEDAR PARK/MEADOWBROOK,5.0,98125.0,47.72722508,-122.29111981,Unknown,Yes,Sidewalk,Garbage/Loose litter,1.0
2022UOF-1269-2902-29489,Level 2 - Use of Force,2022-11-10 06:29:00,5708,30362,White,Female,2022,11,22-00293755,2022-11-23 12:37:22,Closed,EAST,MADISON PARK,3.0,98112.0,47.64232166,-122.2850106,Yes,No,No blockage,"Hazardous materials (e.g., propane tanks)",0.0
2022UOF-1269-2902-29489,Level 2 - Use of Force,2022-11-10 06:29:00,5708,30362,White,Female,2022,11,22-00285799,2022-11-12 13:11:17,Closed,NORTH,BALLARD,6.0,98107.0,47.6711305,-122.38687123,Yes,No,Sidewalk,Garbage/Loose litter,1.0
2022UOF-1269-2902-29489,Level 2 - Use of Force,2022-11-10 06:29:00,5708,30362,White,Female,2022,11,22-00294029,2022-11-23 19:36:51,Closed,WEST,CASCADE/EASTLAKE,7.0,98109.0,47.62525762,-122.34019167,Yes,No,Sidewalk,"Garbage/Loose litter,Human waste",0.0
2022UOF-1269-2902-29489,Level 2 - Use of Force,2022-11-10 06:29:00,5708,30362,White,Female,2022,11,22-00294030,2022-11-23 19:38:55,Closed,WEST,DOWNTOWN COMMERCIAL CORE,7.0,98104.0,47.60479797,-122.33679617,Yes,No,Entrance to business,"Garbage/Loose litter,Needles/Sharps",0.0
2022UOF-1269-2902-29489,Level 2 - Use of Force,2022-11-10 06:29:00,5708,30362,White,Female,2022,11,22-00285826,2022-11-12 13:11:59,Closed,NORTH,BALLARD,6.0,98107.0,47.66771435,-122.38713217,Yes,No,Entrance to business,"Garbage/Loose litter,Needles/Sharps,Hazardous materials (e.g., propane tanks),Human waste",1.0
2022UOF-1269-2902-29489,Level 2 - Use of Force,2022-11-10 06:29:00,5708,30362,White,Female,2022,11,22-00294075,2022-11-24 07:54:38,Closed,NORTH,BALLARD,6.0,98107.0,47.6619434,-122.37066702,Yes,Brown,"Sidewalk,Bike lane,Entrance to business","Human waste,Hazardous materials (e.g., propane tanks),Bulky items,Garbage/Loose litter,Needles/Sharps",0.0
2022UOF-1269-2902-29489,Level 2 - Use of Force,2022-11-10 06:29:00,5708,30362,White,Female,2022,11,22-00294080,2022-11-24 08:57:06,Closed,WEST,QUEEN ANNE,7.0,98119.0,47.65191642,-122.3605545,Yes,Unknown,Entrance to residence,"Garbage/Loose litter,Needles/Sharps,Hazardous materials (e.g., propane tanks),Human waste",0.0
2022UOF-1269-2902-29489,Level 2 - Use of Force,2022-11-10 06:29:00,5708,30362,White,Female,2022,11,22-00286027,2022-11-13 06:22:15,Closed,SOUTH,GEORGETOWN,2.0,98108.0,47.54107696,-122.32016684,Yes,Yes,Sidewalk,"Hazardous materials (e.g., propane tanks),Human waste,Other (please explain in the Description),Garbage/Loose litter",1.0
2022UOF-1269-2902-29489,Level 2 - Use of Force,2022-11-10 06:29:00,5708,30362,White,Female,2022,11,22-00286049,2022-11-13 08:05:03,Closed,WEST,CASCADE/EASTLAKE,7.0,98109.0,47.62525762,-122.34019167,Yes,Yes,"Sidewalk,Bike lane,Recreation amenity,Construction project,Entrance to business,Entrance to residence","Garbage/Loose litter,Needles/Sharps,Hazardous materials (e.g., propane tanks),Bulky items,Human waste",1.0
2022UOF-1269-2902-29489,Level 2 - Use of Force,2022-11-10 06:29:00,5708,30362,White,Female,2022,11,22-00294116,2022-11-24 10:25:49,Closed,NORTH,LAURELHURST/SAND POINT,4.0,98115.0,47.68475215,-122.26318771,Yes,Yes,"Entrance to business,Other (please explain in the Description)","Garbage/Loose litter,Hazardous materials (e.g., propane tanks),Bulky items",0.0
2022UOF-1269-2902-29489,Level 2 - Use of Force,2022-11-10 06:29:00,5708,30362,White,Female,2022,11,22-00286055,2022-11-13 08:35:16,Closed,SOUTHWEST,WEST SEATTLE JUNCTION/GENESEE HILL,1.0,98126.0,47.56047877,-122.37656257,Unknown,Unknown,Recreation amenity,Garbage/Loose litter,1.0
2022UOF-1269-2902-29489,Level 2 - Use of Force,2022-11-10 06:29:00,5708,30362,White,Female,2022,11,22-00294202,2022-11-24 15:07:56,Closed,EAST,NORTH CAPITOL HILL,3.0,98102.0,47.62530891,-122.32303156,Yes,No,Sidewalk,Garbage/Loose litter,0.0
2022UOF-1269-2902-29489,Level 2 - Use of Force,2022-11-10 06:29:00,5708,30362,White,Female,2022,11,22-00286115,2022-11-13 10:24:08,Closed,EAST,FIRST HILL,3.0,98122.0,47.61171286,-122.31425375,Yes,Yes,"Sidewalk,Entrance to business","Garbage/Loose litter,Bulky items",1.0
2022UOF-1269-2902-29489,Level 2 - Use of Force,2022-11-10 06:29:00,5708,30362,White,Female,2022,11,22-00286311,2022-11-13 14:44:05,Closed,EAST,CENTRAL AREA/SQUIRE PARK,3.0,98122.0,47.61671868,-122.30979748,Yes,Unknown,"Sidewalk,Entrance to business,Entrance to residence","Bulky items,Garbage/Loose litter,Human waste",1.0
2022UOF-1269-2902-29489,Level 2 - Use of Force,2022-11-10 06:29:00,5708,30362,White,Female,2022,11,22-00294259,2022-11-24 23:15:39,Closed,WEST,QUEEN ANNE,7.0,98109.0,47.62438441,-122.35621397,Yes,Unknown,"Construction project,Sidewalk,Bike lane,Entrance to residence","None,Garbage/Loose litter",0.0
2022UOF-1269-2902-29489,Level 2 - Use of Force,2022-11-10 06:29:00,5708,30362,White,Female,2022,11,22-00286333,2022-11-13 15:08:17,Closed,NORTH,LAURELHURST/SAND POINT,4.0,98115.0,47.68462197,-122.26426118,Yes,Yes,Other (please explain in the Description),"Garbage/Loose litter,Bulky items,Other (please explain in the Description)",1.0
2022UOF-1269-2902-29489,Level 2 - Use of Force,2022-11-10 06:29:00,5708,30362,White,Female,2022,11,22-00294263,2022-11-24 23:31:47,Closed,WEST,CASCADE/EASTLAKE,7.0,98109.0,47.62525762,-122.34019167,Yes,Yes,Sidewalk,"Garbage/Loose litter,Needles/Sharps,Hazardous materials (e.g., propane tanks),Bulky items,Human waste",0.0
2022UOF-1269-2902-29489,Level 2 - Use of Force,2022-11-10 06:29:00,5708,30362,White,Female,2022,11,22-00286406,2022-11-13 17:07:12,Closed,WEST,CASCADE/EASTLAKE,7.0,98109.0,47.62521516,-122.34193204,Yes,No,Sidewalk,"Garbage/Loose litter,Needles/Sharps,Hazardous materials (e.g., propane tanks),Bulky items,Human waste",1.0
2022UOF-1269-2902-29489,Level 2 - Use of Force,2022-11-10 06:29:00,5708,30362,White,Female,2022,11,22-00294282,2022-11-25 07:47:35,Closed,NORTH,HALLER LAKE,5.0,98133.0,47.71367438,-122.34193359,Yes,Unknown,No blockage,"None,Garbage/Loose litter",0.0
2022UOF-1269-2902-29489,Level 2 - Use of Force,2022-11-10 06:29:00,5708,30362,White,Female,2022,11,22-00286407,2022-11-13 17:13:14,Closed,NORTH,GREEN LAKE,6.0,98115.0,47.67958397,-122.32590589,Unknown,No,Recreation amenity,Garbage/Loose litter,1.0
2022UOF-1269-2902-29489,Level 2 - Use of Force,2022-11-10 06:29:00,5708,30362,White,Female,2022,11,22-00294323,2022-11-25 10:16:43,Closed,NORTH,NORTHGATE/MAPLE LEAF,5.0,98125.0,47.7083632,-122.31560734,Yes,No,No blockage,Garbage/Loose litter,0.0
2022UOF-1269-2902-29489,Level 2 - Use of Force,2022-11-10 06:29:00,5708,30362,White,Female,2022,11,22-00286439,2022-11-13 18:56:03,Closed,EAST,CAPITOL HILL,3.0,98122.0,47.61775471,-122.31735129,Yes,Yes,Sidewalk,"Garbage/Loose litter,Needles/Sharps,Hazardous materials (e.g., propane tanks),Bulky items,Human waste",1.0
2022UOF-1269-2902-29489,Level 2 - Use of Force,2022-11-10 06:29:00,5708,30362,White,Female,2022,11,22-00286503,2022-11-13 22:18:27,Closed,NORTH,WALLINGFORD,4.0,98105.0,47.65629794,-122.3220878,Yes,Yes,Construction project,"Garbage/Loose litter,Hazardous materials (e.g., propane tanks),Human waste",1.0
2022UOF-1269-2902-29489,Level 2 - Use of Force,2022-11-10 06:29:00,5708,30362,White,Female,2022,11,22-00294545,2022-11-26 09:33:23,Closed,EAST,CAPITOL HILL,3.0,98102.0,47.62479695,-122.32232496,Yes,No,Sidewalk,Garbage/Loose litter,1.0
2022UOF-1269-2902-29489,Level 2 - Use of Force,2022-11-10 06:29:00,5708,30362,White,Female,2022,11,22-00286527,2022-11-14 06:12:05,Closed,NORTH,BROADVIEW/BITTER LAKE,5.0,98133.0,47.72158162,-122.34583663,Yes,Yes,Sidewalk,"Garbage/Loose litter,Needles/Sharps,Bulky items,Human waste",0.0
2022UOF-1269-2902-29489,Level 2 - Use of Force,2022-11-10 06:29:00,5708,30362,White,Female,2022,11,22-00294663,2022-11-26 12:46:52,Closed,WEST,CASCADE/EASTLAKE,7.0,98109.0,47.62529407,-122.34087697,Yes,No,Sidewalk,"Garbage/Loose litter,Needles/Sharps,Hazardous materials (e.g., propane tanks),Bulky items,Human waste",1.0
2022UOF-1269-2902-29489,Level 2 - Use of Force,2022-11-10 06:29:00,5708,30362,White,Female,2022,11,22-00286534,2022-11-14 06:18:11,Closed,NORTH,BALLARD,6.0,98107.0,47.65904954,-122.36594896,Yes,Unknown,"Sidewalk,Construction project,Entrance to business,Bike lane,Recreation amenity","Garbage/Loose litter,Needles/Sharps,Hazardous materials (e.g., propane tanks),Bulky items,Human waste",0.0
2022UOF-1269-2902-29489,Level 2 - Use of Force,2022-11-10 06:29:00,5708,30362,White,Female,2022,11,22-00294700,2022-11-26 13:27:10,Closed,NORTH,FREMONT,6.0,98103.0,47.65218854,-122.34828249,Yes,No,Sidewalk,"Hazardous materials (e.g., propane tanks),Needles/Sharps,Garbage/Loose litter,Bulky items,Human waste",1.0
2022UOF-1269-2902-29489,Level 2 - Use of Force,2022-11-10 06:29:00,5708,30362,White,Female,2022,11,22-00294717,2022-11-26 13:47:19,Closed,NORTH,GREEN LAKE,6.0,98115.0,47.68235816,-122.3288778,Yes,No,Recreation amenity,Garbage/Loose litter,1.0
2022UOF-1269-2902-29489,Level 2 - Use of Force,2022-11-10 06:29:00,5708,30362,White,Female,2022,11,22-00286576,2022-11-14 07:22:37,Closed,NORTH,GREENWOOD/PHINNEY RIDGE,6.0,98117.0,47.69113363,-122.36085138,Yes,Yes,Sidewalk,"Human waste,Bulky items,Garbage/Loose litter",0.0
2022UOF-1269-2902-29489,Level 2 - Use of Force,2022-11-10 06:29:00,5708,30362,White,Female,2022,11,22-00294748,2022-11-26 14:45:46,Closed,NORTH,LICTON SPRINGS,5.0,98103.0,47.69912937,-122.34297223,Yes,Yes,Sidewalk,Garbage/Loose litter,1.0
2022UOF-1269-2902-29489,Level 2 - Use of Force,2022-11-10 06:29:00,5708,30362,White,Female,2022,11,22-00286676,2022-11-14 09:33:41,Closed,WEST,DUWAMISH/SODO,2.0,98134.0,47.59440313,-122.32916909,Yes,No,No blockage,"Garbage/Loose litter,Needles/Sharps,Hazardous materials (e.g., propane tanks),Bulky items,Human waste",0.0
2022UOF-1269-2902-29489,Level 2 - Use of Force,2022-11-10 06:29:00,5708,30362,White,Female,2022,11,22-00286706,2022-11-14 10:05:54,Closed,SOUTHWEST,WEST SEATTLE JUNCTION/GENESEE HILL,1.0,98116.0,47.56128088,-122.38575043,Yes,Unknown,Recreation amenity,"Garbage/Loose litter,Bulky items,Human waste,Other (please explain in the Description)",0.0
2022UOF-1269-2902-29489,Level 2 - Use of Force,2022-11-10 06:29:00,5708,30362,White,Female,2022,11,22-00294852,2022-11-26 17:55:14,Closed,EAST,CAPITOL HILL,3.0,98122.0,47.61421224,-122.31929528,Yes,Unknown,"Entrance to residence,Entrance to business",Garbage/Loose litter,1.0
2022UOF-1269-2902-29489,Level 2 - Use of Force,2022-11-10 06:29:00,5708,30362,White,Female,2022,11,22-00286745,2022-11-14 10:34:05,Closed,SOUTHWEST,WEST SEATTLE JUNCTION/GENESEE HILL,1.0,98116.0,47.56128088,-122.38575043,No,No,"Sidewalk,Recreation amenity",Garbage/Loose litter,0.0
2022UOF-1269-2902-29489,Level 2 - Use of Force,2022-11-10 06:29:00,5708,30362,White,Female,2022,11,22-00295053,2022-11-27 10:44:56,Closed,NORTH,GREENWOOD/PHINNEY RIDGE,6.0,98117.0,47.69034198,-122.36192887,Yes,Yes,No blockage,"Garbage/Loose litter,Needles/Sharps,Hazardous materials (e.g., propane tanks),Bulky items,Human waste",1.0
2022UOF-1269-2902-29489,Level 2 - Use of Force,2022-11-10 06:29:00,5708,30362,White,Female,2022,11,22-00286958,2022-11-14 13:27:27,Closed,WEST,PIONEER SQUARE/INTERNATIONAL DISTRICT,7.0,98104.0,47.60026852,-122.33312521,Yes,No,Recreation amenity,Bulky items,0.0
2022UOF-1269-2902-29489,Level 2 - Use of Force,2022-11-10 06:29:00,5708,30362,White,Female,2022,11,22-00287006,2022-11-14 13:53:36,Closed,SOUTHWEST,RIVERVIEW,1.0,98106.0,47.54779264,-122.3549628,Yes,Yes,"Sidewalk,Bike lane,Other (please explain in the Description)","Garbage/Loose litter,Bulky items",0.0
2022UOF-1269-2902-29489,Level 2 - Use of Force,2022-11-10 06:29:00,5708,30362,White,Female,2022,11,22-00295096,2022-11-27 11:41:22,Closed,SOUTHWEST,RIVERVIEW,1.0,98106.0,47.54412611,-122.35455258,Unknown,Unknown,"No blockage,Other (please explain in the Description)",Human waste,1.0
2022UOF-1269-2902-29489,Level 2 - Use of Force,2022-11-10 06:29:00,5708,30362,White,Female,2022,11,22-00295117,2022-11-27 12:11:35,Closed,NORTH,OLYMPIC HILLS/VICTORY HEIGHTS,5.0,98125.0,47.73247307,-122.30974442,Yes,Yes,"Entrance to business,Other (please explain in the Description)","Garbage/Loose litter,Needles/Sharps,Hazardous materials (e.g., propane tanks),Bulky items,Human waste",1.0
2022UOF-1269-2902-29489,Level 2 - Use of Force,2022-11-10 06:29:00,5708,30362,White,Female,2022,11,22-00287008,2022-11-14 13:53:38,Closed,NORTH,BALLARD,6.0,98107.0,47.65904954,-122.36594896,Yes,No,Sidewalk,"Garbage/Loose litter,Needles/Sharps,Hazardous materials (e.g., propane tanks),Bulky items",0.0
2022UOF-1269-2902-29489,Level 2 - Use of Force,2022-11-10 06:29:00,5708,30362,White,Female,2022,11,22-00295300,2022-11-27 18:30:30,Closed,EAST,CENTRAL AREA/SQUIRE PARK,3.0,98122.0,47.61673843,-122.31111342,Yes,Yes,No blockage,Garbage/Loose litter,1.0
2022UOF-1269-2902-29489,Level 2 - Use of Force,2022-11-10 06:29:00,5708,30362,White,Female,2022,11,22-00295303,2022-11-27 19:02:44,Closed,WEST,MAGNOLIA,7.0,98199.0,47.63209184,-122.39041895,Yes,Yes,No blockage,Garbage/Loose litter,1.0
2022UOF-1269-2902-29489,Level 2 - Use of Force,2022-11-10 06:29:00,5708,30362,White,Female,2022,11,22-00295346,2022-11-28 01:38:01,Closed,EAST,CAPITOL HILL,3.0,98102.0,47.62479695,-122.32232496,Yes,No,Sidewalk,Garbage/Loose litter,0.0
2022UOF-1269-2902-29489,Level 2 - Use of Force,2022-11-10 06:29:00,5708,30362,White,Female,2022,11,22-00287188,2022-11-14 16:28:51,Closed,WEST,CASCADE/EASTLAKE,7.0,98109.0,47.62081361,-122.33298639,Yes,No,"Sidewalk,Recreation amenity,Entrance to residence","Garbage/Loose litter,Bulky items",0.0
2022UOF-1269-2902-29489,Level 2 - Use of Force,2022-11-10 06:29:00,5708,30362,White,Female,2022,11,22-00295381,2022-11-28 07:16:52,Closed,EAST,CAPITOL HILL,3.0,98122.0,47.61775471,-122.31735129,Yes,Unknown,Sidewalk,Garbage/Loose litter,0.0
2022UOF-1269-2902-29489,Level 2 - Use of Force,2022-11-10 06:29:00,5708,30362,White,Female,2022,11,22-00295422,2022-11-28 08:17:29,Closed,SOUTHWEST,NORTH DELRIDGE,1.0,98106.0,47.57058294,-122.3562575,Yes,Yes,"Sidewalk,Bike lane,Other (please explain in the Description)","Garbage/Loose litter,Needles/Sharps,Hazardous materials (e.g., propane tanks),Bulky items,Human waste,Other (please explain in the Description)",0.0
2022UOF-1269-2902-29489,Level 2 - Use of Force,2022-11-10 06:29:00,5708,30362,White,Female,2022,11,22-00287356,2022-11-14 21:43:11,Closed,WEST,CASCADE/EASTLAKE,7.0,98109.0,47.62414741,-122.33286263,Yes,Unknown,Recreation amenity,"Hazardous materials (e.g., propane tanks),Needles/Sharps,Garbage/Loose litter,Bulky items",0.0
2022UOF-1269-2902-29489,Level 2 - Use of Force,2022-11-10 06:29:00,5708,30362,White,Female,2022,11,22-00295733,2022-11-28 11:55:19,Closed,NORTH,WEDGWOOD/VIEW RIDGE,5.0,98115.0,47.69778853,-122.30442131,No,Yes,No blockage,"Garbage/Loose litter,Bulky items",0.0
2022UOF-1269-2902-29489,Level 2 - Use of Force,2022-11-10 06:29:00,5708,30362,White,Female,2022,11,22-00295984,2022-11-28 16:01:33,Closed,SOUTH,SOUTH BEACON HILL/NEWHOLLY,2.0,98118.0,47.54409478,-122.28586769,Yes,Yes,Sidewalk,"Garbage/Loose litter,Needles/Sharps,Hazardous materials (e.g., propane tanks),Bulky items,Human waste",0.0
2022UOF-1269-2902-29489,Level 2 - Use of Force,2022-11-10 06:29:00,5708,30362,White,Female,2022,11,22-00296036,2022-11-28 16:49:57,Closed,NORTH,GREENWOOD/PHINNEY RIDGE,6.0,98117.0,47.69048142,-122.36184102,Yes,Yes,Other (please explain in the Description),"Garbage/Loose litter,Needles/Sharps,Hazardous materials (e.g., propane tanks),Bulky items,Human waste",0.0
2022UOF-1269-2902-29489,Level 2 - Use of Force,2022-11-10 06:29:00,5708,30362,White,Female,2022,11,22-00287477,2022-11-15 08:44:16,Closed,NORTH,FREMONT,6.0,98107.0,47.66272821,-122.36377839,Yes,Unknown,Sidewalk,"Garbage/Loose litter,Hazardous materials (e.g., propane tanks),Bulky items",0.0
2022UOF-1269-2902-29489,Level 2 - Use of Force,2022-11-10 06:29:00,5708,30362,White,Female,2022,11,22-00287546,2022-11-15 09:34:39,Closed,SOUTHWEST,WEST SEATTLE JUNCTION/GENESEE HILL,1.0,98116.0,47.56128088,-122.38575043,Yes,Unknown,"Sidewalk,Recreation amenity","Garbage/Loose litter,Needles/Sharps,Bulky items,Human waste,Other (please explain in the Description)",0.0
2022UOF-1269-2902-29489,Level 2 - Use of Force,2022-11-10 06:29:00,5708,30362,White,Female,2022,11,22-00296065,2022-11-28 17:42:22,Closed,NORTH,CEDAR PARK/MEADOWBROOK,5.0,98125.0,47.72108708,-122.29216989,Yes,Yes,"Sidewalk,Construction project,Other (please explain in the Description)","Garbage/Loose litter,Needles/Sharps,Bulky items,Human waste,Hazardous materials (e.g., propane tanks)",0.0
2022UOF-1269-2902-29489,Level 2 - Use of Force,2022-11-10 06:29:00,5708,30362,White,Female,2022,11,22-00296156,2022-11-29 04:22:18,Closed,NORTH,LAURELHURST/SAND POINT,4.0,98115.0,47.6835061,-122.26324711,Yes,Yes,"Recreation amenity,Entrance to business","Garbage/Loose litter,Hazardous materials (e.g., propane tanks),Needles/Sharps,Bulky items,Human waste",0.0
2022UOF-1269-2902-29489,Level 2 - Use of Force,2022-11-10 06:29:00,5708,30362,White,Female,2022,11,22-00287794,2022-11-15 12:19:59,Closed,NORTH,GREENWOOD/PHINNEY RIDGE,6.0,98103.0,47.69158631,-122.3573173,Unknown,No,Sidewalk,Garbage/Loose litter,0.0
2022UOF-1269-2902-29489,Level 2 - Use of Force,2022-11-10 06:29:00,5708,30362,White,Female,2022,11,22-00287850,2022-11-15 12:56:11,Closed,NORTH,BALLARD,6.0,98107.0,47.66312905,-122.37140311,Yes,Yes,No blockage,Garbage/Loose litter,0.0
2022UOF-1269-2902-29489,Level 2 - Use of Force,2022-11-10 06:29:00,5708,30362,White,Female,2022,11,22-00296265,2022-11-29 09:00:44,Closed,WEST,CASCADE/EASTLAKE,4.0,98102.0,47.6324583,-122.32657841,Yes,Yes,Other (please explain in the Description),"Garbage/Loose litter,Needles/Sharps,Hazardous materials (e.g., propane tanks),Bulky items,Human waste",0.0
2022UOF-1269-2902-29489,Level 2 - Use of Force,2022-11-10 06:29:00,5708,30362,White,Female,2022,11,22-00287907,2022-11-15 14:00:39,Closed,NORTH,SUNSET HILL/LOYAL HEIGHTS,6.0,98117.0,47.68754039,-122.40254389,No,No,No blockage,"Garbage/Loose litter,Bulky items",0.0
2022UOF-1269-2902-29489,Level 2 - Use of Force,2022-11-10 06:29:00,5708,30362,White,Female,2022,11,22-00296294,2022-11-29 09:25:01,Closed,SOUTHWEST,RIVERVIEW,1.0,98106.0,47.54542256,-122.35523649,Yes,Yes,"Sidewalk,Bike lane","Bulky items,Hazardous materials (e.g., propane tanks),Garbage/Loose litter",0.0
2022UOF-1269-2902-29489,Level 2 - Use of Force,2022-11-10 06:29:00,5708,30362,White,Female,2022,11,22-00287940,2022-11-15 14:26:51,Closed,SOUTH,DUWAMISH/SODO,2.0,98134.0,47.57172172,-122.34418598,No,No,"Bike lane,No blockage",Garbage/Loose litter,0.0
2022UOF-1269-2902-29489,Level 2 - Use of Force,2022-11-10 06:29:00,5708,30362,White,Female,2022,11,22-00287971,2022-11-15 14:49:01,Closed,NORTH,BALLARD,6.0,98107.0,47.67036437,-122.38410213,Yes,Unknown,Sidewalk,Garbage/Loose litter,0.0
2022UOF-1269-2902-29489,Level 2 - Use of Force,2022-11-10 06:29:00,5708,30362,White,Female,2022,11,22-00296417,2022-11-29 11:30:07,Closed,EAST,CASCADE/EASTLAKE,3.0,98102.0,47.63286836,-122.32306038,Yes,Yes,Other (please explain in the Description),"Hazardous materials (e.g., propane tanks)",0.0
2022UOF-1269-2902-29489,Level 2 - Use of Force,2022-11-10 06:29:00,5708,30362,White,Female,2022,11,22-00288011,2022-11-15 15:11:12,Closed,EAST,MILLER PARK,3.0,98112.0,47.62607034,-122.29541264,Yes,Yes,Recreation amenity,"Garbage/Loose litter,Hazardous materials (e.g., propane tanks),Needles/Sharps,Bulky items,Human waste",0.0
2022UOF-1269-2902-29489,Level 2 - Use of Force,2022-11-10 06:29:00,5708,30362,White,Female,2022,11,22-00296656,2022-11-29 15:15:07,Closed,WEST,DUWAMISH/SODO,2.0,98134.0,47.59221896,-122.33695484,Yes,No,No blockage,"Needles/Sharps,Garbage/Loose litter",0.0
2022UOF-1269-2902-29489,Level 2 - Use of Force,2022-11-10 06:29:00,5708,30362,White,Female,2022,11,22-00288159,2022-11-15 17:36:18,Closed,NORTH,LICTON SPRINGS,5.0,98103.0,47.69890619,-122.34359025,Yes,Yes,Sidewalk,"Garbage/Loose litter,Bulky items",0.0
2022UOF-1269-2902-29489,Level 2 - Use of Force,2022-11-10 06:29:00,5708,30362,White,Female,2022,11,22-00288187,2022-11-15 18:26:41,Closed,NORTH,FREMONT,6.0,98107.0,47.66310641,-122.36558648,Yes,Yes,Sidewalk,"Garbage/Loose litter,Needles/Sharps,Hazardous materials (e.g., propane tanks),Bulky items",0.0
2022UOF-1269-2902-29489,Level 2 - Use of Force,2022-11-10 06:29:00,5708,30362,White,Female,2022,11,22-00288194,2022-11-15 18:46:51,Closed,WEST,CASCADE/EASTLAKE,7.0,98109.0,47.6206667,-122.3333503,Yes,Yes,"Sidewalk,Recreation amenity,Entrance to residence","Garbage/Loose litter,Bulky items,Human waste",0.0
2022UOF-1269-2902-29489,Level 2 - Use of Force,2022-11-10 06:29:00,5708,30362,White,Female,2022,11,22-00297121,2022-11-30 09:52:30,Closed,WEST,CASCADE/EASTLAKE,4.0,98102.0,47.6324583,-122.32657841,Yes,Yes,"Sidewalk,Bike lane,Recreation amenity,Construction project,Entrance to business,Entrance to residence","Garbage/Loose litter,Needles/Sharps,Hazardous materials (e.g., propane tanks),Bulky items,Human waste",0.0
2022UOF-1269-2902-29489,Level 2 - Use of Force,2022-11-10 06:29:00,5708,30362,White,Female,2022,11,22-00276664,2022-11-01 08:01:55,Closed,EAST,CAPITOL HILL,3.0,98122.0,47.61772046,-122.31799027,Unknown,No,Recreation amenity,"Garbage/Loose litter,Bulky items",0.0
2022UOF-1269-2902-29489,Level 2 - Use of Force,2022-11-10 06:29:00,5708,30362,White,Female,2022,11,22-00288302,2022-11-16 07:23:54,Closed,NORTH,LAURELHURST/SAND POINT,4.0,98115.0,47.68945631,-122.26658458,Yes,Yes,"Recreation amenity,Entrance to business",Garbage/Loose litter,0.0
2022UOF-1269-2902-29489,Level 2 - Use of Force,2022-11-10 06:29:00,5708,30362,White,Female,2022,11,22-00276710,2022-11-01 08:38:11,Closed,SOUTH,MT. BAKER/NORTH RAINIER,2.0,98144.0,47.57668082,-122.28470403,Yes,No,Recreation amenity,"Garbage/Loose litter,Hazardous materials (e.g., propane tanks),Human waste",0.0
2022UOF-1269-2902-29489,Level 2 - Use of Force,2022-11-10 06:29:00,5708,30362,White,Female,2022,11,22-00276716,2022-11-01 08:40:15,Closed,SOUTH,MT. BAKER/NORTH RAINIER,2.0,98144.0,47.57664356,-122.28615913,Yes,No,Recreation amenity,"Garbage/Loose litter,Hazardous materials (e.g., propane tanks),Bulky items,Human waste",0.0
2022UOF-1269-2902-29489,Level 2 - Use of Force,2022-11-10 06:29:00,5708,30362,White,Female,2022,11,22-00297295,2022-11-30 11:56:33,Closed,SOUTHWEST,RIVERVIEW,1.0,98106.0,47.54811862,-122.36068933,Yes,Unknown,No blockage,"Garbage/Loose litter,Bulky items",0.0
2022UOF-1269-2902-29489,Level 2 - Use of Force,2022-11-10 06:29:00,5708,30362,White,Female,2022,11,22-00288392,2022-11-16 09:08:55,Closed,NORTH,FREMONT,6.0,98107.0,47.66484931,-122.36424244,Unknown,Yes,"Sidewalk,Entrance to residence,Construction project","Garbage/Loose litter,Needles/Sharps,Human waste",0.0
2022UOF-1269-2902-29489,Level 2 - Use of Force,2022-11-10 06:29:00,5708,30362,White,Female,2022,11,22-00276908,2022-11-01 10:37:08,Closed,EAST,JUDKINS PARK,3.0,98144.0,47.60100447,-122.31343528,Unknown,No,Sidewalk,"Garbage/Loose litter,Bulky items",0.0
2022UOF-1269-2902-29489,Level 2 - Use of Force,2022-11-10 06:29:00,5708,30362,White,Female,2022,11,22-00277018,2022-11-01 11:47:43,Closed,SOUTHWEST,RIVERVIEW,1.0,98106.0,47.54117277,-122.34884477,Yes,Yes,Other (please explain in the Description),"Needles/Sharps,Human waste",0.0
2022UOF-1269-2902-29489,Level 2 - Use of Force,2022-11-10 06:29:00,5708,30362,White,Female,2022,11,22-00288643,2022-11-16 11:54:27,Closed,EAST,CAPITOL HILL,3.0,98122.0,47.61777236,-122.3166353,Yes,No,"Sidewalk,Bike lane,Entrance to business,Entrance to residence","Garbage/Loose litter,Needles/Sharps,Hazardous materials (e.g., propane tanks),Bulky items",0.0
2022UOF-1269-2902-29489,Level 2 - Use of Force,2022-11-10 06:29:00,5708,30362,White,Female,2022,11,22-00277021,2022-11-01 11:51:45,Closed,SOUTH,NORTH BEACON HILL/JEFFERSON PARK,2.0,98144.0,47.58469388,-122.30367936,Yes,Yes,Other (please explain in the Description),"Hazardous materials (e.g., propane tanks)",0.0
2022UOF-1269-2902-29489,Level 2 - Use of Force,2022-11-10 06:29:00,5708,30362,White,Female,2022,11,22-00297413,2022-11-30 13:23:13,Closed,NORTH,GREEN LAKE,6.0,98115.0,47.67646126,-122.32082817,Yes,Yes,No blockage,Garbage/Loose litter,0.0
2022UOF-1269-2902-29489,Level 2 - Use of Force,2022-11-10 06:29:00,5708,30362,White,Female,2022,11,22-00277287,2022-11-01 14:59:11,Closed,WEST,QUEEN ANNE,7.0,98109.0,47.62476457,-122.3552094,Yes,Unknown,"Sidewalk,Bike lane,Other (please explain in the Description)","Garbage/Loose litter,Needles/Sharps,Hazardous materials (e.g., propane tanks),Bulky items,Human waste,Other (please explain in the Description)",0.0
2022UOF-1269-2902-29489,Level 2 - Use of Force,2022-11-10 06:29:00,5708,30362,White,Female,2022,11,22-00288736,2022-11-16 13:17:04,Closed,EAST,MONTLAKE/PORTAGE BAY,3.0,98102.0,47.64966064,-122.32192245,Yes,No,No blockage,"Hazardous materials (e.g., propane tanks)",0.0
2022UOF-1269-2902-29489,Level 2 - Use of Force,2022-11-10 06:29:00,5708,30362,White,Female,2022,11,22-00297517,2022-11-30 14:39:57,Closed,SOUTH,DUWAMISH/SODO,2.0,98134.0,47.59277906,-122.32229371,Yes,Yes,No blockage,Garbage/Loose litter,0.0
2022UOF-1269-2902-29489,Level 2 - Use of Force,2022-11-10 06:29:00,5708,30362,White,Female,2022,11,22-00277351,2022-11-01 15:49:35,Closed,SOUTH,NORTH BEACON HILL/JEFFERSON PARK,2.0,98144.0,47.58987343,-122.3103268,Yes,No,Sidewalk,"Garbage/Loose litter,Bulky items",0.0
2022UOF-1269-2902-29489,Level 2 - Use of Force,2022-11-10 06:29:00,5708,30362,White,Female,2022,11,22-00288909,2022-11-16 15:33:15,Closed,NORTH,FREMONT,6.0,98107.0,47.66345288,-122.36376226,Yes,Yes,Sidewalk,"Garbage/Loose litter,Hazardous materials (e.g., propane tanks),Bulky items",0.0
2022UOF-1269-2902-29489,Level 2 - Use of Force,2022-11-10 06:29:00,5708,30362,White,Female,2022,11,22-00297595,2022-11-30 15:48:33,Closed,EAST,MONTLAKE/PORTAGE BAY,3.0,98112.0,47.62603821,-122.29494252,Yes,Yes,Other (please explain in the Description),"Garbage/Loose litter,Needles/Sharps,Hazardous materials (e.g., propane tanks),Human waste,Bulky items",0.0
2022UOF-1269-2902-29489,Level 2 - Use of Force,2022-11-10 06:29:00,5708,30362,White,Female,2022,11,22-00277372,2022-11-01 16:01:39,Closed,WEST,CASCADE/EASTLAKE,7.0,98109.0,47.6206667,-122.3333503,Yes,No,Other (please explain in the Description),Garbage/Loose litter,0.0
2022UOF-1269-2902-29489,Level 2 - Use of Force,2022-11-10 06:29:00,5708,30362,White,Female,2022,11,22-00297610,2022-11-30 15:54:37,Closed,EAST,MONTLAKE/PORTAGE BAY,3.0,98112.0,47.62602329,-122.29494289,Yes,Yes,Other (please explain in the Description),"Garbage/Loose litter,Hazardous materials (e.g., propane tanks),Needles/Sharps,Bulky items,Human waste,Other (please explain in the Description)",0.0
2022UOF-1269-2902-29489,Level 2 - Use of Force,2022-11-10 06:29:00,5708,30362,White,Female,2022,11,22-00288940,2022-11-16 15:59:30,Closed,WEST,CASCADE/EASTLAKE,4.0,98102.0,47.6324583,-122.32657841,Yes,Yes,"Sidewalk,Bike lane,Recreation amenity,Entrance to business","Garbage/Loose litter,Needles/Sharps,Hazardous materials (e.g., propane tanks),Bulky items,Human waste",0.0
2022UOF-1269-2902-29489,Level 2 - Use of Force,2022-11-10 06:29:00,5708,30362,White,Female,2022,11,22-00277379,2022-11-01 16:09:43,Closed,NORTH,WALLINGFORD,4.0,98105.0,47.66478987,-122.3209509,Yes,No,No blockage,"Garbage/Loose litter,Needles/Sharps,Hazardous materials (e.g., propane tanks),Bulky items,Human waste",0.0
2022UOF-1269-2902-29489,Level 2 - Use of Force,2022-11-10 06:29:00,5708,30362,White,Female,2022,11,22-00297658,2022-11-30 16:10:41,Closed,WEST,QUEEN ANNE,7.0,98109.0,47.62487381,-122.35382676,Yes,No,Sidewalk,Other (please explain in the Description),0.0
2022UOF-1269-2902-29489,Level 2 - Use of Force,2022-11-10 06:29:00,5708,30362,White,Female,2022,11,22-00288958,2022-11-16 16:13:36,Closed,NORTH,HALLER LAKE,5.0,98133.0,47.72228376,-122.34286834,Yes,Yes,Sidewalk,"Garbage/Loose litter,Bulky items,Hazardous materials (e.g., propane tanks),Needles/Sharps",0.0
2022UOF-1269-2902-29489,Level 2 - Use of Force,2022-11-10 06:29:00,5708,30362,White,Female,2022,11,22-00289002,2022-11-16 17:00:01,Closed,NORTH,FREMONT,6.0,98107.0,47.66272821,-122.36377839,Yes,Yes,Sidewalk,"Garbage/Loose litter,Needles/Sharps,Hazardous materials (e.g., propane tanks),Bulky items,Human waste",0.0
2022UOF-1269-2902-29489,Level 2 - Use of Force,2022-11-10 06:29:00,5708,30362,White,Female,2022,11,22-00277428,2022-11-01 16:33:54,Closed,SOUTH,GEORGETOWN,2.0,98108.0,47.55468453,-122.33275613,Yes,Yes,Sidewalk,"Garbage/Loose litter,Human waste",0.0
2022UOF-1269-2902-29489,Level 2 - Use of Force,2022-11-10 06:29:00,5708,30362,White,Female,2022,11,22-00297693,2022-11-30 16:36:53,Closed,SOUTH,COLUMBIA CITY,2.0,98118.0,47.5374318,-122.2810329,No,No,Other (please explain in the Description),Other (please explain in the Description),0.0
2022UOF-1269-2902-29489,Level 2 - Use of Force,2022-11-10 06:29:00,5708,30362,White,Female,2022,11,22-00289059,2022-11-16 18:26:45,Closed,EAST,MADRONA/LESCHI,3.0,98122.0,47.60579955,-122.28340356,Unknown,Unknown,Recreation amenity,Other (please explain in the Description),0.0
2022UOF-1269-2902-29489,Level 2 - Use of Force,2022-11-10 06:29:00,5708,30362,White,Female,2022,11,22-00277509,2022-11-01 17:38:25,Closed,NORTH,FREMONT,6.0,98103.0,47.65218854,-122.34828249,Yes,Yes,No blockage,"Garbage/Loose litter,Bulky items",0.0
2022UOF-1269-2902-29489,Level 2 - Use of Force,2022-11-10 06:29:00,5708,30362,White,Female,2022,11,22-00289162,2022-11-17 03:59:16,Closed,WEST,QUEEN ANNE,7.0,98109.0,47.62487381,-122.35382676,Yes,No,Sidewalk,"Garbage/Loose litter,Bulky items",0.0
2022UOF-1269-2902-29489,Level 2 - Use of Force,2022-11-10 06:29:00,5708,30362,White,Female,2022,11,22-00277525,2022-11-01 17:56:34,Closed,SOUTHWEST,NORTH DELRIDGE,1.0,98126.0,47.57579138,-122.3715486,Yes,Yes,Bike lane,Garbage/Loose litter,0.0
2022UOF-1269-2902-29489,Level 2 - Use of Force,2022-11-10 06:29:00,5708,30362,White,Female,2022,11,22-00297764,2022-11-30 17:53:30,Closed,WEST,MAGNOLIA,7.0,98199.0,47.63255079,-122.39094117,Yes,Yes,No blockage,Garbage/Loose litter,0.0
2022UOF-1269-2902-29489,Level 2 - Use of Force,2022-11-10 06:29:00,5708,30362,White,Female,2022,11,22-00289716,2022-11-17 14:12:54,Closed,NORTH,GREENWOOD/PHINNEY RIDGE,6.0,98117.0,47.69034198,-122.36192887,Yes,Yes,Entrance to business,"Needles/Sharps,Garbage/Loose litter,Human waste,Bulky items,Hazardous materials (e.g., propane tanks)",0.0
2022UOF-1269-2902-29489,Level 2 - Use of Force,2022-11-10 06:29:00,5708,30362,White,Female,2022,11,22-00289769,2022-11-17 14:51:11,Closed,WEST,CASCADE/EASTLAKE,4.0,98102.0,47.63281504,-122.32665508,Yes,Yes,No blockage,"Garbage/Loose litter,Needles/Sharps,Hazardous materials (e.g., propane tanks),Bulky items",0.0
2022UOF-1269-2902-29489,Level 2 - Use of Force,2022-11-10 06:29:00,5708,30362,White,Female,2022,11,22-00289790,2022-11-17 15:03:18,Closed,EAST,CENTRAL AREA/SQUIRE PARK,3.0,98122.0,47.61711471,-122.31045294,Yes,Yes,Sidewalk,Garbage/Loose litter,0.0
2022UOF-1269-2902-29489,Level 2 - Use of Force,2022-11-10 06:29:00,5708,30362,White,Female,2022,11,22-00277870,2022-11-02 09:33:42,Closed,WEST,CASCADE/EASTLAKE,7.0,98109.0,47.6206667,-122.3333503,Yes,Unknown,Other (please explain in the Description),"Garbage/Loose litter,Needles/Sharps,Other (please explain in the Description)",0.0
2022UOF-1269-2902-29489,Level 2 - Use of Force,2022-11-10 06:29:00,5708,30362,White,Female,2022,11,22-00289872,2022-11-17 15:47:47,Closed,WEST,CASCADE/EASTLAKE,7.0,98109.0,47.6206667,-122.3333503,Yes,No,Sidewalk,"Garbage/Loose litter,Bulky items",0.0
2022UOF-1269-2902-29489,Level 2 - Use of Force,2022-11-10 06:29:00,5708,30362,White,Female,2022,11,22-00278048,2022-11-02 11:36:38,Closed,SOUTHWEST,ROXHILL/WESTWOOD,1.0,98106.0,47.52815535,-122.35538431,Unknown,Yes,"Sidewalk,Bike lane,Entrance to residence","Garbage/Loose litter,Hazardous materials (e.g., propane tanks),Bulky items",0.0
2022UOF-1269-2902-29489,Level 2 - Use of Force,2022-11-10 06:29:00,5708,30362,White,Female,2022,11,22-00276592,2022-11-01 06:29:29,Closed,NORTH,HALLER LAKE,5.0,98133.0,47.72506018,-122.34241819,Yes,Yes,Sidewalk,Garbage/Loose litter,0.0
2022UOF-1269-2902-29489,Level 2 - Use of Force,2022-11-10 06:29:00,5708,30362,White,Female,2022,11,22-00278202,2022-11-02 13:03:18,Closed,EAST,CENTRAL AREA/SQUIRE PARK,3.0,98122.0,47.61682346,-122.30861364,Yes,No,No blockage,Garbage/Loose litter,0.0
2022UOF-1269-2902-29489,Level 2 - Use of Force,2022-11-10 06:29:00,5708,30362,White,Female,2022,11,22-00289910,2022-11-17 16:18:13,Closed,WEST,CASCADE/EASTLAKE,7.0,98109.0,47.6206667,-122.3333503,Yes,Yes,Entrance to residence,"Needles/Sharps,Human waste",0.0
2022UOF-1269-2902-29489,Level 2 - Use of Force,2022-11-10 06:29:00,5708,30362,White,Female,2022,11,22-00278273,2022-11-02 13:29:30,Closed,SOUTHWEST,NORTH DELRIDGE,1.0,98126.0,47.58023323,-122.37298938,Yes,Yes,Recreation amenity,"Garbage/Loose litter,Needles/Sharps,Hazardous materials (e.g., propane tanks),Bulky items,Human waste",0.0
2022UOF-1269-2902-29489,Level 2 - Use of Force,2022-11-10 06:29:00,5708,30362,White,Female,2022,11,22-00276668,2022-11-01 08:04:40,Closed,EAST,MILLER PARK,3.0,98112.0,47.62223739,-122.31240488,Yes,No,Sidewalk,"Needles/Sharps,Garbage/Loose litter",0.0
2022UOF-1269-2902-29489,Level 2 - Use of Force,2022-11-10 06:29:00,5708,30362,White,Female,2022,11,22-00289953,2022-11-17 17:00:13,Closed,NORTH,HALLER LAKE,5.0,98133.0,47.72261393,-122.34347712,Yes,Yes,"Sidewalk,Other (please explain in the Description)","Garbage/Loose litter,Needles/Sharps,Hazardous materials (e.g., propane tanks),Bulky items,Human waste",0.0
2022UOF-1269-2902-29489,Level 2 - Use of Force,2022-11-10 06:29:00,5708,30362,White,Female,2022,11,22-00276793,2022-11-01 09:20:29,Closed,NORTH,GREEN LAKE,6.0,98115.0,47.68235816,-122.3288778,Yes,No,Recreation amenity,Garbage/Loose litter,0.0
2022UOF-1269-2902-29489,Level 2 - Use of Force,2022-11-10 06:29:00,5708,30362,White,Female,2022,11,22-00290036,2022-11-17 22:16:50,Closed,WEST,QUEEN ANNE,7.0,98109.0,47.64564098,-122.34768405,Yes,No,Recreation amenity,Garbage/Loose litter,0.0
2022UOF-1269-2902-29489,Level 2 - Use of Force,2022-11-10 06:29:00,5708,30362,White,Female,2022,11,22-00290042,2022-11-17 22:32:57,Closed,NORTH,GREEN LAKE,6.0,98115.0,47.67893045,-122.32563537,Yes,Unknown,"Other (please explain in the Description),Entrance to residence",Garbage/Loose litter,0.0
2022UOF-1269-2902-29489,Level 2 - Use of Force,2022-11-10 06:29:00,5708,30362,White,Female,2022,11,22-00278579,2022-11-02 16:24:54,Closed,SOUTHWEST,RIVERVIEW,1.0,98106.0,47.5353196,-122.35000887,Unknown,Yes,Recreation amenity,"Garbage/Loose litter,Bulky items",0.0
2022UOF-1269-2902-29489,Level 2 - Use of Force,2022-11-10 06:29:00,5708,30362,White,Female,2022,11,22-00276888,2022-11-01 10:29:05,Closed,NORTH,GREEN LAKE,6.0,98103.0,47.66571353,-122.3449112,Yes,No,No blockage,Garbage/Loose litter,0.0
2022UOF-1269-2902-29489,Level 2 - Use of Force,2022-11-10 06:29:00,5708,30362,White,Female,2022,11,22-00290116,2022-11-18 07:48:04,Closed,NORTH,WHITTIER HEIGHTS,6.0,98117.0,47.68959856,-122.37517708,Unknown,Yes,Sidewalk,"Garbage/Loose litter,Needles/Sharps,Hazardous materials (e.g., propane tanks),Bulky items,Human waste",0.0
2022UOF-1269-2902-29489,Level 2 - Use of Force,2022-11-10 06:29:00,5708,30362,White,Female,2022,11,22-00276940,2022-11-01 10:51:15,Closed,EAST,CAPITOL HILL,3.0,98122.0,47.61857213,-122.32058586,Yes,No,Sidewalk,Garbage/Loose litter,0.0
2022UOF-1269-2902-29489,Level 2 - Use of Force,2022-11-10 06:29:00,5708,30362,White,Female,2022,11,22-00290252,2022-11-18 09:43:10,Closed,WEST,CASCADE/EASTLAKE,7.0,98109.0,47.62032746,-122.33323561,Unknown,No,Sidewalk,Human waste,0.0
2022UOF-1269-2902-29489,Level 2 - Use of Force,2022-11-10 06:29:00,5708,30362,White,Female,2022,11,22-00276942,2022-11-01 10:53:14,Closed,EAST,CENTRAL AREA/SQUIRE PARK,3.0,98122.0,47.60933529,-122.30057865,Yes,Yes,No blockage,Garbage/Loose litter,0.0
2022UOF-1269-2902-29489,Level 2 - Use of Force,2022-11-10 06:29:00,5708,30362,White,Female,2022,11,22-00278821,2022-11-02 22:25:36,Closed,EAST,CAPITOL HILL,3.0,98122.0,47.61775471,-122.31735129,Yes,No,Sidewalk,"Garbage/Loose litter,Needles/Sharps,Hazardous materials (e.g., propane tanks),Bulky items,Human waste,Other (please explain in the Description)",0.0
2022UOF-1269-2902-29489,Level 2 - Use of Force,2022-11-10 06:29:00,5708,30362,White,Female,2022,11,22-00290259,2022-11-18 09:47:10,Closed,NORTH,OLYMPIC HILLS/VICTORY HEIGHTS,5.0,98125.0,47.71778024,-122.31152411,Yes,Yes,"Sidewalk,Entrance to business","Garbage/Loose litter,Hazardous materials (e.g., propane tanks),Bulky items,Human waste",0.0
2022UOF-1269-2902-29489,Level 2 - Use of Force,2022-11-10 06:29:00,5708,30362,White,Female,2022,11,22-00277070,2022-11-01 12:20:06,Closed,SOUTH,DUWAMISH/SODO,2.0,98134.0,47.55843132,-122.3378601,Yes,Yes,Sidewalk,"Garbage/Loose litter,Needles/Sharps,Hazardous materials (e.g., propane tanks),Bulky items,Human waste",0.0
2022UOF-1269-2902-29489,Level 2 - Use of Force,2022-11-10 06:29:00,5708,30362,White,Female,2022,11,22-00277096,2022-11-01 12:38:06,Closed,WEST,CASCADE/EASTLAKE,7.0,98109.0,47.62436571,-122.33389231,Yes,Yes,No blockage,Garbage/Loose litter,0.0
2022UOF-1269-2902-29489,Level 2 - Use of Force,2022-11-10 06:29:00,5708,30362,White,Female,2022,11,22-00278959,2022-11-03 08:34:15,Closed,WEST,QUEEN ANNE,7.0,98109.0,47.6319936,-122.34309595,Yes,No,"Sidewalk,Recreation amenity","Garbage/Loose litter,Needles/Sharps,Hazardous materials (e.g., propane tanks),Bulky items,Human waste",0.0
2022UOF-1269-2902-29489,Level 2 - Use of Force,2022-11-10 06:29:00,5708,30362,White,Female,2022,11,22-00277172,2022-11-01 13:20:26,Closed,NORTH,SUNSET HILL/LOYAL HEIGHTS,6.0,98117.0,47.68785416,-122.40254624,Yes,No,Sidewalk,Garbage/Loose litter,0.0
2022UOF-1269-2902-29489,Level 2 - Use of Force,2022-11-10 06:29:00,5708,30362,White,Female,2022,11,22-00290446,2022-11-18 12:38:50,Closed,WEST,PIONEER SQUARE/INTERNATIONAL DISTRICT,7.0,98104.0,47.60022917,-122.33534588,Unknown,No,No blockage,Garbage/Loose litter,0.0
2022UOF-1269-2902-29489,Level 2 - Use of Force,2022-11-10 06:29:00,5708,30362,White,Female,2022,11,22-00278969,2022-11-03 08:40:24,Closed,SOUTHWEST,ROXHILL/WESTWOOD,1.0,98126.0,47.52611497,-122.37289322,Yes,White,No blockage,Garbage/Loose litter,0.0
2022UOF-1269-2902-29489,Level 2 - Use of Force,2022-11-10 06:29:00,5708,30362,White,Female,2022,11,22-00277183,2022-11-01 13:28:33,Closed,SOUTHWEST,NORTH DELRIDGE,1.0,98126.0,47.57669786,-122.37175963,No,Yes,No blockage,"Garbage/Loose litter,Bulky items,Human waste",0.0
2022UOF-1269-2902-29489,Level 2 - Use of Force,2022-11-10 06:29:00,5708,30362,White,Female,2022,11,22-00277193,2022-11-01 13:38:34,Closed,SOUTHWEST,NORTH DELRIDGE,1.0,98126.0,47.55392142,-122.36971078,Unknown,Yes,Recreation amenity,Garbage/Loose litter,0.0
2022UOF-1269-2902-29489,Level 2 - Use of Force,2022-11-10 06:29:00,5708,30362,White,Female,2022,11,22-00290499,2022-11-18 13:27:13,Closed,EAST,CAPITOL HILL,3.0,98122.0,47.61775471,-122.31735129,Yes,No,Sidewalk,Garbage/Loose litter,0.0
2022UOF-1269-2902-29489,Level 2 - Use of Force,2022-11-10 06:29:00,5708,30362,White,Female,2022,11,22-00290625,2022-11-18 15:20:17,Closed,SOUTHWEST,SOUTH PARK,1.0,98108.0,47.52750028,-122.31603268,Yes,Yes,"No blockage,Other (please explain in the Description),Entrance to business",Garbage/Loose litter,0.0
2022UOF-1269-2902-29489,Level 2 - Use of Force,2022-11-10 06:29:00,5708,30362,White,Female,2022,11,22-00290669,2022-11-18 15:52:28,Closed,SOUTHWEST,NORTH DELRIDGE,1.0,98126.0,47.57669786,-122.37175963,Yes,Yes,"Recreation amenity,Bike lane,Sidewalk","Garbage/Loose litter,Bulky items,Human waste",0.0
2022UOF-1269-2902-29489,Level 2 - Use of Force,2022-11-10 06:29:00,5708,30362,White,Female,2022,11,22-00277195,2022-11-01 13:42:36,Closed,EAST,CAPITOL HILL,3.0,98122.0,47.61775471,-122.31735129,Yes,No,No blockage,"Garbage/Loose litter,Human waste",0.0
2022UOF-1269-2902-29489,Level 2 - Use of Force,2022-11-10 06:29:00,5708,30362,White,Female,2022,11,22-00278973,2022-11-03 08:42:22,Closed,SOUTHWEST,HIGHLAND PARK,1.0,98106.0,47.52770366,-122.35476976,No,Yes,"Sidewalk,Bike lane,Other (please explain in the Description)","Garbage/Loose litter,Hazardous materials (e.g., propane tanks),Bulky items,Other (please explain in the Description)",0.0
2022UOF-1269-2902-29489,Level 2 - Use of Force,2022-11-10 06:29:00,5708,30362,White,Female,2022,11,22-00277289,2022-11-01 15:01:12,Closed,SOUTH,MT. BAKER/NORTH RAINIER,2.0,98144.0,47.57664356,-122.28615913,Yes,No,No blockage,Garbage/Loose litter,0.0
2022UOF-1269-2902-29489,Level 2 - Use of Force,2022-11-10 06:29:00,5708,30362,White,Female,2022,11,22-00277536,2022-11-01 18:08:38,Closed,WEST,CASCADE/EASTLAKE,4.0,98102.0,47.6324583,-122.32657841,Yes,Yes,No blockage,"Garbage/Loose litter,Hazardous materials (e.g., propane tanks),Bulky items",0.0
2022UOF-1269-2902-29489,Level 2 - Use of Force,2022-11-10 06:29:00,5708,30362,White,Female,2022,11,22-00290672,2022-11-18 15:54:33,Closed,SOUTH,COLUMBIA CITY,2.0,98144.0,47.57182633,-122.29638914,Yes,Unknown,Sidewalk,Garbage/Loose litter,0.0
2022UOF-1269-2902-29489,Level 2 - Use of Force,2022-11-10 06:29:00,5708,30362,White,Female,2022,11,22-00277580,2022-11-01 19:11:08,Closed,WEST,QUEEN ANNE,7.0,98109.0,47.62528352,-122.3556621,Yes,No,Sidewalk,Garbage/Loose litter,0.0
2022UOF-1269-2902-29489,Level 2 - Use of Force,2022-11-10 06:29:00,5708,30362,White,Female,2022,11,22-00279098,2022-11-03 09:52:54,Closed,NORTH,WHITTIER HEIGHTS,6.0,98117.0,47.68994468,-122.3752917,Yes,No,Sidewalk,"Garbage/Loose litter,Needles/Sharps,Bulky items",0.0
2022UOF-1269-2902-29489,Level 2 - Use of Force,2022-11-10 06:29:00,5708,30362,White,Female,2022,11,22-00277586,2022-11-01 19:21:11,Closed,NORTH,FREMONT,6.0,98107.0,47.66271953,-122.36597616,Yes,Yes,"Sidewalk,Bike lane,Recreation amenity,Entrance to business","Garbage/Loose litter,Needles/Sharps,Hazardous materials (e.g., propane tanks),Bulky items",0.0
2022UOF-1269-2902-29489,Level 2 - Use of Force,2022-11-10 06:29:00,5708,30362,White,Female,2022,11,22-00277674,2022-11-02 06:17:21,Closed,NORTH,NORTHGATE/MAPLE LEAF,5.0,98115.0,47.69156352,-122.30713357,Yes,Yes,Sidewalk,"Garbage/Loose litter,Hazardous materials (e.g., propane tanks),Other (please explain in the Description)",0.0
2022UOF-1269-2902-29489,Level 2 - Use of Force,2022-11-10 06:29:00,5708,30362,White,Female,2022,11,22-00291101,2022-11-19 15:55:51,Closed,WEST,CASCADE/EASTLAKE,7.0,98109.0,47.62094151,-122.33328446,No,No,Sidewalk,Garbage/Loose litter,1.0
2022UOF-1269-2902-29489,Level 2 - Use of Force,2022-11-10 06:29:00,5708,30362,White,Female,2022,11,22-00291117,2022-11-19 16:22:04,Closed,SOUTH,COLUMBIA CITY,2.0,98118.0,47.56593614,-122.28694293,Yes,Yes,"Sidewalk,Entrance to business","Garbage/Loose litter,Hazardous materials (e.g., propane tanks),Needles/Sharps",1.0
2022UOF-1269-2902-29489,Level 2 - Use of Force,2022-11-10 06:29:00,5708,30362,White,Female,2022,11,22-00277680,2022-11-02 06:34:19,Closed,NORTH,WALLINGFORD,4.0,98105.0,47.65470059,-122.32003029,Yes,Yes,No blockage,Bulky items,0.0
2022UOF-1269-2902-29489,Level 2 - Use of Force,2022-11-10 06:29:00,5708,30362,White,Female,2022,11,22-00291142,2022-11-19 17:00:23,Closed,WEST,QUEEN ANNE,7.0,98109.0,47.62560217,-122.34865199,Yes,No,Sidewalk,"Bulky items,Human waste,Garbage/Loose litter,Hazardous materials (e.g., propane tanks)",1.0
2022UOF-1269-2902-29489,Level 2 - Use of Force,2022-11-10 06:29:00,5708,30362,White,Female,2022,11,22-00279187,2022-11-03 10:46:53,Closed,NORTH,BALLARD,6.0,98107.0,47.66279835,-122.36895857,Yes,No,Other (please explain in the Description),Needles/Sharps,0.0
2022UOF-1269-2902-29489,Level 2 - Use of Force,2022-11-10 06:29:00,5708,30362,White,Female,2022,11,22-00277781,2022-11-02 08:29:18,Closed,WEST,MONTLAKE/PORTAGE BAY,4.0,98102.0,47.64734855,-122.32342569,Yes,No,No blockage,Other (please explain in the Description),0.0
2022UOF-1269-2902-29489,Level 2 - Use of Force,2022-11-10 06:29:00,5708,30362,White,Female,2022,11,22-00291208,2022-11-20 08:05:09,Closed,EAST,CENTRAL AREA/SQUIRE PARK,3.0,98122.0,47.60988787,-122.30467856,Yes,Yes,Sidewalk,"Needles/Sharps,Garbage/Loose litter,Hazardous materials (e.g., propane tanks),Bulky items,Other (please explain in the Description)",1.0
2022UOF-1269-2902-29489,Level 2 - Use of Force,2022-11-10 06:29:00,5708,30362,White,Female,2022,11,22-00277846,2022-11-02 09:19:41,Closed,WEST,PIONEER SQUARE/INTERNATIONAL DISTRICT,2.0,98104.0,47.59818751,-122.32218705,Yes,Yes,"Sidewalk,Bike lane,Recreation amenity,Construction project,Entrance to business,Entrance to residence","Garbage/Loose litter,Needles/Sharps,Hazardous materials (e.g., propane tanks),Bulky items,Human waste",0.0
2022UOF-1269-2902-29489,Level 2 - Use of Force,2022-11-10 06:29:00,5708,30362,White,Female,2022,11,22-00291210,2022-11-20 08:11:12,Closed,EAST,MADRONA/LESCHI,3.0,98144.0,47.59560505,-122.29607066,Yes,Yes,Other (please explain in the Description),"Garbage/Loose litter,Needles/Sharps,Hazardous materials (e.g., propane tanks),Bulky items,Human waste",1.0
2022UOF-1269-2902-29489,Level 2 - Use of Force,2022-11-10 06:29:00,5708,30362,White,Female,2022,11,22-00279220,2022-11-03 11:13:31,Closed,WEST,CASCADE/EASTLAKE,7.0,98109.0,47.62358907,-122.32951933,Unknown,No,No blockage,"Garbage/Loose litter,Bulky items",0.0
2022UOF-1269-2902-29489,Level 2 - Use of Force,2022-11-10 06:29:00,5708,30362,White,Female,2022,11,22-00279226,2022-11-03 11:17:38,Closed,EAST,CENTRAL AREA/SQUIRE PARK,3.0,98122.0,47.61018153,-122.30478062,Unknown,Yes,Sidewalk,Garbage/Loose litter,0.0
2022UOF-1269-2902-29489,Level 2 - Use of Force,2022-11-10 06:29:00,5708,30362,White,Female,2022,11,22-00277966,2022-11-02 10:32:12,Closed,EAST,CAPITOL HILL,3.0,98122.0,47.61855564,-122.32104976,Yes,No,Sidewalk,"Garbage/Loose litter,Human waste",0.0
2022UOF-1269-2902-29489,Level 2 - Use of Force,2022-11-10 06:29:00,5708,30362,White,Female,2022,11,22-00291464,2022-11-20 16:34:02,Closed,WEST,CASCADE/EASTLAKE,7.0,98109.0,47.62094151,-122.33328446,Yes,No,Sidewalk,Bulky items,1.0
2022UOF-1269-2902-29489,Level 2 - Use of Force,2022-11-10 06:29:00,5708,30362,White,Female,2022,11,22-00291468,2022-11-20 16:40:06,Closed,SOUTHWEST,NORTH DELRIDGE,1.0,98126.0,47.57669786,-122.37175963,Yes,Yes,"Other (please explain in the Description),Sidewalk",Bulky items,1.0
2022UOF-1269-2902-29489,Level 2 - Use of Force,2022-11-10 06:29:00,5708,30362,White,Female,2022,11,22-00277969,2022-11-02 10:34:11,Closed,WEST,QUEEN ANNE,7.0,98109.0,47.62562849,-122.35596415,Yes,No,Sidewalk,Garbage/Loose litter,0.0
2022UOF-1269-2902-29489,Level 2 - Use of Force,2022-11-10 06:29:00,5708,30362,White,Female,2022,11,22-00291472,2022-11-20 16:44:07,Closed,SOUTHWEST,NORTH DELRIDGE,1.0,98126.0,47.57630759,-122.37171613,Yes,Yes,Bike lane,Bulky items,1.0
2022UOF-1269-2902-29489,Level 2 - Use of Force,2022-11-10 06:29:00,5708,30362,White,Female,2022,11,22-00279344,2022-11-03 13:18:43,Closed,WEST,INTERBAY,7.0,98119.0,47.63127801,-122.37386897,Yes,No,No blockage,Needles/Sharps,0.0
2022UOF-1269-2902-29489,Level 2 - Use of Force,2022-11-10 06:29:00,5708,30362,White,Female,2022,11,22-00291506,2022-11-20 19:47:50,Closed,WEST,CASCADE/EASTLAKE,7.0,98109.0,47.62094151,-122.33328446,Yes,Yes,"Sidewalk,Entrance to residence",Garbage/Loose litter,1.0
2022UOF-1269-2902-29489,Level 2 - Use of Force,2022-11-10 06:29:00,5708,30362,White,Female,2022,11,22-00279453,2022-11-03 14:57:11,Closed,NORTH,FREMONT,6.0,98107.0,47.66255655,-122.36483121,Yes,Yes,Sidewalk,"Garbage/Loose litter,Needles/Sharps,Hazardous materials (e.g., propane tanks)",0.0
2022UOF-1269-2902-29489,Level 2 - Use of Force,2022-11-10 06:29:00,5708,30362,White,Female,2022,11,22-00279488,2022-11-03 15:53:36,Closed,WEST,QUEEN ANNE,7.0,98109.0,47.6319936,-122.34309595,Yes,No,Sidewalk,Garbage/Loose litter,0.0
2022UOF-1269-2902-29489,Level 2 - Use of Force,2022-11-10 06:29:00,5708,30362,White,Female,2022,11,22-00278495,2022-11-02 15:26:24,Closed,NORTH,WALLINGFORD,4.0,98103.0,47.65371249,-122.32820099,Yes,No,"Sidewalk,Bike lane","Garbage/Loose litter,Needles/Sharps,Human waste",0.0
2022UOF-1269-2902-29489,Level 2 - Use of Force,2022-11-10 06:29:00,5708,30362,White,Female,2022,11,22-00291735,2022-11-21 09:15:11,Closed,EAST,JUDKINS PARK,3.0,98144.0,47.60048876,-122.3113724,Yes,Yes,Sidewalk,"Garbage/Loose litter,Bulky items,Human waste",0.0
2022UOF-1269-2902-29489,Level 2 - Use of Force,2022-11-10 06:29:00,5708,30362,White,Female,2022,11,22-00279655,2022-11-03 22:18:32,Closed,SOUTHWEST,ALKI/ADMIRAL,1.0,98116.0,47.56360862,-122.40630498,Yes,Unknown,Recreation amenity,Garbage/Loose litter,0.0
2022UOF-1269-2902-29489,Level 2 - Use of Force,2022-11-10 06:29:00,5708,30362,White,Female,2022,11,22-00291858,2022-11-21 10:41:59,Closed,NORTH,UNIVERSITY DISTRICT,4.0,98105.0,47.66344947,-122.31339731,Yes,Unknown,"Sidewalk,Entrance to residence,Entrance to business","Human waste,Garbage/Loose litter",0.0
2022UOF-1269-2902-29489,Level 2 - Use of Force,2022-11-10 06:29:00,5708,30362,White,Female,2022,11,22-00279897,2022-11-04 09:29:40,Closed,WEST,QUEEN ANNE,7.0,98109.0,47.6248547,-122.35580914,Yes,No,Sidewalk,"Garbage/Loose litter,Bulky items",0.0
2022UOF-1269-2902-29489,Level 2 - Use of Force,2022-11-10 06:29:00,5708,30362,White,Female,2022,11,22-00291884,2022-11-21 10:58:08,Closed,SOUTH,SOUTH BEACON HILL/NEWHOLLY,2.0,98118.0,47.52771469,-122.27970239,Yes,Yes,Sidewalk,Bulky items,0.0
2022UOF-1269-2902-29489,Level 2 - Use of Force,2022-11-10 06:29:00,5708,30362,White,Female,2022,11,22-00279934,2022-11-04 10:00:24,Closed,WEST,QUEEN ANNE,7.0,98109.0,47.63243148,-122.34382912,Yes,No,Sidewalk,"Garbage/Loose litter,Needles/Sharps,Bulky items,Human waste",0.0
2022UOF-1269-2902-29489,Level 2 - Use of Force,2022-11-10 06:29:00,5708,30362,White,Female,2022,11,22-00291919,2022-11-21 11:16:20,Closed,WEST,QUEEN ANNE,7.0,98109.0,47.64834739,-122.35387992,Yes,Yes,Sidewalk,Garbage/Loose litter,0.0
2022UOF-1269-2902-29489,Level 2 - Use of Force,2022-11-10 06:29:00,5708,30362,White,Female,2022,11,22-00291922,2022-11-21 11:18:21,Closed,SOUTH,GEORGETOWN,2.0,98108.0,47.55165933,-122.33047751,Yes,Yes,No blockage,Garbage/Loose litter,0.0
2022UOF-1269-2902-29489,Level 2 - Use of Force,2022-11-10 06:29:00,5708,30362,White,Female,2022,11,22-00278666,2022-11-02 17:11:17,Closed,WEST,QUEEN ANNE,7.0,98109.0,47.64658194,-122.35114254,Yes,No,Sidewalk,Other (please explain in the Description),0.0
2022UOF-1269-2902-29489,Level 2 - Use of Force,2022-11-10 06:29:00,5708,30362,White,Female,2022,11,22-00291977,2022-11-21 11:58:50,Closed,SOUTHWEST,ROXHILL/WESTWOOD,1.0,98126.0,47.5245946,-122.3672224,Yes,Yes,"Sidewalk,Bike lane","Garbage/Loose litter,Hazardous materials (e.g., propane tanks),Bulky items,Human waste,Needles/Sharps",0.0
2022UOF-1269-2902-29489,Level 2 - Use of Force,2022-11-10 06:29:00,5708,30362,White,Female,2022,11,22-00280027,2022-11-04 11:02:23,Closed,SOUTHWEST,ALKI/ADMIRAL,1.0,98116.0,47.56360862,-122.40630498,Yes,No,No blockage,"Garbage/Loose litter,Needles/Sharps,Human waste",0.0
2022UOF-1269-2902-29489,Level 2 - Use of Force,2022-11-10 06:29:00,5708,30362,White,Female,2022,11,22-00292322,2022-11-21 16:03:02,Closed,NORTH,RAVENNA/BRYANT,4.0,98115.0,47.68374865,-122.31671049,Yes,Yes,No blockage,"Hazardous materials (e.g., propane tanks),Bulky items,Needles/Sharps,Garbage/Loose litter,Other (please explain in the Description)",0.0
2022UOF-1269-2902-29489,Level 2 - Use of Force,2022-11-10 06:29:00,5708,30362,White,Female,2022,11,22-00278791,2022-11-02 20:52:55,Closed,SOUTH,GEORGETOWN,2.0,98108.0,47.5500615,-122.32146053,Yes,Unknown,Sidewalk,Garbage/Loose litter,0.0
2022UOF-1269-2902-29489,Level 2 - Use of Force,2022-11-10 06:29:00,5708,30362,White,Female,2022,11,22-00292356,2022-11-21 16:33:20,Closed,WEST,CASCADE/EASTLAKE,7.0,98109.0,47.62525762,-122.34019167,Yes,Yes,"Sidewalk,Bike lane,Recreation amenity,Construction project,Entrance to business,Entrance to residence","Garbage/Loose litter,Needles/Sharps,Hazardous materials (e.g., propane tanks),Bulky items,Human waste",0.0
2022UOF-1269-2902-29489,Level 2 - Use of Force,2022-11-10 06:29:00,5708,30362,White,Female,2022,11,22-00292492,2022-11-21 22:34:05,Closed,WEST,CASCADE/EASTLAKE,7.0,98109.0,47.62094151,-122.33328446,Unknown,No,No blockage,Garbage/Loose litter,0.0
2022UOF-1269-2902-29489,Level 2 - Use of Force,2022-11-10 06:29:00,5708,30362,White,Female,2022,11,22-00278824,2022-11-02 22:55:49,Closed,NORTH,CEDAR PARK/MEADOWBROOK,5.0,98125.0,47.72081678,-122.29194729,Yes,Yes,"Sidewalk,Recreation amenity,Construction project,Entrance to business,Entrance to residence","Garbage/Loose litter,Needles/Sharps,Hazardous materials (e.g., propane tanks),Bulky items,Human waste,Other (please explain in the Description)",0.0
2022UOF-1269-2902-29489,Level 2 - Use of Force,2022-11-10 06:29:00,5708,30362,White,Female,2022,11,22-00278873,2022-11-03 07:31:46,Closed,WEST,CASCADE/EASTLAKE,7.0,98101.0,47.61708208,-122.33433599,Unknown,No,Sidewalk,Garbage/Loose litter,0.0
2022UOF-1269-2902-29489,Level 2 - Use of Force,2022-11-10 06:29:00,5708,30362,White,Female,2022,11,22-00280064,2022-11-04 11:30:36,Closed,NORTH,OLYMPIC HILLS/VICTORY HEIGHTS,5.0,98125.0,47.73265084,-122.31553959,No,No,No blockage,Needles/Sharps,0.0
2022UOF-1269-2902-29489,Level 2 - Use of Force,2022-11-10 06:29:00,5708,30362,White,Female,2022,11,22-00292696,2022-11-22 09:46:48,Closed,SOUTHWEST,NORTH DELRIDGE,1.0,98126.0,47.57630759,-122.37171613,Yes,Yes,"Sidewalk,Bike lane,Recreation amenity,Construction project,Entrance to business,Entrance to residence","Garbage/Loose litter,Hazardous materials (e.g., propane tanks),Bulky items,Human waste",0.0
2022UOF-1269-2902-29489,Level 2 - Use of Force,2022-11-10 06:29:00,5708,30362,White,Female,2022,11,22-00280118,2022-11-04 12:25:01,Closed,SOUTHWEST,ROXHILL/WESTWOOD,1.0,98126.0,47.52450231,-122.36840169,Yes,Yes,"No blockage,Other (please explain in the Description)","Hazardous materials (e.g., propane tanks),Garbage/Loose litter",0.0
2022UOF-1269-2902-29489,Level 2 - Use of Force,2022-11-10 06:29:00,5708,30362,White,Female,2022,11,22-00279008,2022-11-03 09:05:28,Closed,SOUTHWEST,NORTH DELRIDGE,1.0,98126.0,47.57669786,-122.37175963,Yes,Yes,Other (please explain in the Description),"Garbage/Loose litter,Other (please explain in the Description)",0.0
2022UOF-1269-2902-29489,Level 2 - Use of Force,2022-11-10 06:29:00,5708,30362,White,Female,2022,11,22-00293317,2022-11-22 21:30:50,Closed,WEST,INTERBAY,7.0,98199.0,47.63240462,-122.39045973,Unknown,Brown,Recreation amenity,Other (please explain in the Description),0.0
2022UOF-1269-2902-29489,Level 2 - Use of Force,2022-11-10 06:29:00,5708,30362,White,Female,2022,11,22-00293351,2022-11-23 06:01:49,Closed,EAST,MILLER PARK,3.0,98112.0,47.62304094,-122.3124922,Yes,No,Sidewalk,Garbage/Loose litter,0.0
2022UOF-1269-2902-29489,Level 2 - Use of Force,2022-11-10 06:29:00,5708,30362,White,Female,2022,11,22-00293442,2022-11-23 09:17:31,Closed,NORTH,WHITTIER HEIGHTS,6.0,98117.0,47.68994468,-122.3752917,Yes,Yes,Sidewalk,"Garbage/Loose litter,Bulky items",0.0
2022UOF-1269-2902-29489,Level 2 - Use of Force,2022-11-10 06:29:00,5708,30362,White,Female,2022,11,22-00293594,2022-11-23 10:54:25,Closed,NORTH,BALLARD,6.0,98107.0,47.66317201,-122.37003709,Yes,Yes,Sidewalk,"Bulky items,Garbage/Loose litter",0.0
2022UOF-1269-2902-29489,Level 2 - Use of Force,2022-11-10 06:29:00,5708,30362,White,Female,2022,11,22-00280336,2022-11-04 15:31:28,Closed,NORTH,LAURELHURST/SAND POINT,4.0,98115.0,47.68785925,-122.26488811,Yes,Yes,"Recreation amenity,Entrance to business","Garbage/Loose litter,Hazardous materials (e.g., propane tanks),Human waste",0.0
2022UOF-1269-2902-29489,Level 2 - Use of Force,2022-11-10 06:29:00,5708,30362,White,Female,2022,11,22-00279290,2022-11-03 11:49:46,Closed,WEST,CASCADE/EASTLAKE,7.0,98109.0,47.62097163,-122.33392991,Yes,No,Other (please explain in the Description),"Garbage/Loose litter,Hazardous materials (e.g., propane tanks),Bulky items,Human waste",0.0
2022UOF-1269-2902-29489,Level 2 - Use of Force,2022-11-10 06:29:00,5708,30362,White,Female,2022,11,22-00293660,2022-11-23 11:30:41,Closed,WEST,INTERBAY,7.0,98119.0,47.63322273,-122.38534037,Yes,Yes,Recreation amenity,"Hazardous materials (e.g., propane tanks)",0.0
2022UOF-1269-2902-29489,Level 2 - Use of Force,2022-11-10 06:29:00,5708,30362,White,Female,2022,11,22-00280376,2022-11-04 16:05:48,Closed,SOUTH,NORTH BEACON HILL/JEFFERSON PARK,3.0,98144.0,47.58978297,-122.307251,Yes,No,Bike lane,"Garbage/Loose litter,Needles/Sharps,Hazardous materials (e.g., propane tanks),Bulky items,Human waste",0.0
2022UOF-1269-2902-29489,Level 2 - Use of Force,2022-11-10 06:29:00,5708,30362,White,Female,2022,11,22-00280421,2022-11-04 16:48:03,Closed,SOUTHWEST,NORTH DELRIDGE,1.0,98106.0,47.5691999,-122.35654024,Yes,Yes,Sidewalk,"Hazardous materials (e.g., propane tanks)",0.0
2022UOF-1269-2902-29489,Level 2 - Use of Force,2022-11-10 06:29:00,5708,30362,White,Female,2022,11,22-00293786,2022-11-23 12:59:30,Closed,EAST,MILLER PARK,3.0,98112.0,47.62304094,-122.3124922,Yes,No,Sidewalk,Garbage/Loose litter,0.0
2022UOF-1269-2902-29489,Level 2 - Use of Force,2022-11-10 06:29:00,5708,30362,White,Female,2022,11,22-00280481,2022-11-04 18:28:48,Closed,SOUTH,NORTH BEACON HILL/JEFFERSON PARK,3.0,98144.0,47.58946274,-122.30873223,Yes,Unknown,No blockage,"Garbage/Loose litter,Human waste,Bulky items",0.0
2022UOF-1269-2902-29489,Level 2 - Use of Force,2022-11-10 06:29:00,5708,30362,White,Female,2022,11,22-00293979,2022-11-23 16:31:22,Closed,SOUTHWEST,HIGHLAND PARK,1.0,98106.0,47.52071008,-122.33501174,Yes,Yes,"No blockage,Construction project","Garbage/Loose litter,Bulky items,Human waste",0.0
2022UOF-1269-2902-29489,Level 2 - Use of Force,2022-11-10 06:29:00,5708,30362,White,Female,2022,11,22-00279856,2022-11-04 08:51:23,Closed,NORTH,BALLARD,6.0,98107.0,47.66579895,-122.38385166,Yes,No,Other (please explain in the Description),Garbage/Loose litter,0.0
2022UOF-1269-2902-29489,Level 2 - Use of Force,2022-11-10 06:29:00,5708,30362,White,Female,2022,11,22-00279870,2022-11-04 09:09:31,Closed,EAST,CASCADE/EASTLAKE,3.0,98102.0,47.63299882,-122.32291275,Yes,Yes,"Sidewalk,Bike lane,Recreation amenity,Entrance to residence,Other (please explain in the Description)","Garbage/Loose litter,Hazardous materials (e.g., propane tanks),Bulky items",0.0
2022UOF-1269-2902-29489,Level 2 - Use of Force,2022-11-10 06:29:00,5708,30362,White,Female,2022,11,22-00294035,2022-11-23 20:05:10,Closed,SOUTHWEST,ALKI/ADMIRAL,1.0,98116.0,47.57969342,-122.40963093,Yes,Unknown,Other (please explain in the Description),Garbage/Loose litter,0.0
2022UOF-1269-2902-29489,Level 2 - Use of Force,2022-11-10 06:29:00,5708,30362,White,Female,2022,11,22-00280557,2022-11-05 01:48:09,Closed,WEST,QUEEN ANNE,7.0,98109.0,47.6319936,-122.34309595,Yes,No,"Sidewalk,Recreation amenity,Entrance to residence","Garbage/Loose litter,Needles/Sharps,Hazardous materials (e.g., propane tanks),Bulky items,Human waste",1.0
2022UOF-1269-2902-29489,Level 2 - Use of Force,2022-11-10 06:29:00,5708,30362,White,Female,2022,11,22-00294053,2022-11-24 00:07:05,Closed,EAST,CASCADE/EASTLAKE,3.0,98102.0,47.6330384,-122.32286942,Yes,Yes,Sidewalk,"Garbage/Loose litter,Needles/Sharps,Hazardous materials (e.g., propane tanks),Bulky items,Human waste",0.0
2022UOF-1269-2902-29489,Level 2 - Use of Force,2022-11-10 06:29:00,5708,30362,White,Female,2022,11,22-00280090,2022-11-04 12:02:52,Closed,SOUTH,NORTH BEACON HILL/JEFFERSON PARK,2.0,98144.0,47.59456353,-122.31479215,Unknown,No,No blockage,Bulky items,0.0
2022UOF-1269-2902-29489,Level 2 - Use of Force,2022-11-10 06:29:00,5708,30362,White,Female,2022,11,22-00280609,2022-11-05 09:13:35,Closed,WEST,CASCADE/EASTLAKE,4.0,98102.0,47.63596395,-122.32835808,Yes,Yes,Recreation amenity,"Garbage/Loose litter,Hazardous materials (e.g., propane tanks)",1.0
2022UOF-1269-2902-29489,Level 2 - Use of Force,2022-11-10 06:29:00,5708,30362,White,Female,2022,11,22-00294056,2022-11-24 01:21:38,Closed,EAST,CAPITOL HILL,3.0,98122.0,47.61775471,-122.31735129,Yes,No,"Sidewalk,Other (please explain in the Description)","Bulky items,Garbage/Loose litter",0.0
2022UOF-1269-2902-29489,Level 2 - Use of Force,2022-11-10 06:29:00,5708,30362,White,Female,2022,11,22-00280168,2022-11-04 13:05:20,Closed,NORTH,WALLINGFORD,4.0,98105.0,47.65583476,-122.32502312,Unknown,No,Other (please explain in the Description),Garbage/Loose litter,0.0
2022UOF-1269-2902-29489,Level 2 - Use of Force,2022-11-10 06:29:00,5708,30362,White,Female,2022,11,22-00294120,2022-11-24 10:33:51,Closed,NORTH,UNIVERSITY DISTRICT,4.0,98115.0,47.67360528,-122.30867107,Yes,No,No blockage,"Garbage/Loose litter,Human waste,Other (please explain in the Description)",0.0
2022UOF-1269-2902-29489,Level 2 - Use of Force,2022-11-10 06:29:00,5708,30362,White,Female,2022,11,22-00280293,2022-11-04 14:51:10,Closed,NORTH,BALLARD,6.0,98107.0,47.66475241,-122.37309575,Yes,White,"Sidewalk,Bike lane,Entrance to business","Garbage/Loose litter,Human waste",0.0
2022UOF-1269-2902-29489,Level 2 - Use of Force,2022-11-10 06:29:00,5708,30362,White,Female,2022,11,22-00280844,2022-11-05 14:32:03,Closed,NORTH,BALLARD,6.0,98107.0,47.66547702,-122.38026426,Unknown,No,Sidewalk,"Bulky items,Garbage/Loose litter",1.0
2022UOF-1269-2902-29489,Level 2 - Use of Force,2022-11-10 06:29:00,5708,30362,White,Female,2022,11,22-00280326,2022-11-04 15:15:19,Closed,NORTH,WEDGWOOD/VIEW RIDGE,5.0,98115.0,47.69470733,-122.27325073,Yes,Unknown,Recreation amenity,Garbage/Loose litter,0.0
2022UOF-1269-2902-29489,Level 2 - Use of Force,2022-11-10 06:29:00,5708,30362,White,Female,2022,11,22-00280846,2022-11-05 14:36:01,Closed,NORTH,CEDAR PARK/MEADOWBROOK,5.0,98125.0,47.71378176,-122.2908523,Yes,Yes,Sidewalk,"Garbage/Loose litter,Hazardous materials (e.g., propane tanks),Bulky items",1.0
2022UOF-1269-2902-29489,Level 2 - Use of Force,2022-11-10 06:29:00,5708,30362,White,Female,2022,11,22-00280887,2022-11-05 15:18:20,Closed,NORTH,RAVENNA/BRYANT,4.0,98105.0,47.66713227,-122.28548698,Unknown,Yes,No blockage,"Hazardous materials (e.g., propane tanks),Garbage/Loose litter,Other (please explain in the Description)",1.0
2022UOF-1269-2902-29489,Level 2 - Use of Force,2022-11-10 06:29:00,5708,30362,White,Female,2022,11,22-00294256,2022-11-24 22:17:13,Closed,NORTH,BALLARD,6.0,98107.0,47.66317537,-122.37282743,Yes,Yes,"Sidewalk,Entrance to business","Garbage/Loose litter,Needles/Sharps,Hazardous materials (e.g., propane tanks),Bulky items,Human waste",0.0
2022UOF-1269-2902-29489,Level 2 - Use of Force,2022-11-10 06:29:00,5708,30362,White,Female,2022,11,22-00280328,2022-11-04 15:17:20,Closed,NORTH,WHITTIER HEIGHTS,6.0,98117.0,47.69048072,-122.37577897,Yes,Yes,Sidewalk,"Bulky items,Garbage/Loose litter",0.0
2022UOF-1269-2902-29489,Level 2 - Use of Force,2022-11-10 06:29:00,5708,30362,White,Female,2022,11,22-00280987,2022-11-05 18:15:42,Closed,NORTH,BALLARD,6.0,98107.0,47.66984389,-122.38420423,Yes,No,Entrance to business,Garbage/Loose litter,1.0
2022UOF-1269-2902-29489,Level 2 - Use of Force,2022-11-10 06:29:00,5708,30362,White,Female,2022,11,22-00294278,2022-11-25 06:59:12,Closed,NORTH,UNIVERSITY DISTRICT,4.0,98115.0,47.67378316,-122.30915365,Unknown,No,Recreation amenity,Garbage/Loose litter,0.0
2022UOF-1269-2902-29489,Level 2 - Use of Force,2022-11-10 06:29:00,5708,30362,White,Female,2022,11,22-00280334,2022-11-04 15:31:26,Closed,EAST,CASCADE/EASTLAKE,3.0,98102.0,47.63476872,-122.32271034,Yes,Yes,Sidewalk,Other (please explain in the Description),0.0
2022UOF-1269-2902-29489,Level 2 - Use of Force,2022-11-10 06:29:00,5708,30362,White,Female,2022,11,22-00281032,2022-11-05 21:47:19,Closed,WEST,CASCADE/EASTLAKE,7.0,98109.0,47.62436571,-122.33389231,Yes,No,Recreation amenity,"Bulky items,Hazardous materials (e.g., propane tanks),Garbage/Loose litter,Needles/Sharps",1.0
2022UOF-1269-2902-29489,Level 2 - Use of Force,2022-11-10 06:29:00,5708,30362,White,Female,2022,11,22-00280395,2022-11-04 16:31:54,Closed,NORTH,WALLINGFORD,4.0,98105.0,47.65469287,-122.31961896,Yes,Yes,Sidewalk,Garbage/Loose litter,0.0
2022UOF-1269-2902-29489,Level 2 - Use of Force,2022-11-10 06:29:00,5708,30362,White,Female,2022,11,22-00294406,2022-11-25 14:00:25,Closed,SOUTHWEST,RIVERVIEW,1.0,98106.0,47.54630651,-122.35520817,Unknown,Yes,"Sidewalk,Bike lane,Other (please explain in the Description)","Garbage/Loose litter,Bulky items",0.0
2022UOF-1269-2902-29489,Level 2 - Use of Force,2022-11-10 06:29:00,5708,30362,White,Female,2022,11,22-00280503,2022-11-04 19:27:14,Closed,EAST,CAPITOL HILL,3.0,98122.0,47.61775471,-122.31735129,Yes,No,"Recreation amenity,Sidewalk,Entrance to business","Garbage/Loose litter,Bulky items,Other (please explain in the Description)",0.0
2022UOF-1269-2902-29489,Level 2 - Use of Force,2022-11-10 06:29:00,5708,30362,White,Female,2022,11,22-00281075,2022-11-06 07:53:56,Closed,NORTH,BALLARD,6.0,98107.0,47.66395556,-122.37928076,Unknown,Yes,Sidewalk,"Garbage/Loose litter,Hazardous materials (e.g., propane tanks)",1.0
2022UOF-1269-2902-29489,Level 2 - Use of Force,2022-11-10 06:29:00,5708,30362,White,Female,2022,11,22-00280576,2022-11-05 08:05:02,Closed,WEST,CASCADE/EASTLAKE,4.0,98102.0,47.63646945,-122.32553776,Yes,No,"Sidewalk,Construction project",Garbage/Loose litter,1.0
2022UOF-1269-2902-29489,Level 2 - Use of Force,2022-11-10 06:29:00,5708,30362,White,Female,2022,11,22-00281155,2022-11-06 10:35:10,Closed,WEST,QUEEN ANNE,7.0,98109.0,47.6319936,-122.34309595,Yes,No,"Sidewalk,Entrance to residence","Needles/Sharps,Hazardous materials (e.g., propane tanks),Bulky items,Human waste,Garbage/Loose litter",1.0
2022UOF-1269-2902-29489,Level 2 - Use of Force,2022-11-10 06:29:00,5708,30362,White,Female,2022,11,22-00294523,2022-11-26 08:28:55,Closed,EAST,MILLER PARK,3.0,98112.0,47.62304094,-122.3124922,Yes,No,Sidewalk,"Hazardous materials (e.g., propane tanks)",1.0
2022UOF-1269-2902-29489,Level 2 - Use of Force,2022-11-10 06:29:00,5708,30362,White,Female,2022,11,22-00294550,2022-11-26 09:43:29,Closed,NORTH,BALLARD,6.0,98107.0,47.66367111,-122.38002901,Unknown,Yes,Sidewalk,Garbage/Loose litter,1.0
2022UOF-1269-2902-29489,Level 2 - Use of Force,2022-11-10 06:29:00,5708,30362,White,Female,2022,11,22-00280627,2022-11-05 09:41:48,Closed,NORTH,GREEN LAKE,6.0,98103.0,47.68125539,-122.34372555,Yes,No,"No blockage,Other (please explain in the Description)","Bulky items,Hazardous materials (e.g., propane tanks)",1.0
2022UOF-1269-2902-29489,Level 2 - Use of Force,2022-11-10 06:29:00,5708,30362,White,Female,2022,11,22-00281271,2022-11-06 12:50:12,Closed,WEST,QUEEN ANNE,7.0,98109.0,47.64574461,-122.34815659,Yes,No,Sidewalk,Garbage/Loose litter,1.0
2022UOF-1269-2902-29489,Level 2 - Use of Force,2022-11-10 06:29:00,5708,30362,White,Female,2022,11,22-00294582,2022-11-26 10:31:50,Closed,NORTH,NORTH BEACH/BLUE RIDGE,5.0,98177.0,47.71189398,-122.37831825,Unknown,No,No blockage,Garbage/Loose litter,1.0
2022UOF-1269-2902-29489,Level 2 - Use of Force,2022-11-10 06:29:00,5708,30362,White,Female,2022,11,22-00280716,2022-11-05 11:32:41,Closed,WEST,BELLTOWN,7.0,98121.0,47.61383809,-122.35093026,Unknown,No,Sidewalk,Other (please explain in the Description),1.0
2022UOF-1269-2902-29489,Level 2 - Use of Force,2022-11-10 06:29:00,5708,30362,White,Female,2022,11,22-00281317,2022-11-06 14:16:51,Closed,NORTH,WHITTIER HEIGHTS,6.0,98117.0,47.68994468,-122.3752917,Yes,No,Sidewalk,Garbage/Loose litter,1.0
2022UOF-1269-2902-29489,Level 2 - Use of Force,2022-11-10 06:29:00,5708,30362,White,Female,2022,11,22-00294622,2022-11-26 11:42:24,Closed,EAST,JUDKINS PARK,3.0,98144.0,47.60035267,-122.30789929,Unknown,No,Recreation amenity,Garbage/Loose litter,1.0
2022UOF-1269-2902-29489,Level 2 - Use of Force,2022-11-10 06:29:00,5708,30362,White,Female,2022,11,22-00280772,2022-11-05 12:53:16,Closed,EAST,CAPITOL HILL,3.0,98122.0,47.61775471,-122.31735129,Yes,No,Sidewalk,"Garbage/Loose litter,Bulky items",1.0
2022UOF-1269-2902-29489,Level 2 - Use of Force,2022-11-10 06:29:00,5708,30362,White,Female,2022,11,22-00281420,2022-11-06 17:12:14,Closed,SOUTHWEST,HIGH POINT,1.0,98106.0,47.55025876,-122.36524143,Yes,Yes,Sidewalk,Garbage/Loose litter,1.0
2022UOF-1269-2902-29489,Level 2 - Use of Force,2022-11-10 06:29:00,5708,30362,White,Female,2022,11,22-00294703,2022-11-26 13:29:11,Closed,NORTH,WALLINGFORD,4.0,98105.0,47.66729433,-122.32113179,Yes,No,Other (please explain in the Description),"Garbage/Loose litter,Needles/Sharps,Hazardous materials (e.g., propane tanks),Bulky items,Human waste,Other (please explain in the Description)",1.0
2022UOF-1269-2902-29489,Level 2 - Use of Force,2022-11-10 06:29:00,5708,30362,White,Female,2022,11,22-00281451,2022-11-06 18:32:49,Closed,NORTH,BROADVIEW/BITTER LAKE,5.0,98133.0,47.72679822,-122.34763389,Yes,No,Sidewalk,Garbage/Loose litter,1.0
2022UOF-1269-2902-29489,Level 2 - Use of Force,2022-11-10 06:29:00,5708,30362,White,Female,2022,11,22-00281453,2022-11-06 18:34:51,Closed,NORTH,BROADVIEW/BITTER LAKE,5.0,98133.0,47.72175431,-122.34798127,Yes,Yes,Sidewalk,"Garbage/Loose litter,Human waste",1.0
2022UOF-1269-2902-29489,Level 2 - Use of Force,2022-11-10 06:29:00,5708,30362,White,Female,2022,11,22-00280804,2022-11-05 13:43:42,Closed,WEST,CASCADE/EASTLAKE,7.0,98101.0,47.61784034,-122.32965714,Yes,No,No blockage,Garbage/Loose litter,1.0
2022UOF-1269-2902-29489,Level 2 - Use of Force,2022-11-10 06:29:00,5708,30362,White,Female,2022,11,22-00294859,2022-11-26 18:07:20,Closed,EAST,MADRONA/LESCHI,3.0,98144.0,47.5952667,-122.2956863,Yes,Yes,No blockage,Bulky items,1.0
2022UOF-1269-2902-29489,Level 2 - Use of Force,2022-11-10 06:29:00,5708,30362,White,Female,2022,11,22-00281480,2022-11-06 19:33:16,Closed,SOUTHWEST,NORTH DELRIDGE,1.0,98126.0,47.57669786,-122.37175963,Yes,Yes,No blockage,Bulky items,1.0
2022UOF-1269-2902-29489,Level 2 - Use of Force,2022-11-10 06:29:00,5708,30362,White,Female,2022,11,22-00280828,2022-11-05 14:17:52,Closed,NORTH,WALLINGFORD,4.0,98103.0,47.66261326,-122.34138926,Yes,Yes,Sidewalk,Garbage/Loose litter,1.0
2022UOF-1269-2902-29489,Level 2 - Use of Force,2022-11-10 06:29:00,5708,30362,White,Female,2022,11,22-00294897,2022-11-26 21:22:48,Closed,NORTH,GREENWOOD/PHINNEY RIDGE,6.0,98117.0,47.69048194,-122.3619151,Yes,Yes,No blockage,"Garbage/Loose litter,Needles/Sharps,Hazardous materials (e.g., propane tanks),Bulky items,Human waste",1.0
2022UOF-1269-2902-29489,Level 2 - Use of Force,2022-11-10 06:29:00,5708,30362,White,Female,2022,11,22-00281483,2022-11-06 19:39:21,Closed,NORTH,HALLER LAKE,5.0,98133.0,47.72184607,-122.32919255,Unknown,Yes,"No blockage,Recreation amenity",Bulky items,1.0
2022UOF-1269-2902-29489,Level 2 - Use of Force,2022-11-10 06:29:00,5708,30362,White,Female,2022,11,22-00280856,2022-11-05 14:40:05,Closed,SOUTHWEST,HIGHLAND PARK,1.0,98106.0,47.52842542,-122.35484526,Yes,Yes,"Sidewalk,Bike lane","Garbage/Loose litter,Bulky items,Hazardous materials (e.g., propane tanks)",1.0
2022UOF-1269-2902-29489,Level 2 - Use of Force,2022-11-10 06:29:00,5708,30362,White,Female,2022,11,22-00294998,2022-11-27 08:56:06,Closed,NORTH,SUNSET HILL/LOYAL HEIGHTS,6.0,98117.0,47.67707753,-122.40615402,No,No,Recreation amenity,Garbage/Loose litter,1.0
2022UOF-1269-2902-29489,Level 2 - Use of Force,2022-11-10 06:29:00,5708,30362,White,Female,2022,11,22-00280868,2022-11-05 14:46:09,Closed,NORTH,CEDAR PARK/MEADOWBROOK,5.0,98125.0,47.71378176,-122.2908523,Yes,Yes,Sidewalk,"Garbage/Loose litter,Hazardous materials (e.g., propane tanks),Bulky items",1.0
2022UOF-1269-2902-29489,Level 2 - Use of Force,2022-11-10 06:29:00,5708,30362,White,Female,2022,11,22-00295087,2022-11-27 11:29:18,Closed,SOUTHWEST,WEST SEATTLE JUNCTION/GENESEE HILL,1.0,98116.0,47.56128088,-122.38575043,Yes,Unknown,"Recreation amenity,Sidewalk","Garbage/Loose litter,Hazardous materials (e.g., propane tanks),Bulky items,Human waste",1.0
2022UOF-1269-2902-29489,Level 2 - Use of Force,2022-11-10 06:29:00,5708,30362,White,Female,2022,11,22-00281687,2022-11-07 09:01:24,Closed,WEST,INTERBAY,7.0,98119.0,47.64073434,-122.37685369,Yes,No,No blockage,Garbage/Loose litter,0.0
2022UOF-1269-2902-29489,Level 2 - Use of Force,2022-11-10 06:29:00,5708,30362,White,Female,2022,11,22-00295116,2022-11-27 12:07:36,Closed,EAST,CENTRAL AREA/SQUIRE PARK,3.0,98122.0,47.60923417,-122.30109335,No,No,"Sidewalk,Entrance to residence",Garbage/Loose litter,1.0
2022UOF-1269-2902-29489,Level 2 - Use of Force,2022-11-10 06:29:00,5708,30362,White,Female,2022,11,22-00281703,2022-11-07 09:13:31,Closed,EAST,CASCADE/EASTLAKE,3.0,98102.0,47.63239348,-122.32256066,Yes,Yes,Other (please explain in the Description),"Hazardous materials (e.g., propane tanks)",0.0
2022UOF-1269-2902-29489,Level 2 - Use of Force,2022-11-10 06:29:00,5708,30362,White,Female,2022,11,22-00295126,2022-11-27 12:27:44,Closed,EAST,CAPITOL HILL,3.0,98102.0,47.62388873,-122.32333517,Yes,No,Recreation amenity,"Bulky items,Garbage/Loose litter",1.0
2022UOF-1269-2902-29489,Level 2 - Use of Force,2022-11-10 06:29:00,5708,30362,White,Female,2022,11,22-00281003,2022-11-05 19:42:21,Closed,EAST,CENTRAL AREA/SQUIRE PARK,3.0,98122.0,47.60918771,-122.30177153,Unknown,No,"Sidewalk,Entrance to residence","Garbage/Loose litter,Needles/Sharps,Hazardous materials (e.g., propane tanks),Human waste",1.0
2022UOF-1269-2902-29489,Level 2 - Use of Force,2022-11-10 06:29:00,5708,30362,White,Female,2022,11,22-00295177,2022-11-27 14:02:31,Closed,NORTH,BALLARD,6.0,98107.0,47.66395556,-122.37928076,Yes,Yes,"Sidewalk,Entrance to business","Garbage/Loose litter,Needles/Sharps,Hazardous materials (e.g., propane tanks),Bulky items,Human waste,Other (please explain in the Description)",1.0
2022UOF-1269-2902-29489,Level 2 - Use of Force,2022-11-10 06:29:00,5708,30362,White,Female,2022,11,22-00282064,2022-11-07 13:29:14,Closed,SOUTH,BEACON HILL,2.0,98108.0,47.55439916,-122.31422632,Yes,Yes,Other (please explain in the Description),Other (please explain in the Description),0.0
2022UOF-1269-2902-29489,Level 2 - Use of Force,2022-11-10 06:29:00,5708,30362,White,Female,2022,11,22-00281039,2022-11-05 22:19:36,Closed,NORTH,WALLINGFORD,4.0,98103.0,47.6623482,-122.34707541,Yes,Yes,Other (please explain in the Description),Garbage/Loose litter,1.0
2022UOF-1269-2902-29489,Level 2 - Use of Force,2022-11-10 06:29:00,5708,30362,White,Female,2022,11,22-00282140,2022-11-07 14:50:04,Closed,WEST,CASCADE/EASTLAKE,7.0,98109.0,47.62529407,-122.34087697,Yes,No,"Sidewalk,Construction project","Garbage/Loose litter,Needles/Sharps,Hazardous materials (e.g., propane tanks),Bulky items,Human waste",0.0
2022UOF-1269-2902-29489,Level 2 - Use of Force,2022-11-10 06:29:00,5708,30362,White,Female,2022,11,22-00295297,2022-11-27 18:18:24,Closed,NORTH,BALLARD,6.0,98107.0,47.66547702,-122.38026426,Yes,No,Sidewalk,"Garbage/Loose litter,Bulky items",1.0
2022UOF-1269-2902-29489,Level 2 - Use of Force,2022-11-10 06:29:00,5708,30362,White,Female,2022,11,22-00281101,2022-11-06 09:08:32,Closed,NORTH,WALLINGFORD,4.0,98105.0,47.65899322,-122.32286757,Yes,Unknown,Other (please explain in the Description),Garbage/Loose litter,1.0
2022UOF-1269-2902-29489,Level 2 - Use of Force,2022-11-10 06:29:00,5708,30362,White,Female,2022,11,22-00295464,2022-11-28 08:47:38,Closed,WEST,CASCADE/EASTLAKE,7.0,98109.0,47.62525762,-122.34019167,Yes,Yes,"Sidewalk,Bike lane,Recreation amenity,Construction project,Entrance to business,Entrance to residence","Garbage/Loose litter,Needles/Sharps,Hazardous materials (e.g., propane tanks),Bulky items,Human waste",0.0
2022UOF-1269-2902-29489,Level 2 - Use of Force,2022-11-10 06:29:00,5708,30362,White,Female,2022,11,22-00281149,2022-11-06 10:31:10,Closed,SOUTHWEST,NORTH DELRIDGE,1.0,98126.0,47.56099124,-122.37566014,Yes,No,No blockage,"Garbage/Loose litter,Human waste",1.0
2022UOF-1269-2902-29489,Level 2 - Use of Force,2022-11-10 06:29:00,5708,30362,White,Female,2022,11,22-00282183,2022-11-07 15:20:43,Closed,SOUTH,SOUTH BEACON HILL/NEWHOLLY,2.0,98118.0,47.53682027,-122.28236205,Yes,No,Sidewalk,Other (please explain in the Description),0.0
2022UOF-1269-2902-29489,Level 2 - Use of Force,2022-11-10 06:29:00,5708,30362,White,Female,2022,11,22-00295491,2022-11-28 09:03:46,Closed,NORTH,BALLARD,6.0,98107.0,47.66423609,-122.3805158,Unknown,No,Sidewalk,"Garbage/Loose litter,Other (please explain in the Description)",0.0
2022UOF-1269-2902-29489,Level 2 - Use of Force,2022-11-10 06:29:00,5708,30362,White,Female,2022,11,22-00282319,2022-11-07 17:53:29,Closed,WEST,QUEEN ANNE,7.0,98109.0,47.62476457,-122.3552094,Yes,Unknown,Sidewalk,"Garbage/Loose litter,Needles/Sharps,Hazardous materials (e.g., propane tanks),Bulky items",0.0
2022UOF-1269-2902-29489,Level 2 - Use of Force,2022-11-10 06:29:00,5708,30362,White,Female,2022,11,22-00281262,2022-11-06 12:38:06,Closed,NORTH,LAURELHURST/SAND POINT,4.0,98115.0,47.68846854,-122.26582841,Yes,Yes,Recreation amenity,"Garbage/Loose litter,Bulky items,Hazardous materials (e.g., propane tanks)",1.0
2022UOF-1269-2902-29489,Level 2 - Use of Force,2022-11-10 06:29:00,5708,30362,White,Female,2022,11,22-00295722,2022-11-28 11:49:21,Closed,NORTH,OLYMPIC HILLS/VICTORY HEIGHTS,5.0,98155.0,47.73394788,-122.32105296,Yes,No,Other (please explain in the Description),"Garbage/Loose litter,Needles/Sharps",0.0
2022UOF-1269-2902-29489,Level 2 - Use of Force,2022-11-10 06:29:00,5708,30362,White,Female,2022,11,22-00282365,2022-11-07 19:02:00,Closed,SOUTHWEST,HIGH POINT,1.0,98126.0,47.55369323,-122.36791106,Yes,Yes,Recreation amenity,Garbage/Loose litter,0.0
2022UOF-1269-2902-29489,Level 2 - Use of Force,2022-11-10 06:29:00,5708,30362,White,Female,2022,11,22-00282367,2022-11-07 19:02:12,Closed,SOUTHWEST,NORTH DELRIDGE,1.0,98126.0,47.56099124,-122.37566014,Yes,No,Recreation amenity,Garbage/Loose litter,0.0
2022UOF-1269-2902-29489,Level 2 - Use of Force,2022-11-10 06:29:00,5708,30362,White,Female,2022,11,22-00295864,2022-11-28 13:56:19,Closed,EAST,CAPITOL HILL,3.0,98122.0,47.61775471,-122.31735129,Yes,No,Sidewalk,"Garbage/Loose litter,Needles/Sharps,Hazardous materials (e.g., propane tanks),Bulky items,Human waste",0.0
2022UOF-1269-2902-29489,Level 2 - Use of Force,2022-11-10 06:29:00,5708,30362,White,Female,2022,11,22-00281398,2022-11-06 16:35:55,Closed,NORTH,BALLARD,6.0,98107.0,47.66317201,-122.37003709,Yes,Yes,"Sidewalk,Entrance to business","Garbage/Loose litter,Needles/Sharps,Hazardous materials (e.g., propane tanks),Bulky items",1.0
2022UOF-1269-2902-29489,Level 2 - Use of Force,2022-11-10 06:29:00,5708,30362,White,Female,2022,11,22-00282378,2022-11-07 19:24:10,Closed,NORTH,HALLER LAKE,5.0,98133.0,47.72027066,-122.33980793,No,No,No blockage,Garbage/Loose litter,0.0
2022UOF-1269-2902-29489,Level 2 - Use of Force,2022-11-10 06:29:00,5708,30362,White,Female,2022,11,22-00281415,2022-11-06 17:04:11,Closed,EAST,CAPITOL HILL,3.0,98122.0,47.61775471,-122.31735129,Yes,No,Sidewalk,Garbage/Loose litter,1.0
2022UOF-1269-2902-29489,Level 2 - Use of Force,2022-11-10 06:29:00,5708,30362,White,Female,2022,11,22-00296017,2022-11-28 16:29:47,Closed,EAST,MILLER PARK,3.0,98112.0,47.62304094,-122.3124922,Yes,No,Sidewalk,Garbage/Loose litter,0.0
2022UOF-1269-2902-29489,Level 2 - Use of Force,2022-11-10 06:29:00,5708,30362,White,Female,2022,11,22-00282438,2022-11-07 22:03:23,Closed,WEST,CASCADE/EASTLAKE,7.0,98109.0,47.62529407,-122.34087697,Yes,Yes,Sidewalk,"Garbage/Loose litter,Bulky items,Human waste",0.0
2022UOF-1269-2902-29489,Level 2 - Use of Force,2022-11-10 06:29:00,5708,30362,White,Female,2022,11,22-00282453,2022-11-07 23:34:05,Closed,WEST,CASCADE/EASTLAKE,3.0,98102.0,47.632122,-122.32592513,Yes,Yes,Other (please explain in the Description),"Garbage/Loose litter,Hazardous materials (e.g., propane tanks),Bulky items,Human waste",0.0
2022UOF-1269-2902-29489,Level 2 - Use of Force,2022-11-10 06:29:00,5708,30362,White,Female,2022,11,22-00281645,2022-11-07 08:35:14,Closed,WEST,CASCADE/EASTLAKE,7.0,98101.0,47.6149912,-122.33549882,Yes,No,Other (please explain in the Description),Other (please explain in the Description),0.0
2022UOF-1269-2902-29489,Level 2 - Use of Force,2022-11-10 06:29:00,5708,30362,White,Female,2022,11,22-00296090,2022-11-28 19:33:21,Closed,EAST,MADRONA/LESCHI,3.0,98144.0,47.59786427,-122.29533265,Unknown,Yes,Sidewalk,"Garbage/Loose litter,Bulky items",0.0
2022UOF-1269-2902-29489,Level 2 - Use of Force,2022-11-10 06:29:00,5708,30362,White,Female,2022,11,22-00282454,2022-11-07 23:36:06,Closed,SOUTH,COLUMBIA CITY,2.0,98144.0,47.57182633,-122.29638914,Yes,Unknown,Sidewalk,"Hazardous materials (e.g., propane tanks),Bulky items,Garbage/Loose litter",0.0
2022UOF-1269-2902-29489,Level 2 - Use of Force,2022-11-10 06:29:00,5708,30362,White,Female,2022,11,22-00282462,2022-11-08 02:39:30,Closed,NORTH,BALLARD,6.0,98107.0,47.6695958,-122.37306888,Yes,No,"Sidewalk,Bike lane","Garbage/Loose litter,Needles/Sharps,Bulky items,Human waste",0.0
2022UOF-1269-2902-29489,Level 2 - Use of Force,2022-11-10 06:29:00,5708,30362,White,Female,2022,11,22-00296161,2022-11-29 05:28:53,Closed,NORTH,WALLINGFORD,4.0,98105.0,47.65606227,-122.32168568,Yes,Yes,Sidewalk,"Hazardous materials (e.g., propane tanks),Needles/Sharps,Garbage/Loose litter,Human waste",0.0
2022UOF-1269-2902-29489,Level 2 - Use of Force,2022-11-10 06:29:00,5708,30362,White,Female,2022,11,22-00281713,2022-11-07 09:15:40,Closed,NORTH,UNIVERSITY DISTRICT,4.0,98115.0,47.67340247,-122.31374456,No,No,No blockage,Garbage/Loose litter,0.0
2022UOF-1269-2902-29489,Level 2 - Use of Force,2022-11-10 06:29:00,5708,30362,White,Female,2022,11,22-00282594,2022-11-08 08:52:22,Closed,NORTH,FREMONT,6.0,98107.0,47.66389182,-122.36423396,Yes,Yes,Bike lane,"Garbage/Loose litter,Human waste,Bulky items",0.0
2022UOF-1269-2902-29489,Level 2 - Use of Force,2022-11-10 06:29:00,5708,30362,White,Female,2022,11,22-00282602,2022-11-08 08:56:27,Closed,WEST,QUEEN ANNE,7.0,98109.0,47.62487381,-122.35382676,Unknown,No,Sidewalk,Garbage/Loose litter,0.0
2022UOF-1269-2902-29489,Level 2 - Use of Force,2022-11-10 06:29:00,5708,30362,White,Female,2022,11,22-00296335,2022-11-29 09:55:12,Closed,WEST,QUEEN ANNE,7.0,98109.0,47.64796044,-122.35225324,Unknown,Unknown,"Sidewalk,Bike lane,Recreation amenity","Garbage/Loose litter,Needles/Sharps",0.0
2022UOF-1269-2902-29489,Level 2 - Use of Force,2022-11-10 06:29:00,5708,30362,White,Female,2022,11,22-00282639,2022-11-08 09:26:38,Closed,WEST,PIONEER SQUARE/INTERNATIONAL DISTRICT,7.0,98104.0,47.60026852,-122.33312521,Yes,No,Recreation amenity,"Garbage/Loose litter,Bulky items,Human waste",0.0
2022UOF-1269-2902-29489,Level 2 - Use of Force,2022-11-10 06:29:00,5708,30362,White,Female,2022,11,22-00281810,2022-11-07 10:09:58,Closed,NORTH,BALLARD,6.0,98107.0,47.66384617,-122.37015787,Yes,Yes,Sidewalk,"Garbage/Loose litter,Hazardous materials (e.g., propane tanks),Needles/Sharps,Bulky items,Human waste",0.0
2022UOF-1269-2902-29489,Level 2 - Use of Force,2022-11-10 06:29:00,5708,30362,White,Female,2022,11,22-00296382,2022-11-29 10:57:49,Closed,SOUTH,NORTH BEACON HILL/JEFFERSON PARK,2.0,98144.0,47.57143296,-122.2971226,Unknown,No,Sidewalk,"Garbage/Loose litter,Needles/Sharps,Hazardous materials (e.g., propane tanks),Bulky items",0.0
2022UOF-1269-2902-29489,Level 2 - Use of Force,2022-11-10 06:29:00,5708,30362,White,Female,2022,11,22-00282698,2022-11-08 10:00:54,Closed,SOUTHWEST,HIGH POINT,1.0,98106.0,47.54989442,-122.36504454,Unknown,Yes,"Sidewalk,Bike lane",Garbage/Loose litter,0.0
2022UOF-1269-2902-29489,Level 2 - Use of Force,2022-11-10 06:29:00,5708,30362,White,Female,2022,11,22-00296450,2022-11-29 12:06:24,Closed,SOUTH,GEORGETOWN,2.0,98108.0,47.55120816,-122.32199602,Unknown,Yes,Recreation amenity,Bulky items,0.0
2022UOF-1269-2902-29489,Level 2 - Use of Force,2022-11-10 06:29:00,5708,30362,White,Female,2022,11,22-00296603,2022-11-29 14:27:36,Closed,WEST,CASCADE/EASTLAKE,7.0,98109.0,47.62436571,-122.33389231,Unknown,No,No blockage,Garbage/Loose litter,0.0
2022UOF-1269-2902-29489,Level 2 - Use of Force,2022-11-10 06:29:00,5708,30362,White,Female,2022,11,22-00296614,2022-11-29 14:35:48,Closed,WEST,CASCADE/EASTLAKE,7.0,98109.0,47.62525762,-122.34019167,Yes,Yes,Sidewalk,"Garbage/Loose litter,Needles/Sharps,Hazardous materials (e.g., propane tanks),Bulky items,Human waste",0.0
2022UOF-1269-2902-29489,Level 2 - Use of Force,2022-11-10 06:29:00,5708,30362,White,Female,2022,11,22-00282958,2022-11-08 13:09:20,Closed,NORTH,OLYMPIC HILLS/VICTORY HEIGHTS,5.0,98125.0,47.72957051,-122.31398891,Yes,No,Recreation amenity,"Needles/Sharps,Garbage/Loose litter,Hazardous materials (e.g., propane tanks),Bulky items,Human waste",0.0
2022UOF-1269-2902-29489,Level 2 - Use of Force,2022-11-10 06:29:00,5708,30362,White,Female,2022,11,22-00281893,2022-11-07 11:04:22,Closed,SOUTH,NORTH BEACON HILL/JEFFERSON PARK,2.0,98108.0,47.56612067,-122.30650118,Yes,Yes,Other (please explain in the Description),Garbage/Loose litter,0.0
2022UOF-1269-2902-29489,Level 2 - Use of Force,2022-11-10 06:29:00,5708,30362,White,Female,2022,11,22-00296705,2022-11-29 15:53:28,Closed,WEST,CASCADE/EASTLAKE,4.0,98102.0,47.6324583,-122.32657841,Yes,Yes,"Sidewalk,Bike lane,Recreation amenity,Construction project,Entrance to business,Entrance to residence","Garbage/Loose litter,Needles/Sharps,Hazardous materials (e.g., propane tanks),Bulky items,Human waste",0.0
2022UOF-1269-2902-29489,Level 2 - Use of Force,2022-11-10 06:29:00,5708,30362,White,Female,2022,11,22-00283114,2022-11-08 14:24:22,Closed,WEST,QUEEN ANNE,7.0,98109.0,47.62571197,-122.33942931,Yes,Unknown,"Sidewalk,Construction project",Garbage/Loose litter,0.0
2022UOF-1269-2902-29489,Level 2 - Use of Force,2022-11-10 06:29:00,5708,30362,White,Female,2022,11,22-00281912,2022-11-07 11:20:30,Closed,NORTH,BALLARD,6.0,98107.0,47.66340906,-122.3684026,No,White,Construction project,"Garbage/Loose litter,Needles/Sharps,Human waste",0.0
2022UOF-1269-2902-29489,Level 2 - Use of Force,2022-11-10 06:29:00,5708,30362,White,Female,2022,11,22-00296728,2022-11-29 16:15:45,Closed,NORTH,BALLARD,6.0,98107.0,47.66478672,-122.38006615,Yes,No,"Sidewalk,Other (please explain in the Description)","Garbage/Loose litter,Bulky items",0.0
2022UOF-1269-2902-29489,Level 2 - Use of Force,2022-11-10 06:29:00,5708,30362,White,Female,2022,11,22-00283362,2022-11-08 18:15:48,Closed,NORTH,WHITTIER HEIGHTS,6.0,98117.0,47.69048072,-122.37577897,Yes,Yes,"Sidewalk,Bike lane","Garbage/Loose litter,Needles/Sharps,Hazardous materials (e.g., propane tanks),Bulky items,Human waste",0.0
2022UOF-1269-2902-29489,Level 2 - Use of Force,2022-11-10 06:29:00,5708,30362,White,Female,2022,11,22-00296803,2022-11-29 18:04:34,Closed,NORTH,OLYMPIC HILLS/VICTORY HEIGHTS,5.0,98125.0,47.72957874,-122.31321081,Yes,Unknown,Recreation amenity,"Garbage/Loose litter,Needles/Sharps,Hazardous materials (e.g., propane tanks)",0.0
2022UOF-1269-2902-29489,Level 2 - Use of Force,2022-11-10 06:29:00,5708,30362,White,Female,2022,11,22-00283376,2022-11-08 18:44:01,Closed,SOUTH,NORTH BEACON HILL/JEFFERSON PARK,3.0,98144.0,47.58946274,-122.30873223,Yes,No,Other (please explain in the Description),"Garbage/Loose litter,Hazardous materials (e.g., propane tanks)",0.0
2022UOF-1269-2902-29489,Level 2 - Use of Force,2022-11-10 06:29:00,5708,30362,White,Female,2022,11,22-00281982,2022-11-07 12:16:54,Closed,NORTH,WALLINGFORD,4.0,98105.0,47.65463415,-122.31897892,No,Yes,No blockage,Garbage/Loose litter,0.0
2022UOF-1269-2902-29489,Level 2 - Use of Force,2022-11-10 06:29:00,5708,30362,White,Female,2022,11,22-00296876,2022-11-30 03:43:13,Closed,EAST,CAPITOL HILL,3.0,98102.0,47.62479695,-122.32232496,Unknown,Unknown,Recreation amenity,Bulky items,0.0
2022UOF-1269-2902-29489,Level 2 - Use of Force,2022-11-10 06:29:00,5708,30362,White,Female,2022,11,22-00283656,2022-11-09 09:53:56,Closed,SOUTH,DUWAMISH/SODO,2.0,98144.0,47.59555757,-122.31905822,Yes,Unknown,"Sidewalk,Recreation amenity","Garbage/Loose litter,Needles/Sharps,Hazardous materials (e.g., propane tanks),Bulky items,Human waste",0.0
2022UOF-1269-2902-29489,Level 2 - Use of Force,2022-11-10 06:29:00,5708,30362,White,Female,2022,11,22-00282049,2022-11-07 13:15:20,Closed,NORTH,HALLER LAKE,5.0,98133.0,47.71382285,-122.3417488,Unknown,Yes,Sidewalk,"Garbage/Loose litter,Hazardous materials (e.g., propane tanks)",0.0
2022UOF-1269-2902-29489,Level 2 - Use of Force,2022-11-10 06:29:00,5708,30362,White,Female,2022,11,22-00282077,2022-11-07 13:39:33,Closed,SOUTH,NORTH BEACON HILL/JEFFERSON PARK,2.0,98108.0,47.56166795,-122.30209373,Yes,No,No blockage,Garbage/Loose litter,0.0
2022UOF-1269-2902-29489,Level 2 - Use of Force,2022-11-10 06:29:00,5708,30362,White,Female,2022,11,22-00283675,2022-11-09 10:05:58,Closed,SOUTHWEST,HIGH POINT,1.0,98126.0,47.55369016,-122.36735674,Unknown,White,Bike lane,Garbage/Loose litter,0.0
2022UOF-1269-2902-29489,Level 2 - Use of Force,2022-11-10 06:29:00,5708,30362,White,Female,2022,11,22-00297057,2022-11-30 09:18:05,Closed,EAST,CASCADE/EASTLAKE,3.0,98102.0,47.6330384,-122.32286942,Yes,Yes,"Sidewalk,Bike lane,Entrance to residence","Garbage/Loose litter,Needles/Sharps,Hazardous materials (e.g., propane tanks),Bulky items,Human waste",0.0
2022UOF-1269-2902-29489,Level 2 - Use of Force,2022-11-10 06:29:00,5708,30362,White,Female,2022,11,22-00283739,2022-11-09 10:50:22,Closed,NORTH,WHITTIER HEIGHTS,6.0,98117.0,47.6778837,-122.37741497,No,No,Sidewalk,Bulky items,0.0
2022UOF-1269-2902-29489,Level 2 - Use of Force,2022-11-10 06:29:00,5708,30362,White,Female,2022,11,22-00282095,2022-11-07 13:55:39,Closed,SOUTHWEST,RIVERVIEW,1.0,98126.0,47.55436479,-122.36597287,Yes,Yes,Recreation amenity,Garbage/Loose litter,0.0
2022UOF-1269-2902-29489,Level 2 - Use of Force,2022-11-10 06:29:00,5708,30362,White,Female,2022,11,22-00283893,2022-11-09 12:55:17,Closed,EAST,CASCADE/EASTLAKE,3.0,98102.0,47.63286836,-122.32306038,Yes,Yes,No blockage,"Garbage/Loose litter,Hazardous materials (e.g., propane tanks)",0.0
2022UOF-1269-2902-29489,Level 2 - Use of Force,2022-11-10 06:29:00,5708,30362,White,Female,2022,11,22-00282141,2022-11-07 14:50:09,Closed,NORTH,BALLARD,6.0,98107.0,47.66304262,-122.37058352,Unknown,Yes,No blockage,"Human waste,Needles/Sharps,Garbage/Loose litter",0.0
2022UOF-1269-2902-29489,Level 2 - Use of Force,2022-11-10 06:29:00,5708,30362,White,Female,2022,11,22-00284094,2022-11-09 16:02:41,Closed,NORTH,HALLER LAKE,5.0,98133.0,47.72644043,-122.34337825,Yes,Yes,Sidewalk,Garbage/Loose litter,0.0
2022UOF-1269-2902-29489,Level 2 - Use of Force,2022-11-10 06:29:00,5708,30362,White,Female,2022,11,22-00297441,2022-11-30 13:51:29,Closed,EAST,CAPITOL HILL,3.0,98102.0,47.62479695,-122.32232496,Unknown,No,"Sidewalk,Recreation amenity",Garbage/Loose litter,0.0
2022UOF-1269-2902-29489,Level 2 - Use of Force,2022-11-10 06:29:00,5708,30362,White,Female,2022,11,22-00284200,2022-11-09 17:25:19,Closed,EAST,CAPITOL HILL,3.0,98122.0,47.61772376,-122.31767957,Yes,No,Sidewalk,Garbage/Loose litter,0.0
2022UOF-1269-2902-29489,Level 2 - Use of Force,2022-11-10 06:29:00,5708,30362,White,Female,2022,11,22-00282465,2022-11-08 05:28:48,Closed,EAST,CAPITOL HILL,3.0,98122.0,47.61744793,-122.3175893,Yes,No,"Sidewalk,Entrance to business,Entrance to residence","Garbage/Loose litter,Needles/Sharps,Hazardous materials (e.g., propane tanks),Bulky items,Human waste",0.0
2022UOF-1269-2902-29489,Level 2 - Use of Force,2022-11-10 06:29:00,5708,30362,White,Female,2022,11,22-00297580,2022-11-30 15:36:24,Closed,EAST,MONTLAKE/PORTAGE BAY,3.0,98112.0,47.62603821,-122.29494252,Yes,No,Other (please explain in the Description),"Needles/Sharps,Garbage/Loose litter,Hazardous materials (e.g., propane tanks),Bulky items,Human waste",0.0
2022UOF-1269-2902-29489,Level 2 - Use of Force,2022-11-10 06:29:00,5708,30362,White,Female,2022,11,22-00282479,2022-11-08 06:41:17,Closed,NORTH,FREMONT,6.0,98107.0,47.66312572,-122.36423589,Yes,Yes,Sidewalk,Other (please explain in the Description),0.0
2022UOF-1269-2902-29489,Level 2 - Use of Force,2022-11-10 06:29:00,5708,30362,White,Female,2022,11,22-00297581,2022-11-30 15:38:27,Closed,EAST,MONTLAKE/PORTAGE BAY,3.0,98112.0,47.62605313,-122.29494215,Yes,Unknown,Other (please explain in the Description),"Garbage/Loose litter,Needles/Sharps,Hazardous materials (e.g., propane tanks),Bulky items,Human waste",0.0
2022UOF-1269-2902-29489,Level 2 - Use of Force,2022-11-10 06:29:00,5708,30362,White,Female,2022,11,22-00297593,2022-11-30 15:46:31,Closed,WEST,DOWNTOWN COMMERCIAL CORE,7.0,98104.0,47.60410878,-122.33225203,Yes,No,Other (please explain in the Description),"Human waste,Garbage/Loose litter",0.0
2022UOF-1269-2902-29489,Level 2 - Use of Force,2022-11-10 06:29:00,5708,30362,White,Female,2022,11,22-00284490,2022-11-10 09:46:49,Closed,EAST,CENTRAL AREA/SQUIRE PARK,3.0,98122.0,47.60918771,-122.30177153,Yes,No,No blockage,Garbage/Loose litter,0.0
2022UOF-1269-2902-29489,Level 2 - Use of Force,2022-11-10 06:29:00,5708,30362,White,Female,2022,11,22-00297653,2022-11-30 16:06:39,Closed,EAST,MONTLAKE/PORTAGE BAY,3.0,98112.0,47.62603821,-122.29494252,Yes,Unknown,Other (please explain in the Description),"Garbage/Loose litter,Needles/Sharps,Hazardous materials (e.g., propane tanks),Bulky items,Human waste",0.0
2022UOF-1269-2902-29489,Level 2 - Use of Force,2022-11-10 06:29:00,5708,30362,White,Female,2022,11,22-00284582,2022-11-10 11:02:43,Closed,NORTH,CEDAR PARK/MEADOWBROOK,5.0,98125.0,47.72061043,-122.29373531,Yes,Unknown,Sidewalk,Garbage/Loose litter,0.0
2022UOF-1269-2902-29489,Level 2 - Use of Force,2022-11-10 06:29:00,5708,30362,White,Female,2022,11,22-00297741,2022-11-30 17:17:12,Closed,WEST,CASCADE/EASTLAKE,7.0,98109.0,47.62529407,-122.34087697,Yes,Yes,Sidewalk,"Garbage/Loose litter,Needles/Sharps,Hazardous materials (e.g., propane tanks),Bulky items,Human waste",0.0
2022UOF-1269-2902-29489,Level 2 - Use of Force,2022-11-10 06:29:00,5708,30362,White,Female,2022,11,22-00284683,2022-11-10 12:24:06,Closed,NORTH,BALLARD,6.0,98107.0,47.66698668,-122.3731202,Yes,Yes,Entrance to business,"Needles/Sharps,Human waste,Other (please explain in the Description)",0.0
2022UOF-1269-2902-29489,Level 2 - Use of Force,2022-11-10 06:29:00,5708,30362,White,Female,2022,11,22-00284956,2022-11-10 16:29:53,Closed,SOUTHWEST,WEST SEATTLE JUNCTION/GENESEE HILL,1.0,98116.0,47.56014557,-122.38186598,Yes,No,Entrance to residence,"Garbage/Loose litter,Needles/Sharps,Hazardous materials (e.g., propane tanks),Bulky items",0.0
2022UOF-1269-2902-29489,Level 2 - Use of Force,2022-11-10 06:29:00,5708,30362,White,Female,2022,11,22-00285032,2022-11-10 20:11:37,Closed,NORTH,HALLER LAKE,5.0,98125.0,47.7210635,-122.32922899,Yes,Yes,No blockage,Bulky items,0.0
2022UOF-1269-2902-29489,Level 2 - Use of Force,2022-11-10 06:29:00,5708,30362,White,Female,2022,11,22-00285070,2022-11-10 21:36:14,Closed,EAST,CAPITOL HILL,3.0,98122.0,47.61775471,-122.31735129,Yes,Unknown,Sidewalk,"Bulky items,Garbage/Loose litter",0.0
2022UOF-1269-2902-29489,Level 2 - Use of Force,2022-11-10 06:29:00,5708,30362,White,Female,2022,11,22-00285090,2022-11-10 23:31:07,Closed,NORTH,BALLARD,6.0,98107.0,47.66272141,-122.37918513,Yes,Yes,Sidewalk,"Bulky items,Garbage/Loose litter,Hazardous materials (e.g., propane tanks)",0.0
2022UOF-1269-2902-29489,Level 2 - Use of Force,2022-11-10 06:29:00,5708,30362,White,Female,2022,11,22-00282656,2022-11-08 09:38:47,Closed,NORTH,UNIVERSITY DISTRICT,4.0,98105.0,47.6725676,-122.31319418,Yes,Unknown,Other (please explain in the Description),Garbage/Loose litter,0.0
2022UOF-1269-2902-29489,Level 2 - Use of Force,2022-11-10 06:29:00,5708,30362,White,Female,2022,11,22-00285147,2022-11-11 08:15:08,Closed,NORTH,GREEN LAKE,4.0,98115.0,47.6767907,-122.31766979,Unknown,No,No blockage,Garbage/Loose litter,0.0
2022UOF-1269-2902-29489,Level 2 - Use of Force,2022-11-10 06:29:00,5708,30362,White,Female,2022,11,22-00282781,2022-11-08 10:45:17,Closed,WEST,DOWNTOWN COMMERCIAL CORE,7.0,98101.0,47.60547031,-122.33806197,Yes,No,Sidewalk,Human waste,0.0
2022UOF-1269-2902-29489,Level 2 - Use of Force,2022-11-10 06:29:00,5708,30362,White,Female,2022,11,22-00285169,2022-11-11 08:57:26,Closed,WEST,QUEEN ANNE,7.0,98109.0,47.64834739,-122.35387992,Yes,Yes,"Sidewalk,Bike lane","Garbage/Loose litter,Needles/Sharps",0.0
2022UOF-1269-2902-29489,Level 2 - Use of Force,2022-11-10 06:29:00,5708,30362,White,Female,2022,11,22-00285210,2022-11-11 09:39:48,Closed,WEST,CASCADE/EASTLAKE,7.0,98109.0,47.62525762,-122.34019167,Yes,Yes,"Sidewalk,Bike lane,Recreation amenity,Construction project,Entrance to business,Entrance to residence","Garbage/Loose litter,Needles/Sharps,Hazardous materials (e.g., propane tanks),Bulky items,Human waste",0.0
2022UOF-1269-2902-29489,Level 2 - Use of Force,2022-11-10 06:29:00,5708,30362,White,Female,2022,11,22-00282963,2022-11-08 13:17:27,Closed,SOUTHWEST,HIGH POINT,1.0,98126.0,47.55361351,-122.36598793,Yes,White,"Recreation amenity,Sidewalk","Garbage/Loose litter,Hazardous materials (e.g., propane tanks),Bulky items",0.0
2022UOF-1269-2902-29489,Level 2 - Use of Force,2022-11-10 06:29:00,5708,30362,White,Female,2022,11,22-00282973,2022-11-08 13:27:41,Closed,WEST,DUWAMISH/SODO,2.0,98134.0,47.59426677,-122.32556506,Yes,Yes,"Sidewalk,Bike lane,Recreation amenity","Garbage/Loose litter,Needles/Sharps,Hazardous materials (e.g., propane tanks),Bulky items,Human waste",0.0
2022UOF-1269-2902-29489,Level 2 - Use of Force,2022-11-10 06:29:00,5708,30362,White,Female,2022,11,22-00285305,2022-11-11 11:44:43,Closed,NORTH,WHITTIER HEIGHTS,6.0,98107.0,47.67260728,-122.37549474,Yes,No,Sidewalk,Bulky items,0.0
2022UOF-1269-2902-29489,Level 2 - Use of Force,2022-11-10 06:29:00,5708,30362,White,Female,2022,11,22-00283011,2022-11-08 13:55:41,Closed,NORTH,BALLARD,6.0,98107.0,47.66279835,-122.36895857,Unknown,No,Sidewalk,Garbage/Loose litter,0.0
2022UOF-1269-2902-29489,Level 2 - Use of Force,2022-11-10 06:29:00,5708,30362,White,Female,2022,11,22-00285320,2022-11-11 12:06:53,Closed,NORTH,BALLARD,6.0,98107.0,47.66317537,-122.37282743,Yes,Yes,No blockage,"Needles/Sharps,Hazardous materials (e.g., propane tanks),Bulky items,Human waste,Garbage/Loose litter",0.0
2022UOF-1269-2902-29489,Level 2 - Use of Force,2022-11-10 06:29:00,5708,30362,White,Female,2022,11,22-00283017,2022-11-08 13:57:46,Closed,NORTH,BALLARD,6.0,98107.0,47.66279835,-122.36895857,Unknown,Yes,No blockage,Garbage/Loose litter,0.0
2022UOF-1269-2902-29489,Level 2 - Use of Force,2022-11-10 06:29:00,5708,30362,White,Female,2022,11,22-00285392,2022-11-11 14:19:56,Closed,NORTH,BALLARD,6.0,98107.0,47.66367111,-122.38002901,Yes,Yes,Other (please explain in the Description),"Human waste,Bulky items,Garbage/Loose litter",0.0
2022UOF-1269-2902-29489,Level 2 - Use of Force,2022-11-10 06:29:00,5708,30362,White,Female,2022,11,22-00283032,2022-11-08 14:11:57,Closed,NORTH,RAVENNA/BRYANT,4.0,98105.0,47.66656496,-122.28385834,Yes,No,Other (please explain in the Description),Garbage/Loose litter,0.0
2022UOF-1269-2902-29489,Level 2 - Use of Force,2022-11-10 06:29:00,5708,30362,White,Female,2022,11,22-00285504,2022-11-12 06:13:39,Closed,NORTH,BALLARD,6.0,98107.0,47.66384617,-122.37015787,Yes,Yellow,Sidewalk,"Needles/Sharps,Garbage/Loose litter,Hazardous materials (e.g., propane tanks),Bulky items,Human waste",1.0
2022UOF-1269-2902-29489,Level 2 - Use of Force,2022-11-10 06:29:00,5708,30362,White,Female,2022,11,22-00283222,2022-11-08 15:34:27,Closed,NORTH,FREMONT,6.0,98103.0,47.65226504,-122.34840244,Yes,Unknown,"Sidewalk,Recreation amenity","Garbage/Loose litter,Needles/Sharps,Human waste,Bulky items",0.0
2022UOF-1269-2902-29489,Level 2 - Use of Force,2022-11-10 06:29:00,5708,30362,White,Female,2022,11,22-00283313,2022-11-08 16:47:03,Closed,NORTH,UNIVERSITY DISTRICT,4.0,98105.0,47.67228966,-122.31050643,No,No,No blockage,Bulky items,0.0
2022UOF-1269-2902-29489,Level 2 - Use of Force,2022-11-10 06:29:00,5708,30362,White,Female,2022,11,22-00285583,2022-11-12 06:21:15,Closed,EAST,CASCADE/EASTLAKE,3.0,98102.0,47.6330384,-122.32286942,Yes,Yes,"Sidewalk,Bike lane,Recreation amenity,Entrance to business,Entrance to residence","Garbage/Loose litter,Needles/Sharps,Bulky items,Hazardous materials (e.g., propane tanks),Human waste",1.0
2022UOF-1269-2902-29489,Level 2 - Use of Force,2022-11-10 06:29:00,5708,30362,White,Female,2022,11,22-00283441,2022-11-09 03:17:54,Closed,SOUTH,GEORGETOWN,2.0,98108.0,47.55542907,-122.33070238,Yes,No,"Sidewalk,Entrance to business,Bike lane","Garbage/Loose litter,Needles/Sharps,Human waste",0.0
2022UOF-1269-2902-29489,Level 2 - Use of Force,2022-11-10 06:29:00,5708,30362,White,Female,2022,11,22-00283510,2022-11-09 08:02:20,Closed,SOUTH,NORTH BEACON HILL/JEFFERSON PARK,2.0,98144.0,47.56996978,-122.31277395,Unknown,No,No blockage,Bulky items,0.0
2022UOF-1269-2902-29489,Level 2 - Use of Force,2022-11-10 06:29:00,5708,30362,White,Female,2022,11,22-00283626,2022-11-09 09:33:43,Closed,SOUTH,NORTH BEACON HILL/JEFFERSON PARK,2.0,98144.0,47.57143296,-122.2971226,Unknown,No,No blockage,Garbage/Loose litter,0.0
2022UOF-1269-2902-29489,Level 2 - Use of Force,2022-11-10 06:29:00,5708,30362,White,Female,2022,11,22-00285814,2022-11-12 13:11:39,Closed,EAST,CAPITOL HILL,3.0,98122.0,47.61775471,-122.31735129,Yes,Unknown,Sidewalk,"Garbage/Loose litter,Needles/Sharps",1.0
2022UOF-1269-2902-29489,Level 2 - Use of Force,2022-11-10 06:29:00,5708,30362,White,Female,2022,11,22-00283637,2022-11-09 09:37:56,Closed,WEST,CASCADE/EASTLAKE,7.0,98109.0,47.61842339,-122.35075119,Yes,No,Sidewalk,Garbage/Loose litter,0.0
2022UOF-1269-2902-29489,Level 2 - Use of Force,2022-11-10 06:29:00,5708,30362,White,Female,2022,11,22-00285941,2022-11-12 16:21:52,Closed,WEST,INTERBAY,7.0,98119.0,47.63528854,-122.37728483,Yes,Yes,"Sidewalk,Entrance to business",Other (please explain in the Description),1.0
2022UOF-1269-2902-29489,Level 2 - Use of Force,2022-11-10 06:29:00,5708,30362,White,Female,2022,11,22-00283646,2022-11-09 09:45:48,Closed,SOUTHWEST,NORTH DELRIDGE,1.0,98106.0,47.57024505,-122.35606444,Yes,Yes,"Sidewalk,Bike lane,Entrance to business,Other (please explain in the Description)","Garbage/Loose litter,Needles/Sharps,Hazardous materials (e.g., propane tanks),Bulky items,Human waste,Other (please explain in the Description)",0.0
2022UOF-1269-2902-29489,Level 2 - Use of Force,2022-11-10 06:29:00,5708,30362,White,Female,2022,11,22-00285953,2022-11-12 17:06:11,Closed,SOUTH,DUWAMISH/SODO,2.0,98134.0,47.58580097,-122.32310664,Yes,Black,Entrance to business,"Garbage/Loose litter,Needles/Sharps,Hazardous materials (e.g., propane tanks),Bulky items,Human waste",1.0
2022UOF-1269-2902-29489,Level 2 - Use of Force,2022-11-10 06:29:00,5708,30362,White,Female,2022,11,22-00285959,2022-11-12 17:28:21,Closed,WEST,QUEEN ANNE,7.0,98109.0,47.64671698,-122.35055379,Yes,No,Sidewalk,Bulky items,1.0
2022UOF-1269-2902-29489,Level 2 - Use of Force,2022-11-10 06:29:00,5708,30362,White,Female,2022,11,22-00283650,2022-11-09 09:49:50,Closed,WEST,CASCADE/EASTLAKE,7.0,98109.0,47.62382086,-122.34407433,Unknown,No,Sidewalk,"Garbage/Loose litter,Bulky items",0.0
2022UOF-1269-2902-29489,Level 2 - Use of Force,2022-11-10 06:29:00,5708,30362,White,Female,2022,11,22-00285987,2022-11-12 20:29:44,Closed,NORTH,BALLARD,6.0,98107.0,47.65904954,-122.36594896,Yes,Yes,"Sidewalk,Entrance to business","Garbage/Loose litter,Needles/Sharps,Hazardous materials (e.g., propane tanks),Bulky items,Human waste",1.0
2022UOF-1269-2902-29489,Level 2 - Use of Force,2022-11-10 06:29:00,5708,30362,White,Female,2022,11,22-00283734,2022-11-09 10:44:15,Closed,EAST,JUDKINS PARK,3.0,98144.0,47.60048876,-122.3113724,Yes,No,Sidewalk,"Garbage/Loose litter,Bulky items",0.0
2022UOF-1269-2902-29489,Level 2 - Use of Force,2022-11-10 06:29:00,5708,30362,White,Female,2022,11,22-00286112,2022-11-13 10:20:05,Closed,NORTH,BALLARD,6.0,98107.0,47.66276676,-122.37301837,Yes,Yes,Entrance to residence,"Garbage/Loose litter,Bulky items",1.0
2022UOF-1269-2902-29489,Level 2 - Use of Force,2022-11-10 06:29:00,5708,30362,White,Female,2022,11,22-00286119,2022-11-13 10:32:10,Closed,NORTH,BALLARD,6.0,98107.0,47.67070957,-122.38449553,Yes,Unknown,Sidewalk,Garbage/Loose litter,1.0
2022UOF-1269-2902-29489,Level 2 - Use of Force,2022-11-10 06:29:00,5708,30362,White,Female,2022,11,22-00284042,2022-11-09 15:00:12,Closed,WEST,CASCADE/EASTLAKE,7.0,98101.0,47.61800968,-122.32942391,Yes,No,No blockage,"Garbage/Loose litter,Needles/Sharps,Hazardous materials (e.g., propane tanks),Human waste",0.0
2022UOF-1269-2902-29489,Level 2 - Use of Force,2022-11-10 06:29:00,5708,30362,White,Female,2022,11,22-00286144,2022-11-13 11:10:31,Closed,EAST,JUDKINS PARK,3.0,98144.0,47.60052669,-122.31137233,Yes,Yes,"Sidewalk,Construction project,Recreation amenity","Garbage/Loose litter,Needles/Sharps,Hazardous materials (e.g., propane tanks),Bulky items,Human waste",1.0
2022UOF-1269-2902-29489,Level 2 - Use of Force,2022-11-10 06:29:00,5708,30362,White,Female,2022,11,22-00284039,2022-11-09 15:00:15,Closed,NORTH,FREMONT,6.0,98107.0,47.66300308,-122.36416613,Yes,Yes,Sidewalk,"Garbage/Loose litter,Needles/Sharps,Hazardous materials (e.g., propane tanks),Bulky items,Human waste",0.0
2022UOF-1269-2902-29489,Level 2 - Use of Force,2022-11-10 06:29:00,5708,30362,White,Female,2022,11,22-00286160,2022-11-13 11:24:35,Closed,NORTH,GREEN LAKE,6.0,98103.0,47.66571353,-122.3449112,No,No,No blockage,Garbage/Loose litter,1.0
2022UOF-1269-2902-29489,Level 2 - Use of Force,2022-11-10 06:29:00,5708,30362,White,Female,2022,11,22-00286181,2022-11-13 11:48:45,Closed,NORTH,BALLARD,6.0,98107.0,47.67040056,-122.38445383,Yes,Unknown,Sidewalk,Garbage/Loose litter,1.0
2022UOF-1269-2902-29489,Level 2 - Use of Force,2022-11-10 06:29:00,5708,30362,White,Female,2022,11,22-00284228,2022-11-09 19:02:03,Closed,WEST,QUEEN ANNE,7.0,98109.0,47.62512225,-122.35438684,Yes,No,Sidewalk,Garbage/Loose litter,0.0
2022UOF-1269-2902-29489,Level 2 - Use of Force,2022-11-10 06:29:00,5708,30362,White,Female,2022,11,22-00286346,2022-11-13 15:24:24,Closed,NORTH,NORTH BEACH/BLUE RIDGE,6.0,98117.0,47.69987171,-122.36622724,Yes,Yes,Sidewalk,"Garbage/Loose litter,Needles/Sharps,Human waste,Bulky items,Hazardous materials (e.g., propane tanks)",1.0
2022UOF-1269-2902-29489,Level 2 - Use of Force,2022-11-10 06:29:00,5708,30362,White,Female,2022,11,22-00284288,2022-11-09 23:58:19,Closed,WEST,CASCADE/EASTLAKE,4.0,98102.0,47.6324583,-122.32657841,Yes,Yes,Sidewalk,"Garbage/Loose litter,Hazardous materials (e.g., propane tanks),Bulky items,Human waste",0.0
2022UOF-1269-2902-29489,Level 2 - Use of Force,2022-11-10 06:29:00,5708,30362,White,Female,2022,11,22-00286370,2022-11-13 15:50:36,Closed,SOUTHWEST,NORTH DELRIDGE,1.0,98126.0,47.57795196,-122.37205445,Yes,Yes,"Sidewalk,Bike lane,Recreation amenity,Entrance to business,Entrance to residence","Garbage/Loose litter,Hazardous materials (e.g., propane tanks),Bulky items",1.0
2022UOF-1269-2902-29489,Level 2 - Use of Force,2022-11-10 06:29:00,5708,30362,White,Female,2022,11,22-00286386,2022-11-13 16:24:52,Closed,EAST,MILLER PARK,3.0,98112.0,47.62262645,-122.31242513,Yes,No,Sidewalk,"Garbage/Loose litter,Human waste,Bulky items",1.0
2022UOF-1269-2902-29489,Level 2 - Use of Force,2022-11-10 06:29:00,5708,30362,White,Female,2022,11,22-00286409,2022-11-13 17:17:16,Closed,SOUTHWEST,NORTH DELRIDGE,1.0,98126.0,47.57669786,-122.37175963,Yes,Yes,"Sidewalk,Bike lane","Garbage/Loose litter,Hazardous materials (e.g., propane tanks),Bulky items,Other (please explain in the Description)",1.0
2022UOF-1269-2902-29489,Level 2 - Use of Force,2022-11-10 06:29:00,5708,30362,White,Female,2022,11,22-00286522,2022-11-14 05:29:45,Closed,NORTH,GREEN LAKE,4.0,98115.0,47.6767784,-122.31989877,Yes,Yes,Sidewalk,"Garbage/Loose litter,Bulky items,Human waste",0.0
2022UOF-1269-2902-29489,Level 2 - Use of Force,2022-11-10 06:29:00,5708,30362,White,Female,2022,11,22-00286584,2022-11-14 07:46:48,Closed,NORTH,NORTH BEACH/BLUE RIDGE,6.0,98117.0,47.69329839,-122.37607863,Yes,No,Sidewalk,"Garbage/Loose litter,Needles/Sharps,Hazardous materials (e.g., propane tanks),Bulky items",0.0
2022UOF-1269-2902-29489,Level 2 - Use of Force,2022-11-10 06:29:00,5708,30362,White,Female,2022,11,22-00284567,2022-11-10 10:49:19,Closed,SOUTHWEST,RIVERVIEW,1.0,98106.0,47.5353196,-122.35000887,Unknown,Yes,Recreation amenity,"Garbage/Loose litter,Bulky items",0.0
2022UOF-1269-2902-29489,Level 2 - Use of Force,2022-11-10 06:29:00,5708,30362,White,Female,2022,11,22-00286679,2022-11-14 09:37:39,Closed,NORTH,GREENWOOD/PHINNEY RIDGE,6.0,98117.0,47.69225797,-122.36560464,Yes,White,Other (please explain in the Description),Garbage/Loose litter,0.0
2022UOF-1269-2902-29489,Level 2 - Use of Force,2022-11-10 06:29:00,5708,30362,White,Female,2022,11,22-00286753,2022-11-14 10:38:06,Closed,SOUTH,NORTH BEACON HILL/JEFFERSON PARK,2.0,98144.0,47.57170211,-122.31191973,Yes,No,Sidewalk,"Garbage/Loose litter,Bulky items",0.0
2022UOF-1269-2902-29489,Level 2 - Use of Force,2022-11-10 06:29:00,5708,30362,White,Female,2022,11,22-00284631,2022-11-10 11:39:40,Closed,SOUTHWEST,ROXHILL/WESTWOOD,1.0,98126.0,47.52475865,-122.36739024,Unknown,Yes,Sidewalk,"Bulky items,Hazardous materials (e.g., propane tanks),Needles/Sharps,Garbage/Loose litter,Human waste",0.0
2022UOF-1269-2902-29489,Level 2 - Use of Force,2022-11-10 06:29:00,5708,30362,White,Female,2022,11,22-00286962,2022-11-14 13:29:25,Closed,WEST,DUWAMISH/SODO,2.0,98134.0,47.5932301,-122.336035,Yes,No,No blockage,"Bulky items,Garbage/Loose litter,Needles/Sharps",0.0
2022UOF-1269-2902-29489,Level 2 - Use of Force,2022-11-10 06:29:00,5708,30362,White,Female,2022,11,22-00284661,2022-11-10 12:07:56,Closed,NORTH,NORTH BEACH/BLUE RIDGE,6.0,98117.0,47.69987171,-122.36622724,Yes,Yes,Sidewalk,"Hazardous materials (e.g., propane tanks),Human waste,Bulky items,Needles/Sharps,Garbage/Loose litter",0.0
2022UOF-1269-2902-29489,Level 2 - Use of Force,2022-11-10 06:29:00,5708,30362,White,Female,2022,11,22-00287139,2022-11-14 15:48:33,Closed,SOUTHWEST,WEST SEATTLE JUNCTION/GENESEE HILL,1.0,98136.0,47.55619225,-122.39194734,Yes,Yes,Sidewalk,Other (please explain in the Description),0.0
2022UOF-1269-2902-29489,Level 2 - Use of Force,2022-11-10 06:29:00,5708,30362,White,Female,2022,11,22-00287179,2022-11-14 16:26:48,Closed,SOUTH,NORTH BEACON HILL/JEFFERSON PARK,3.0,98144.0,47.58953135,-122.3028339,Yes,No,Other (please explain in the Description),Garbage/Loose litter,0.0
2022UOF-1269-2902-29489,Level 2 - Use of Force,2022-11-10 06:29:00,5708,30362,White,Female,2022,11,22-00284948,2022-11-10 16:23:54,Closed,WEST,QUEEN ANNE,7.0,98109.0,47.62551579,-122.34063597,Yes,No,"Sidewalk,Bike lane,Construction project","Garbage/Loose litter,Needles/Sharps,Hazardous materials (e.g., propane tanks),Bulky items,Human waste",0.0
2022UOF-1269-2902-29489,Level 2 - Use of Force,2022-11-10 06:29:00,5708,30362,White,Female,2022,11,22-00276657,2022-11-01 07:57:51,Closed,SOUTHWEST,NORTH DELRIDGE,1.0,98126.0,47.57669786,-122.37175963,Yes,Yes,"Sidewalk,Recreation amenity","Garbage/Loose litter,Hazardous materials (e.g., propane tanks),Bulky items",0.0
2022UOF-1269-2902-29489,Level 2 - Use of Force,2022-11-10 06:29:00,5708,30362,White,Female,2022,11,22-00287308,2022-11-14 18:43:49,Closed,SOUTH,NORTH BEACON HILL/JEFFERSON PARK,3.0,98144.0,47.58946274,-122.30873223,Yes,No,Sidewalk,Garbage/Loose litter,0.0
2022UOF-1269-2902-29489,Level 2 - Use of Force,2022-11-10 06:29:00,5708,30362,White,Female,2022,11,22-00276723,2022-11-01 08:44:15,Closed,NORTH,GREENWOOD/PHINNEY RIDGE,6.0,98117.0,47.69084508,-122.35832403,No,No,"Sidewalk,Other (please explain in the Description)","Garbage/Loose litter,Needles/Sharps",0.0
2022UOF-1269-2902-29489,Level 2 - Use of Force,2022-11-10 06:29:00,5708,30362,White,Female,2022,11,22-00285016,2022-11-10 18:57:01,Closed,NORTH,RAVENNA/BRYANT,4.0,98115.0,47.68863413,-122.31027679,Yes,Yes,No blockage,Garbage/Loose litter,0.0
2022UOF-1269-2902-29489,Level 2 - Use of Force,2022-11-10 06:29:00,5708,30362,White,Female,2022,11,22-00276748,2022-11-01 08:56:18,Closed,SOUTH,MT. BAKER/NORTH RAINIER,2.0,98144.0,47.57664356,-122.28615913,Yes,Unknown,Recreation amenity,"Hazardous materials (e.g.,Garbage/Loose litter,Other (please explain in the Description)",0.0
2022UOF-1269-2902-29489,Level 2 - Use of Force,2022-11-10 06:29:00,5708,30362,White,Female,2022,11,22-00287383,2022-11-15 05:44:34,Closed,NORTH,OLYMPIC HILLS/VICTORY HEIGHTS,5.0,98125.0,47.71814053,-122.3109888,Yes,Yes,"Sidewalk,Other (please explain in the Description)",Garbage/Loose litter,0.0
2022UOF-1269-2902-29489,Level 2 - Use of Force,2022-11-10 06:29:00,5708,30362,White,Female,2022,11,22-00276766,2022-11-01 09:02:25,Closed,SOUTH,MT. BAKER/NORTH RAINIER,2.0,98144.0,47.57664356,-122.28615913,Yes,No,Other (please explain in the Description),Other (please explain in the Description),0.0
2022UOF-1269-2902-29489,Level 2 - Use of Force,2022-11-10 06:29:00,5708,30362,White,Female,2022,11,22-00285018,2022-11-10 19:09:06,Closed,EAST,CENTRAL AREA/SQUIRE PARK,3.0,98122.0,47.60916821,-122.29981264,Yes,Yes,Entrance to residence,Garbage/Loose litter,0.0
2022UOF-1269-2902-29489,Level 2 - Use of Force,2022-11-10 06:29:00,5708,30362,White,Female,2022,11,22-00285026,2022-11-10 19:43:22,Closed,EAST,MILLER PARK,3.0,98112.0,47.62304094,-122.3124922,Yes,No,"Sidewalk,Entrance to business,Entrance to residence","Garbage/Loose litter,Needles/Sharps,Hazardous materials (e.g., propane tanks),Bulky items,Human waste",0.0
2022UOF-1269-2902-29489,Level 2 - Use of Force,2022-11-10 06:29:00,5708,30362,White,Female,2022,11,22-00285041,2022-11-10 20:25:46,Closed,NORTH,BALLARD,6.0,98107.0,47.66264292,-122.37182429,Yes,Yes,"Sidewalk,Other (please explain in the Description)","Hazardous materials (e.g., propane tanks),Other (please explain in the Description)",0.0
2022UOF-1269-2902-29489,Level 2 - Use of Force,2022-11-10 06:29:00,5708,30362,White,Female,2022,11,22-00285067,2022-11-10 21:28:11,Closed,NORTH,WHITTIER HEIGHTS,6.0,98117.0,47.6892945,-122.37576702,Yes,Yes,Sidewalk,"Garbage/Loose litter,Hazardous materials (e.g., propane tanks),Bulky items",0.0
2022UOF-1269-2902-29489,Level 2 - Use of Force,2022-11-10 06:29:00,5708,30362,White,Female,2022,11,22-00276802,2022-11-01 09:32:37,Closed,NORTH,WALLINGFORD,4.0,98105.0,47.66443952,-122.31971327,Yes,No,Recreation amenity,Garbage/Loose litter,0.0
2022UOF-1269-2902-29489,Level 2 - Use of Force,2022-11-10 06:29:00,5708,30362,White,Female,2022,11,22-00287606,2022-11-15 10:04:51,Closed,SOUTHWEST,RIVERVIEW,1.0,98106.0,47.53655678,-122.35524978,Unknown,Yes,"Sidewalk,Bike lane,Other (please explain in the Description)","Other (please explain in the Description),Hazardous materials (e.g., propane tanks)",0.0
2022UOF-1269-2902-29489,Level 2 - Use of Force,2022-11-10 06:29:00,5708,30362,White,Female,2022,11,22-00276813,2022-11-01 09:38:40,Closed,WEST,CASCADE/EASTLAKE,7.0,98109.0,47.61842339,-122.35075119,Yes,No,"Sidewalk,Recreation amenity","Garbage/Loose litter,Bulky items",0.0
2022UOF-1269-2902-29489,Level 2 - Use of Force,2022-11-10 06:29:00,5708,30362,White,Female,2022,11,22-00285083,2022-11-10 22:32:40,Closed,WEST,DUWAMISH/SODO,2.0,98134.0,47.59280641,-122.32448919,Yes,No,Sidewalk,Human waste,0.0
2022UOF-1269-2902-29489,Level 2 - Use of Force,2022-11-10 06:29:00,5708,30362,White,Female,2022,11,22-00287729,2022-11-15 11:33:33,Closed,WEST,BELLTOWN,7.0,98121.0,47.61395426,-122.34585859,Yes,No,No blockage,Garbage/Loose litter,0.0
2022UOF-1269-2902-29489,Level 2 - Use of Force,2022-11-10 06:29:00,5708,30362,White,Female,2022,11,22-00276894,2022-11-01 10:31:05,Closed,WEST,CASCADE/EASTLAKE,7.0,98109.0,47.62094151,-122.33328446,Yes,No,Other (please explain in the Description),Garbage/Loose litter,0.0
2022UOF-1269-2902-29489,Level 2 - Use of Force,2022-11-10 06:29:00,5708,30362,White,Female,2022,11,22-00285155,2022-11-11 08:27:12,Closed,SOUTH,SOUTH BEACON HILL/NEWHOLLY,2.0,98118.0,47.52987184,-122.28335147,Yes,Yes,Other (please explain in the Description),"Garbage/Loose litter,Bulky items",0.0
2022UOF-1269-2902-29489,Level 2 - Use of Force,2022-11-10 06:29:00,5708,30362,White,Female,2022,11,22-00287852,2022-11-15 12:58:11,Closed,SOUTHWEST,HIGHLAND PARK,1.0,98106.0,47.52269861,-122.35375755,Yes,Yes,Sidewalk,"Human waste,Bulky items,Hazardous materials (e.g., propane tanks),Garbage/Loose litter",0.0
2022UOF-1269-2902-29489,Level 2 - Use of Force,2022-11-10 06:29:00,5708,30362,White,Female,2022,11,22-00277052,2022-11-01 12:11:54,Closed,NORTH,OLYMPIC HILLS/VICTORY HEIGHTS,5.0,98125.0,47.730521,-122.32339787,No,No,Recreation amenity,Garbage/Loose litter,0.0
2022UOF-1269-2902-29489,Level 2 - Use of Force,2022-11-10 06:29:00,5708,30362,White,Female,2022,11,22-00285182,2022-11-11 09:11:33,Closed,SOUTHWEST,RIVERVIEW,1.0,98106.0,47.5353196,-122.35000887,Unknown,Yes,Recreation amenity,"Hazardous materials (e.g., propane tanks),Garbage/Loose litter",0.0
2022UOF-1269-2902-29489,Level 2 - Use of Force,2022-11-10 06:29:00,5708,30362,White,Female,2022,11,22-00287894,2022-11-15 13:36:28,Closed,NORTH,SUNSET HILL/LOYAL HEIGHTS,6.0,98107.0,47.67248402,-122.40554679,No,No,No blockage,"Garbage/Loose litter,Bulky items",0.0
2022UOF-1269-2902-29489,Level 2 - Use of Force,2022-11-10 06:29:00,5708,30362,White,Female,2022,11,22-00285184,2022-11-11 09:13:38,Closed,NORTH,BALLARD,6.0,98107.0,47.66249037,-122.37023062,Unknown,Yellow,Bike lane,"Garbage/Loose litter,Needles/Sharps,Hazardous materials (e.g., propane tanks),Bulky items,Human waste",0.0
2022UOF-1269-2902-29489,Level 2 - Use of Force,2022-11-10 06:29:00,5708,30362,White,Female,2022,11,22-00288004,2022-11-15 15:07:18,Closed,EAST,MILLER PARK,3.0,98112.0,47.62607034,-122.29541264,Yes,Unknown,Other (please explain in the Description),"Needles/Sharps,Human waste,Bulky items,Hazardous materials (e.g., propane tanks),Garbage/Loose litter",0.0
2022UOF-1269-2902-29489,Level 2 - Use of Force,2022-11-10 06:29:00,5708,30362,White,Female,2022,11,22-00277198,2022-11-01 13:46:38,Closed,NORTH,WEDGWOOD/VIEW RIDGE,5.0,98115.0,47.6977261,-122.30521866,Unknown,Yes,Other (please explain in the Description),"Garbage/Loose litter,Hazardous materials (e.g., propane tanks)",0.0
2022UOF-1269-2902-29489,Level 2 - Use of Force,2022-11-10 06:29:00,5708,30362,White,Female,2022,11,22-00285219,2022-11-11 10:03:57,Closed,WEST,QUEEN ANNE,7.0,98119.0,47.65146674,-122.36121517,Yes,Unknown,"Bike lane,Recreation amenity,Construction project","Garbage/Loose litter,Hazardous materials (e.g., propane tanks),Bulky items",0.0
2022UOF-1269-2902-29489,Level 2 - Use of Force,2022-11-10 06:29:00,5708,30362,White,Female,2022,11,22-00285220,2022-11-11 10:03:58,Closed,NORTH,OLYMPIC HILLS/VICTORY HEIGHTS,5.0,98125.0,47.71805154,-122.3116727,Yes,Yes,No blockage,Garbage/Loose litter,0.0
2022UOF-1269-2902-29489,Level 2 - Use of Force,2022-11-10 06:29:00,5708,30362,White,Female,2022,11,22-00277282,2022-11-01 14:57:16,Closed,WEST,QUEEN ANNE,7.0,98109.0,47.6248547,-122.35580914,Yes,No,"Sidewalk,Bike lane,Entrance to business","Garbage/Loose litter,Needles/Sharps,Hazardous materials (e.g., propane tanks),Bulky items,Human waste",0.0
2022UOF-1269-2902-29489,Level 2 - Use of Force,2022-11-10 06:29:00,5708,30362,White,Female,2022,11,22-00288216,2022-11-15 20:05:27,Closed,NORTH,UNIVERSITY DISTRICT,4.0,98115.0,47.67372451,-122.30900747,Yes,Unknown,Recreation amenity,"Garbage/Loose litter,Human waste",0.0
2022UOF-1269-2902-29489,Level 2 - Use of Force,2022-11-10 06:29:00,5708,30362,White,Female,2022,11,22-00277409,2022-11-01 16:21:54,Closed,NORTH,WALLINGFORD,4.0,98105.0,47.66035983,-122.32316481,Yes,No,No blockage,"Garbage/Loose litter,Needles/Sharps,Hazardous materials (e.g., propane tanks),Bulky items,Human waste",0.0
2022UOF-1269-2902-29489,Level 2 - Use of Force,2022-11-10 06:29:00,5708,30362,White,Female,2022,11,22-00288385,2022-11-16 08:58:49,Closed,NORTH,HALLER LAKE,5.0,98133.0,47.72222148,-122.34218162,Yes,Yes,Sidewalk,"Hazardous materials (e.g., propane tanks)",0.0
2022UOF-1269-2902-29489,Level 2 - Use of Force,2022-11-10 06:29:00,5708,30362,White,Female,2022,11,22-00285245,2022-11-11 10:30:09,Closed,NORTH,BALLARD,6.0,98107.0,47.66974346,-122.38512934,Yes,Unknown,Entrance to business,Garbage/Loose litter,0.0
2022UOF-1269-2902-29489,Level 2 - Use of Force,2022-11-10 06:29:00,5708,30362,White,Female,2022,11,22-00277426,2022-11-01 16:31:53,Closed,NORTH,RAVENNA/BRYANT,4.0,98105.0,47.66684467,-122.28602183,No,Yes,No blockage,"Needles/Sharps,Human waste",0.0
2022UOF-1269-2902-29489,Level 2 - Use of Force,2022-11-10 06:29:00,5708,30362,White,Female,2022,11,22-00288509,2022-11-16 10:37:41,Closed,EAST,CASCADE/EASTLAKE,3.0,98102.0,47.63476872,-122.32271034,Yes,Yes,Recreation amenity,Garbage/Loose litter,0.0
2022UOF-1269-2902-29489,Level 2 - Use of Force,2022-11-10 06:29:00,5708,30362,White,Female,2022,11,22-00285331,2022-11-11 12:25:03,Closed,NORTH,BALLARD,6.0,98107.0,47.66312905,-122.37140311,No,Unknown,No blockage,"Garbage/Loose litter,Bulky items,Human waste",0.0
2022UOF-1269-2902-29489,Level 2 - Use of Force,2022-11-10 06:29:00,5708,30362,White,Female,2022,11,22-00288571,2022-11-16 11:18:01,Closed,NORTH,BALLARD,6.0,98107.0,47.65904954,-122.36594896,Yes,No,Bike lane,Garbage/Loose litter,0.0
2022UOF-1269-2902-29489,Level 2 - Use of Force,2022-11-10 06:29:00,5708,30362,White,Female,2022,11,22-00277524,2022-11-01 17:56:32,Closed,NORTH,FREMONT,4.0,98103.0,47.64709066,-122.33636226,Yes,Yes,Recreation amenity,"Hazardous materials (e.g., propane tanks),Other (please explain in the Description)",0.0
2022UOF-1269-2902-29489,Level 2 - Use of Force,2022-11-10 06:29:00,5708,30362,White,Female,2022,11,22-00277569,2022-11-01 18:53:01,Closed,SOUTHWEST,ROXHILL/WESTWOOD,1.0,98106.0,47.5251534,-122.36406983,Yes,Unknown,No blockage,"Garbage/Loose litter,Needles/Sharps,Human waste",0.0
2022UOF-1269-2902-29489,Level 2 - Use of Force,2022-11-10 06:29:00,5708,30362,White,Female,2022,11,22-00288653,2022-11-16 12:04:21,Closed,NORTH,HALLER LAKE,5.0,98133.0,47.72665871,-122.34418172,Yes,No,Sidewalk,"Garbage/Loose litter,Needles/Sharps,Hazardous materials (e.g., propane tanks),Bulky items,Human waste",0.0
2022UOF-1269-2902-29489,Level 2 - Use of Force,2022-11-10 06:29:00,5708,30362,White,Female,2022,11,22-00285349,2022-11-11 13:03:22,Closed,WEST,DUWAMISH/SODO,2.0,98134.0,47.59483491,-122.32532965,Yes,Yes,Construction project,"Garbage/Loose litter,Needles/Sharps,Hazardous materials (e.g., propane tanks),Bulky items,Human waste",0.0
2022UOF-1269-2902-29489,Level 2 - Use of Force,2022-11-10 06:29:00,5708,30362,White,Female,2022,11,22-00277623,2022-11-01 21:03:58,Closed,EAST,CASCADE/EASTLAKE,3.0,98102.0,47.6330384,-122.32286942,Yes,Yes,"Sidewalk,Bike lane,Recreation amenity,Entrance to residence","Garbage/Loose litter,Needles/Sharps,Hazardous materials (e.g., propane tanks),Bulky items,Human waste",0.0
2022UOF-1269-2902-29489,Level 2 - Use of Force,2022-11-10 06:29:00,5708,30362,White,Female,2022,11,22-00288741,2022-11-16 13:19:27,Closed,EAST,CASCADE/EASTLAKE,3.0,98102.0,47.63289568,-122.32302521,Yes,Yes,"Sidewalk,Bike lane,Recreation amenity,Construction project,Entrance to residence","Garbage/Loose litter,Needles/Sharps,Hazardous materials (e.g., propane tanks),Bulky items,Human waste",0.0
2022UOF-1269-2902-29489,Level 2 - Use of Force,2022-11-10 06:29:00,5708,30362,White,Female,2022,11,22-00285360,2022-11-11 13:31:32,Closed,SOUTHWEST,HIGHLAND PARK,1.0,98106.0,47.51901738,-122.3543399,Yes,Yes,"Sidewalk,Entrance to business","Garbage/Loose litter,Needles/Sharps,Hazardous materials (e.g., propane tanks),Bulky items,Other (please explain in the Description)",0.0
2022UOF-1269-2902-29489,Level 2 - Use of Force,2022-11-10 06:29:00,5708,30362,White,Female,2022,11,22-00285367,2022-11-11 13:39:37,Closed,EAST,MILLER PARK,3.0,98112.0,47.62262645,-122.31242513,Yes,No,"Sidewalk,Entrance to business","Garbage/Loose litter,Needles/Sharps",0.0
2022UOF-1269-2902-29489,Level 2 - Use of Force,2022-11-10 06:29:00,5708,30362,White,Female,2022,11,22-00288955,2022-11-16 16:11:35,Closed,NORTH,HALLER LAKE,5.0,98133.0,47.72222148,-122.34218162,Yes,Yes,Sidewalk,"Garbage/Loose litter,Bulky items",0.0
2022UOF-1269-2902-29489,Level 2 - Use of Force,2022-11-10 06:29:00,5708,30362,White,Female,2022,11,22-00277709,2022-11-02 07:14:38,Closed,NORTH,SUNSET HILL/LOYAL HEIGHTS,6.0,98107.0,47.6677998,-122.38802029,Yes,No,Other (please explain in the Description),"Garbage/Loose litter,Needles/Sharps,Hazardous materials (e.g., propane tanks),Bulky items,Other (please explain in the Description)",0.0
2022UOF-1269-2902-29489,Level 2 - Use of Force,2022-11-10 06:29:00,5708,30362,White,Female,2022,11,22-00288962,2022-11-16 16:17:37,Closed,SOUTH,NORTH BEACON HILL/JEFFERSON PARK,2.0,98144.0,47.59202047,-122.31222612,Yes,Unknown,Recreation amenity,Garbage/Loose litter,0.0
2022UOF-1269-2902-29489,Level 2 - Use of Force,2022-11-10 06:29:00,5708,30362,White,Female,2022,11,22-00285494,2022-11-12 06:13:18,Closed,SOUTHWEST,SOUTH PARK,1.0,98108.0,47.52135409,-122.33448761,Yes,Yes,No blockage,Garbage/Loose litter,1.0
2022UOF-1269-2902-29489,Level 2 - Use of Force,2022-11-10 06:29:00,5708,30362,White,Female,2022,11,22-00285511,2022-11-12 06:13:50,Closed,NORTH,BALLARD,6.0,98107.0,47.66384617,-122.37015787,Yes,Yes,Sidewalk,"Garbage/Loose litter,Needles/Sharps,Hazardous materials (e.g., propane tanks),Bulky items",1.0
2022UOF-1269-2902-29489,Level 2 - Use of Force,2022-11-10 06:29:00,5708,30362,White,Female,2022,11,22-00289031,2022-11-16 17:44:23,Closed,WEST,QUEEN ANNE,7.0,98109.0,47.62551579,-122.34063597,Yes,No,"Sidewalk,Bike lane,Construction project","Garbage/Loose litter,Needles/Sharps,Hazardous materials (e.g., propane tanks),Bulky items,Human waste",0.0
2022UOF-1269-2902-29489,Level 2 - Use of Force,2022-11-10 06:29:00,5708,30362,White,Female,2022,11,22-00278024,2022-11-02 11:10:26,Closed,EAST,MONTLAKE/PORTAGE BAY,3.0,98112.0,47.63552521,-122.30274486,Yes,White,Entrance to residence,"Garbage/Loose litter,Needles/Sharps,Hazardous materials (e.g., propane tanks),Human waste",0.0
2022UOF-1269-2902-29489,Level 2 - Use of Force,2022-11-10 06:29:00,5708,30362,White,Female,2022,11,22-00289043,2022-11-16 18:00:30,Closed,SOUTHWEST,HIGHLAND PARK,1.0,98108.0,47.52010883,-122.33384272,Yes,Yes,Other (please explain in the Description),"Hazardous materials (e.g., propane tanks)",0.0
2022UOF-1269-2902-29489,Level 2 - Use of Force,2022-11-10 06:29:00,5708,30362,White,Female,2022,11,22-00285521,2022-11-12 06:14:07,Closed,EAST,MILLER PARK,3.0,98112.0,47.62304094,-122.3124922,Yes,No,"Sidewalk,Entrance to business,Entrance to residence,Other (please explain in the Description)","Garbage/Loose litter,Needles/Sharps,Human waste,Other (please explain in the Description)",1.0
2022UOF-1269-2902-29489,Level 2 - Use of Force,2022-11-10 06:29:00,5708,30362,White,Female,2022,11,22-00278039,2022-11-02 11:30:36,Closed,EAST,CASCADE/EASTLAKE,3.0,98102.0,47.63286836,-122.32306038,Yes,Yes,"Sidewalk,Bike lane,Recreation amenity","Garbage/Loose litter,Needles/Sharps,Hazardous materials (e.g., propane tanks),Bulky items,Human waste",0.0
2022UOF-1269-2902-29489,Level 2 - Use of Force,2022-11-10 06:29:00,5708,30362,White,Female,2022,11,22-00289124,2022-11-16 21:55:22,Closed,EAST,MADRONA/LESCHI,3.0,98144.0,47.59564172,-122.29562579,Yes,Yes,Construction project,"Hazardous materials (e.g., propane tanks)",0.0
2022UOF-1269-2902-29489,Level 2 - Use of Force,2022-11-10 06:29:00,5708,30362,White,Female,2022,11,22-00285589,2022-11-12 06:21:25,Closed,EAST,CASCADE/EASTLAKE,3.0,98102.0,47.6330384,-122.32286942,Yes,Yes,"Sidewalk,Bike lane,Recreation amenity,Entrance to business,Entrance to residence","Garbage/Loose litter,Needles/Sharps,Hazardous materials (e.g., propane tanks),Bulky items,Human waste",1.0
2022UOF-1269-2902-29489,Level 2 - Use of Force,2022-11-10 06:29:00,5708,30362,White,Female,2022,11,22-00289129,2022-11-16 22:19:34,Closed,NORTH,GREENWOOD/PHINNEY RIDGE,6.0,98117.0,47.69034198,-122.36192887,Yes,Yes,Other (please explain in the Description),"Needles/Sharps,Hazardous materials (e.g., propane tanks),Bulky items,Human waste,Garbage/Loose litter",0.0
2022UOF-1269-2902-29489,Level 2 - Use of Force,2022-11-10 06:29:00,5708,30362,White,Female,2022,11,22-00289134,2022-11-16 22:47:50,Closed,NORTH,OLYMPIC HILLS/VICTORY HEIGHTS,5.0,98155.0,47.73379814,-122.31519465,Yes,No,Recreation amenity,Garbage/Loose litter,0.0
2022UOF-1269-2902-29489,Level 2 - Use of Force,2022-11-10 06:29:00,5708,30362,White,Female,2022,11,22-00285633,2022-11-12 07:04:35,Closed,EAST,CAPITOL HILL,3.0,98122.0,47.61775471,-122.31735129,Yes,No,Sidewalk,"Garbage/Loose litter,Needles/Sharps,Bulky items,Human waste",1.0
2022UOF-1269-2902-29489,Level 2 - Use of Force,2022-11-10 06:29:00,5708,30362,White,Female,2022,11,22-00285695,2022-11-12 10:14:05,Closed,NORTH,GREENWOOD/PHINNEY RIDGE,6.0,98117.0,47.69084508,-122.35832403,Unknown,No,Sidewalk,Garbage/Loose litter,1.0
2022UOF-1269-2902-29489,Level 2 - Use of Force,2022-11-10 06:29:00,5708,30362,White,Female,2022,11,22-00289291,2022-11-17 08:31:35,Closed,WEST,QUEEN ANNE,7.0,98109.0,47.62560217,-122.34865199,Yes,Unknown,"Bike lane,Sidewalk","Garbage/Loose litter,Bulky items,Human waste",0.0
2022UOF-1269-2902-29489,Level 2 - Use of Force,2022-11-10 06:29:00,5708,30362,White,Female,2022,11,22-00278257,2022-11-02 13:21:30,Closed,NORTH,LICTON SPRINGS,5.0,98103.0,47.69871836,-122.34259816,Yes,Yes,Other (please explain in the Description),Other (please explain in the Description),0.0
2022UOF-1269-2902-29489,Level 2 - Use of Force,2022-11-10 06:29:00,5708,30362,White,Female,2022,11,22-00285810,2022-11-12 13:11:33,Closed,NORTH,WALLINGFORD,4.0,98103.0,47.66092324,-122.33836015,Yes,Unknown,Sidewalk,Garbage/Loose litter,1.0
2022UOF-1269-2902-29489,Level 2 - Use of Force,2022-11-10 06:29:00,5708,30362,White,Female,2022,11,22-00278330,2022-11-02 13:51:40,Closed,EAST,MONTLAKE/PORTAGE BAY,3.0,98112.0,47.63558771,-122.30288145,Yes,Yes,Recreation amenity,Garbage/Loose litter,0.0
2022UOF-1269-2902-29489,Level 2 - Use of Force,2022-11-10 06:29:00,5708,30362,White,Female,2022,11,22-00285821,2022-11-12 13:11:50,Closed,SOUTHWEST,HIGHLAND PARK,1.0,98106.0,47.52308633,-122.35094695,Unknown,Yes,"Sidewalk,Bike lane","Garbage/Loose litter,Needles/Sharps,Hazardous materials (e.g., propane tanks),Bulky items,Human waste",1.0
2022UOF-1269-2902-29489,Level 2 - Use of Force,2022-11-10 06:29:00,5708,30362,White,Female,2022,11,22-00285861,2022-11-12 14:00:46,Closed,EAST,CASCADE/EASTLAKE,3.0,98102.0,47.63286836,-122.32306038,Yes,Yes,"Sidewalk,Bike lane,Other (please explain in the Description)","Hazardous materials (e.g., propane tanks),Bulky items,Human waste,Garbage/Loose litter",1.0
2022UOF-1269-2902-29489,Level 2 - Use of Force,2022-11-10 06:29:00,5708,30362,White,Female,2022,11,22-00289600,2022-11-17 12:43:58,Closed,SOUTH,NORTH BEACON HILL/JEFFERSON PARK,2.0,98144.0,47.58493077,-122.30713137,Yes,Yes,Bike lane,"Hazardous materials (e.g., propane tanks)",0.0
2022UOF-1269-2902-29489,Level 2 - Use of Force,2022-11-10 06:29:00,5708,30362,White,Female,2022,11,22-00278442,2022-11-02 14:52:10,Closed,WEST,INTERBAY,7.0,98119.0,47.62960318,-122.37164251,Yes,Yes,No blockage,Garbage/Loose litter,0.0
2022UOF-1269-2902-29489,Level 2 - Use of Force,2022-11-10 06:29:00,5708,30362,White,Female,2022,11,22-00285874,2022-11-12 14:33:01,Closed,NORTH,SUNSET HILL/LOYAL HEIGHTS,6.0,98117.0,47.68784158,-122.4020968,Yes,No,"Sidewalk,Bike lane,Recreation amenity","Human waste,Hazardous materials (e.g., propane tanks),Needles/Sharps,Garbage/Loose litter,Bulky items",1.0
2022UOF-1269-2902-29489,Level 2 - Use of Force,2022-11-10 06:29:00,5708,30362,White,Female,2022,11,22-00289740,2022-11-17 14:33:02,Closed,WEST,CASCADE/EASTLAKE,7.0,98109.0,47.62529407,-122.34087697,Yes,No,Sidewalk,"Garbage/Loose litter,Needles/Sharps,Hazardous materials (e.g., propane tanks),Bulky items,Human waste",0.0
2022UOF-1269-2902-29489,Level 2 - Use of Force,2022-11-10 06:29:00,5708,30362,White,Female,2022,11,22-00278462,2022-11-02 15:10:16,Closed,EAST,CASCADE/EASTLAKE,3.0,98102.0,47.63239348,-122.32256066,Yes,Yes,Sidewalk,Other (please explain in the Description),0.0
2022UOF-1269-2902-29489,Level 2 - Use of Force,2022-11-10 06:29:00,5708,30362,White,Female,2022,11,22-00285950,2022-11-12 16:52:04,Closed,NORTH,BALLARD,6.0,98107.0,47.66367111,-122.38002901,Yes,Yes,Sidewalk,"Garbage/Loose litter,Needles/Sharps,Hazardous materials (e.g., propane tanks),Bulky items,Human waste",1.0
2022UOF-1269-2902-29489,Level 2 - Use of Force,2022-11-10 06:29:00,5708,30362,White,Female,2022,11,22-00289750,2022-11-17 14:37:03,Closed,WEST,CASCADE/EASTLAKE,7.0,98109.0,47.62529407,-122.34087697,Yes,No,"Sidewalk,Bike lane,Construction project","Garbage/Loose litter,Needles/Sharps,Hazardous materials (e.g., propane tanks),Bulky items,Human waste",0.0
2022UOF-1269-2902-29489,Level 2 - Use of Force,2022-11-10 06:29:00,5708,30362,White,Female,2022,11,22-00278517,2022-11-02 15:40:30,Closed,NORTH,HALLER LAKE,5.0,98133.0,47.72694031,-122.34278433,Yes,Yes,Sidewalk,"Garbage/Loose litter,Hazardous materials (e.g., propane tanks),Bulky items",0.0
2022UOF-1269-2902-29489,Level 2 - Use of Force,2022-11-10 06:29:00,5708,30362,White,Female,2022,11,22-00285980,2022-11-12 19:23:13,Closed,NORTH,WHITTIER HEIGHTS,6.0,98117.0,47.68994468,-122.3752917,Yes,Yes,Sidewalk,"Needles/Sharps,Human waste,Bulky items,Garbage/Loose litter",1.0
2022UOF-1269-2902-29489,Level 2 - Use of Force,2022-11-10 06:29:00,5708,30362,White,Female,2022,11,22-00289905,2022-11-17 16:18:11,Closed,NORTH,WEDGWOOD/VIEW RIDGE,4.0,98115.0,47.69031619,-122.26708123,Yes,Yes,Sidewalk,"Garbage/Loose litter,Hazardous materials (e.g., propane tanks)",0.0
2022UOF-1269-2902-29489,Level 2 - Use of Force,2022-11-10 06:29:00,5708,30362,White,Female,2022,11,22-00278655,2022-11-02 17:03:09,Closed,SOUTH,RAINIER BEACH,2.0,98118.0,47.51768607,-122.26775992,Yes,White,Sidewalk,Bulky items,0.0
2022UOF-1269-2902-29489,Level 2 - Use of Force,2022-11-10 06:29:00,5708,30362,White,Female,2022,11,22-00289923,2022-11-17 16:34:10,Closed,NORTH,LICTON SPRINGS,5.0,98103.0,47.69890619,-122.34359025,Yes,Yes,Sidewalk,"Needles/Sharps,Hazardous materials (e.g., propane tanks),Garbage/Loose litter",0.0
2022UOF-1269-2902-29489,Level 2 - Use of Force,2022-11-10 06:29:00,5708,30362,White,Female,2022,11,22-00278660,2022-11-02 17:07:10,Closed,EAST,CENTRAL AREA/SQUIRE PARK,3.0,98122.0,47.60933529,-122.30057865,Yes,Yes,Sidewalk,Garbage/Loose litter,0.0
2022UOF-1269-2902-29489,Level 2 - Use of Force,2022-11-10 06:29:00,5708,30362,White,Female,2022,11,22-00286083,2022-11-13 09:11:35,Closed,NORTH,BALLARD,6.0,98107.0,47.6634179,-122.37933013,Yes,Yes,Sidewalk,"Garbage/Loose litter,Hazardous materials (e.g., propane tanks)",1.0
2022UOF-1269-2902-29489,Level 2 - Use of Force,2022-11-10 06:29:00,5708,30362,White,Female,2022,11,22-00289970,2022-11-17 18:08:47,Closed,SOUTHWEST,HIGH POINT,1.0,98126.0,47.54264758,-122.37485528,Yes,No,Recreation amenity,Garbage/Loose litter,0.0
2022UOF-1269-2902-29489,Level 2 - Use of Force,2022-11-10 06:29:00,5708,30362,White,Female,2022,11,22-00278790,2022-11-02 20:52:53,Closed,WEST,CASCADE/EASTLAKE,7.0,98109.0,47.62529407,-122.34087697,Yes,No,Sidewalk,"Garbage/Loose litter,Needles/Sharps,Hazardous materials (e.g., propane tanks),Bulky items,Human waste",0.0
2022UOF-1269-2902-29489,Level 2 - Use of Force,2022-11-10 06:29:00,5708,30362,White,Female,2022,11,22-00290058,2022-11-18 02:47:24,Closed,WEST,CASCADE/EASTLAKE,7.0,98109.0,47.62529407,-122.34087697,Yes,Yes,Sidewalk,"Garbage/Loose litter,Bulky items,Human waste,Other (please explain in the Description)",0.0
2022UOF-1269-2902-29489,Level 2 - Use of Force,2022-11-10 06:29:00,5708,30362,White,Female,2022,11,22-00286202,2022-11-13 12:37:07,Closed,NORTH,BROADVIEW/BITTER LAKE,5.0,98133.0,47.71887998,-122.34927427,Yes,No,Recreation amenity,"Garbage/Loose litter,Bulky items,Human waste",1.0
2022UOF-1269-2902-29489,Level 2 - Use of Force,2022-11-10 06:29:00,5708,30362,White,Female,2022,11,22-00286387,2022-11-13 16:26:53,Closed,NORTH,NORTH BEACH/BLUE RIDGE,6.0,98177.0,47.70172716,-122.36577459,Yes,White,Other (please explain in the Description),Garbage/Loose litter,1.0
2022UOF-1269-2902-29489,Level 2 - Use of Force,2022-11-10 06:29:00,5708,30362,White,Female,2022,11,22-00278841,2022-11-03 02:07:19,Closed,WEST,CASCADE/EASTLAKE,4.0,98102.0,47.6324583,-122.32657841,Yes,Yes,Other (please explain in the Description),"Garbage/Loose litter,Needles/Sharps,Hazardous materials (e.g., propane tanks),Bulky items,Human waste",0.0
2022UOF-1269-2902-29489,Level 2 - Use of Force,2022-11-10 06:29:00,5708,30362,White,Female,2022,11,22-00286408,2022-11-13 17:15:15,Closed,WEST,PIONEER SQUARE/INTERNATIONAL DISTRICT,7.0,98104.0,47.60026852,-122.33312521,Yes,No,"No blockage,Other (please explain in the Description)",Garbage/Loose litter,1.0
2022UOF-1269-2902-29489,Level 2 - Use of Force,2022-11-10 06:29:00,5708,30362,White,Female,2022,11,22-00286423,2022-11-13 18:05:38,Closed,NORTH,NORTH BEACH/BLUE RIDGE,6.0,98117.0,47.69149852,-122.38934591,Unknown,Yes,Other (please explain in the Description),Garbage/Loose litter,1.0
2022UOF-1269-2902-29489,Level 2 - Use of Force,2022-11-10 06:29:00,5708,30362,White,Female,2022,11,22-00290079,2022-11-18 06:41:32,Closed,SOUTH,DUWAMISH/SODO,2.0,98134.0,47.58580097,-122.32310664,Unknown,Black,"Other (please explain in the Description),Entrance to business","Garbage/Loose litter,Bulky items",0.0
2022UOF-1269-2902-29489,Level 2 - Use of Force,2022-11-10 06:29:00,5708,30362,White,Female,2022,11,22-00286470,2022-11-13 20:32:45,Closed,NORTH,OLYMPIC HILLS/VICTORY HEIGHTS,5.0,98125.0,47.72858795,-122.31662475,Yes,Unknown,No blockage,Bulky items,1.0
2022UOF-1269-2902-29489,Level 2 - Use of Force,2022-11-10 06:29:00,5708,30362,White,Female,2022,11,22-00290176,2022-11-18 08:50:38,Closed,NORTH,BALLARD,6.0,98107.0,47.66259897,-122.36916636,Yes,Yes,"Bike lane,Sidewalk","Garbage/Loose litter,Needles/Sharps,Hazardous materials (e.g., propane tanks),Bulky items,Human waste",0.0
2022UOF-1269-2902-29489,Level 2 - Use of Force,2022-11-10 06:29:00,5708,30362,White,Female,2022,11,22-00286625,2022-11-14 08:39:12,Closed,EAST,CAPITOL HILL,3.0,98122.0,47.61772046,-122.31799027,Unknown,No,Other (please explain in the Description),Other (please explain in the Description),0.0
2022UOF-1269-2902-29489,Level 2 - Use of Force,2022-11-10 06:29:00,5708,30362,White,Female,2022,11,22-00290178,2022-11-18 08:52:50,Closed,NORTH,BALLARD,6.0,98107.0,47.66259897,-122.36916636,Yes,No,No blockage,"Garbage/Loose litter,Needles/Sharps,Bulky items",0.0
2022UOF-1269-2902-29489,Level 2 - Use of Force,2022-11-10 06:29:00,5708,30362,White,Female,2022,11,22-00286708,2022-11-14 10:05:58,Closed,WEST,JUDKINS PARK,3.0,98144.0,47.59694585,-122.31699442,Yes,Unknown,"Sidewalk,Recreation amenity","Garbage/Loose litter,Needles/Sharps,Bulky items,Human waste",0.0
2022UOF-1269-2902-29489,Level 2 - Use of Force,2022-11-10 06:29:00,5708,30362,White,Female,2022,11,22-00278882,2022-11-03 07:41:51,Closed,WEST,INTERBAY,7.0,98119.0,47.62863221,-122.37176124,Yes,Yes,No blockage,"Garbage/Loose litter,Hazardous materials (e.g., propane tanks),Bulky items",0.0
2022UOF-1269-2902-29489,Level 2 - Use of Force,2022-11-10 06:29:00,5708,30362,White,Female,2022,11,22-00278936,2022-11-03 08:20:20,Closed,NORTH,BALLARD,6.0,98107.0,47.6590713,-122.36782558,Yes,No,Sidewalk,Garbage/Loose litter,0.0
2022UOF-1269-2902-29489,Level 2 - Use of Force,2022-11-10 06:29:00,5708,30362,White,Female,2022,11,22-00278993,2022-11-03 08:54:26,Closed,NORTH,WEDGWOOD/VIEW RIDGE,4.0,98115.0,47.68612989,-122.27773386,Yes,Yes,Recreation amenity,Human waste,0.0
2022UOF-1269-2902-29489,Level 2 - Use of Force,2022-11-10 06:29:00,5708,30362,White,Female,2022,11,22-00286902,2022-11-14 12:43:03,Closed,SOUTH,RAINIER BEACH,2.0,98118.0,47.52772744,-122.27069867,Yes,Yes,Sidewalk,Garbage/Loose litter,0.0
2022UOF-1269-2902-29489,Level 2 - Use of Force,2022-11-10 06:29:00,5708,30362,White,Female,2022,11,22-00279106,2022-11-03 09:58:54,Closed,SOUTH,GEORGETOWN,2.0,98108.0,47.55120816,-122.32199602,Yes,No,"Sidewalk,Recreation amenity","Garbage/Loose litter,Needles/Sharps,Hazardous materials (e.g., propane tanks),Human waste",0.0
2022UOF-1269-2902-29489,Level 2 - Use of Force,2022-11-10 06:29:00,5708,30362,White,Female,2022,11,22-00290570,2022-11-18 14:37:50,Closed,SOUTHWEST,ROXHILL/WESTWOOD,1.0,98126.0,47.52450231,-122.36840169,Yes,Yes,Sidewalk,"Human waste,Bulky items,Hazardous materials (e.g., propane tanks),Garbage/Loose litter",0.0
2022UOF-1269-2902-29489,Level 2 - Use of Force,2022-11-10 06:29:00,5708,30362,White,Female,2022,11,22-00287021,2022-11-14 13:59:39,Closed,NORTH,GREENWOOD/PHINNEY RIDGE,6.0,98103.0,47.69229668,-122.35692033,Unknown,No,Sidewalk,Other (please explain in the Description),0.0
2022UOF-1269-2902-29489,Level 2 - Use of Force,2022-11-10 06:29:00,5708,30362,White,Female,2022,11,22-00279109,2022-11-03 10:00:56,Closed,EAST,CAPITOL HILL,3.0,98122.0,47.61629979,-122.31903055,Yes,No,Recreation amenity,Human waste,0.0
2022UOF-1269-2902-29489,Level 2 - Use of Force,2022-11-10 06:29:00,5708,30362,White,Female,2022,11,22-00290692,2022-11-18 16:12:42,Closed,NORTH,WEDGWOOD/VIEW RIDGE,5.0,98115.0,47.69811299,-122.30497311,Yes,Yes,Sidewalk,"Bulky items,Garbage/Loose litter",0.0
2022UOF-1269-2902-29489,Level 2 - Use of Force,2022-11-10 06:29:00,5708,30362,White,Female,2022,11,22-00287025,2022-11-14 14:01:41,Closed,NORTH,FREMONT,4.0,98103.0,47.64709482,-122.33810385,Unknown,White,Bike lane,Garbage/Loose litter,0.0
2022UOF-1269-2902-29489,Level 2 - Use of Force,2022-11-10 06:29:00,5708,30362,White,Female,2022,11,22-00279250,2022-11-03 11:29:37,Closed,WEST,CASCADE/EASTLAKE,4.0,98102.0,47.6324583,-122.32657841,Yes,Yes,"Sidewalk,Bike lane,Recreation amenity,Construction project,Entrance to business,Entrance to residence","Garbage/Loose litter,Needles/Sharps,Hazardous materials (e.g., propane tanks),Bulky items,Human waste",0.0
2022UOF-1269-2902-29489,Level 2 - Use of Force,2022-11-10 06:29:00,5708,30362,White,Female,2022,11,22-00287049,2022-11-14 14:17:53,Closed,WEST,CASCADE/EASTLAKE,3.0,98109.0,47.62890045,-122.32876603,Yes,Unknown,Other (please explain in the Description),"Garbage/Loose litter,Hazardous materials (e.g., propane tanks),Bulky items",0.0
2022UOF-1269-2902-29489,Level 2 - Use of Force,2022-11-10 06:29:00,5708,30362,White,Female,2022,11,22-00279275,2022-11-03 11:43:47,Closed,EAST,CASCADE/EASTLAKE,3.0,98102.0,47.63286836,-122.32306038,Yes,Yes,"Sidewalk,Bike lane","Garbage/Loose litter,Needles/Sharps,Hazardous materials (e.g., propane tanks),Bulky items,Human waste",0.0
2022UOF-1269-2902-29489,Level 2 - Use of Force,2022-11-10 06:29:00,5708,30362,White,Female,2022,11,22-00287128,2022-11-14 15:36:25,Closed,EAST,CAPITOL HILL,3.0,98102.0,47.62120779,-122.3261889,Yes,No,"Sidewalk,Entrance to residence","Garbage/Loose litter,Needles/Sharps,Hazardous materials (e.g., propane tanks),Bulky items",0.0
2022UOF-1269-2902-29489,Level 2 - Use of Force,2022-11-10 06:29:00,5708,30362,White,Female,2022,11,22-00290808,2022-11-18 22:45:57,Closed,NORTH,GREEN LAKE,6.0,98115.0,47.67921957,-122.32581812,Yes,No,No blockage,"Hazardous materials (e.g., propane tanks)",0.0
2022UOF-1269-2902-29489,Level 2 - Use of Force,2022-11-10 06:29:00,5708,30362,White,Female,2022,11,22-00279342,2022-11-03 13:18:41,Closed,SOUTH,GEORGETOWN,2.0,98108.0,47.55255464,-122.3253752,Yes,Yes,Other (please explain in the Description),"Garbage/Loose litter,Needles/Sharps,Hazardous materials (e.g., propane tanks),Bulky items,Human waste",0.0
2022UOF-1269-2902-29489,Level 2 - Use of Force,2022-11-10 06:29:00,5708,30362,White,Female,2022,11,22-00290821,2022-11-19 04:23:53,Closed,WEST,CASCADE/EASTLAKE,4.0,98102.0,47.6324583,-122.32657841,Yes,Yes,Other (please explain in the Description),"Garbage/Loose litter,Hazardous materials (e.g., propane tanks),Bulky items,Other (please explain in the Description)",1.0
2022UOF-1269-2902-29489,Level 2 - Use of Force,2022-11-10 06:29:00,5708,30362,White,Female,2022,11,22-00287212,2022-11-14 16:40:54,Closed,NORTH,FREMONT,6.0,98107.0,47.66772901,-122.36351724,Unknown,Yes,No blockage,Garbage/Loose litter,0.0
2022UOF-1269-2902-29489,Level 2 - Use of Force,2022-11-10 06:29:00,5708,30362,White,Female,2022,11,22-00290850,2022-11-19 08:46:04,Closed,NORTH,WHITTIER HEIGHTS,6.0,98117.0,47.68959856,-122.37517708,Yes,Yes,"Sidewalk,Entrance to residence","Bulky items,Human waste",1.0
2022UOF-1269-2902-29489,Level 2 - Use of Force,2022-11-10 06:29:00,5708,30362,White,Female,2022,11,22-00279634,2022-11-03 21:01:57,Closed,EAST,CAPITOL HILL,3.0,98122.0,47.61772046,-122.31799027,Yes,No,Recreation amenity,Garbage/Loose litter,0.0
2022UOF-1269-2902-29489,Level 2 - Use of Force,2022-11-10 06:29:00,5708,30362,White,Female,2022,11,22-00287294,2022-11-14 18:15:36,Closed,NORTH,WALLINGFORD,4.0,98105.0,47.65729382,-122.31936774,Yes,No,Other (please explain in the Description),Garbage/Loose litter,0.0
2022UOF-1269-2902-29489,Level 2 - Use of Force,2022-11-10 06:29:00,5708,30362,White,Female,2022,11,22-00290922,2022-11-19 10:39:07,Closed,NORTH,RAVENNA/BRYANT,4.0,98115.0,47.67276737,-122.30619969,Yes,No,"Other (please explain in the Description),No blockage",Other (please explain in the Description),1.0
2022UOF-1269-2902-29489,Level 2 - Use of Force,2022-11-10 06:29:00,5708,30362,White,Female,2022,11,22-00291058,2022-11-19 14:06:59,Closed,SOUTH,GEORGETOWN,2.0,98108.0,47.55145822,-122.32124405,Unknown,Unknown,Other (please explain in the Description),"Garbage/Loose litter,Needles/Sharps,Hazardous materials (e.g., propane tanks),Bulky items",1.0
2022UOF-1269-2902-29489,Level 2 - Use of Force,2022-11-10 06:29:00,5708,30362,White,Female,2022,11,22-00279756,2022-11-04 07:18:40,Closed,EAST,CASCADE/EASTLAKE,3.0,98102.0,47.63239348,-122.32256066,Yes,Yes,"Sidewalk,Bike lane","Garbage/Loose litter,Needles/Sharps,Hazardous materials (e.g., propane tanks)",0.0
2022UOF-1269-2902-29489,Level 2 - Use of Force,2022-11-10 06:29:00,5708,30362,White,Female,2022,11,22-00291137,2022-11-19 16:48:30,Closed,WEST,CASCADE/EASTLAKE,7.0,98109.0,47.62529407,-122.34087697,Yes,No,Sidewalk,"Garbage/Loose litter,Needles/Sharps,Hazardous materials (e.g., propane tanks),Bulky items,Human waste",1.0
2022UOF-1269-2902-29489,Level 2 - Use of Force,2022-11-10 06:29:00,5708,30362,White,Female,2022,11,22-00291172,2022-11-19 19:33:37,Closed,EAST,CAPITOL HILL,3.0,98122.0,47.61795499,-122.32052062,Yes,No,Sidewalk,Bulky items,1.0
2022UOF-1269-2902-29489,Level 2 - Use of Force,2022-11-10 06:29:00,5708,30362,White,Female,2022,11,22-00287309,2022-11-14 18:43:51,Closed,SOUTHWEST,NORTH DELRIDGE,1.0,98126.0,47.56099124,-122.37566014,Yes,No,Recreation amenity,"Garbage/Loose litter,Bulky items",0.0
2022UOF-1269-2902-29489,Level 2 - Use of Force,2022-11-10 06:29:00,5708,30362,White,Female,2022,11,22-00291175,2022-11-19 20:03:56,Closed,SOUTH,BEACON HILL,2.0,98118.0,47.54726436,-122.28791869,Yes,Unknown,No blockage,"Garbage/Loose litter,Bulky items,Other (please explain in the Description)",1.0
2022UOF-1269-2902-29489,Level 2 - Use of Force,2022-11-10 06:29:00,5708,30362,White,Female,2022,11,22-00280000,2022-11-04 10:44:17,Closed,NORTH,GREENWOOD/PHINNEY RIDGE,6.0,98117.0,47.69084508,-122.35832403,Unknown,No,"Sidewalk,Bike lane,Entrance to business","Garbage/Loose litter,Needles/Sharps,Hazardous materials (e.g., propane tanks),Bulky items,Human waste",0.0
2022UOF-1269-2902-29489,Level 2 - Use of Force,2022-11-10 06:29:00,5708,30362,White,Female,2022,11,22-00291176,2022-11-19 20:03:58,Closed,NORTH,WHITTIER HEIGHTS,6.0,98117.0,47.68942459,-122.37523427,Yes,Yes,"Sidewalk,Bike lane,Entrance to business","Hazardous materials (e.g., propane tanks),Bulky items,Human waste,Garbage/Loose litter",1.0
2022UOF-1269-2902-29489,Level 2 - Use of Force,2022-11-10 06:29:00,5708,30362,White,Female,2022,11,22-00287363,2022-11-14 21:59:19,Closed,NORTH,LICTON SPRINGS,5.0,98133.0,47.70637756,-122.34973251,Yes,White,Sidewalk,"Garbage/Loose litter,Hazardous materials (e.g., propane tanks),Human waste,Bulky items",0.0
2022UOF-1269-2902-29489,Level 2 - Use of Force,2022-11-10 06:29:00,5708,30362,White,Female,2022,11,22-00280242,2022-11-04 14:20:54,Closed,SOUTHWEST,ROXHILL/WESTWOOD,1.0,98106.0,47.52083227,-122.35567875,Yes,Yes,Sidewalk,"Human waste,Bulky items,Garbage/Loose litter,Hazardous materials (e.g., propane tanks)",0.0
2022UOF-1269-2902-29489,Level 2 - Use of Force,2022-11-10 06:29:00,5708,30362,White,Female,2022,11,22-00291271,2022-11-20 10:14:53,Closed,EAST,CAPITOL HILL,3.0,98122.0,47.61775471,-122.31735129,Yes,No,Sidewalk,Garbage/Loose litter,1.0
2022UOF-1269-2902-29489,Level 2 - Use of Force,2022-11-10 06:29:00,5708,30362,White,Female,2022,11,22-00280380,2022-11-04 16:13:46,Closed,WEST,PIONEER SQUARE/INTERNATIONAL DISTRICT,2.0,98104.0,47.60019755,-122.32542542,Yes,Unknown,Other (please explain in the Description),Garbage/Loose litter,0.0
2022UOF-1269-2902-29489,Level 2 - Use of Force,2022-11-10 06:29:00,5708,30362,White,Female,2022,11,22-00291377,2022-11-20 13:42:40,Closed,WEST,CASCADE/EASTLAKE,7.0,98109.0,47.62525762,-122.34019167,Yes,Yes,"Sidewalk,Bike lane,Recreation amenity,Entrance to business,Construction project,Entrance to residence","Garbage/Loose litter,Needles/Sharps,Hazardous materials (e.g., propane tanks),Bulky items,Human waste",1.0
2022UOF-1269-2902-29489,Level 2 - Use of Force,2022-11-10 06:29:00,5708,30362,White,Female,2022,11,22-00280391,2022-11-04 16:23:50,Closed,NORTH,BALLARD,6.0,98107.0,47.66317537,-122.37282743,Yes,Yes,Sidewalk,"Garbage/Loose litter,Needles/Sharps,Hazardous materials (e.g., propane tanks),Human waste",0.0
2022UOF-1269-2902-29489,Level 2 - Use of Force,2022-11-10 06:29:00,5708,30362,White,Female,2022,11,22-00291389,2022-11-20 13:56:47,Closed,NORTH,BALLARD,6.0,98107.0,47.66327484,-122.37371603,Unknown,Yes,Sidewalk,Garbage/Loose litter,1.0
2022UOF-1269-2902-29489,Level 2 - Use of Force,2022-11-10 06:29:00,5708,30362,White,Female,2022,11,22-00280416,2022-11-04 16:40:00,Closed,NORTH,WALLINGFORD,4.0,98105.0,47.65503452,-122.31902488,No,No,No blockage,Garbage/Loose litter,0.0
2022UOF-1269-2902-29489,Level 2 - Use of Force,2022-11-10 06:29:00,5708,30362,White,Female,2022,11,22-00291444,2022-11-20 15:33:33,Closed,SOUTH,NORTH BEACON HILL/JEFFERSON PARK,3.0,98144.0,47.58978297,-122.307251,Yes,No,"Bike lane,Other (please explain in the Description)",Garbage/Loose litter,1.0
2022UOF-1269-2902-29489,Level 2 - Use of Force,2022-11-10 06:29:00,5708,30362,White,Female,2022,11,22-00280508,2022-11-04 19:41:21,Closed,SOUTHWEST,NORTH DELRIDGE,1.0,98106.0,47.55984337,-122.36254395,Yes,Yes,Other (please explain in the Description),"Hazardous materials (e.g., propane tanks)",0.0
2022UOF-1269-2902-29489,Level 2 - Use of Force,2022-11-10 06:29:00,5708,30362,White,Female,2022,11,22-00287883,2022-11-15 13:24:23,Closed,SOUTHWEST,NORTH DELRIDGE,1.0,98106.0,47.5699756,-122.35638532,Yes,Yes,Sidewalk,"Human waste,Bulky items,Hazardous materials (e.g., propane tanks),Garbage/Loose litter",0.0
2022UOF-1269-2902-29489,Level 2 - Use of Force,2022-11-10 06:29:00,5708,30362,White,Female,2022,11,22-00280545,2022-11-04 23:21:04,Closed,SOUTHWEST,NORTH DELRIDGE,1.0,98106.0,47.56386749,-122.36072852,Yes,Yes,No blockage,Other (please explain in the Description),0.0
2022UOF-1269-2902-29489,Level 2 - Use of Force,2022-11-10 06:29:00,5708,30362,White,Female,2022,11,22-00291545,2022-11-21 02:22:07,Closed,WEST,QUEEN ANNE,7.0,98109.0,47.64791975,-122.35417415,Yes,Yes,No blockage,"Garbage/Loose litter,Bulky items,Human waste",0.0
2022UOF-1269-2902-29489,Level 2 - Use of Force,2022-11-10 06:29:00,5708,30362,White,Female,2022,11,22-00288031,2022-11-15 15:37:24,Closed,NORTH,WALLINGFORD,4.0,98103.0,47.65940141,-122.33838982,Unknown,No,No blockage,Garbage/Loose litter,0.0
2022UOF-1269-2902-29489,Level 2 - Use of Force,2022-11-10 06:29:00,5708,30362,White,Female,2022,11,22-00280672,2022-11-05 10:30:08,Closed,SOUTH,SOUTH BEACON HILL/NEWHOLLY,2.0,98118.0,47.5277467,-122.28074069,Yes,Yes,Bike lane,"Hazardous materials (e.g., propane tanks)",1.0
2022UOF-1269-2902-29489,Level 2 - Use of Force,2022-11-10 06:29:00,5708,30362,White,Female,2022,11,22-00280707,2022-11-05 11:08:26,Closed,NORTH,HALLER LAKE,5.0,98125.0,47.7197208,-122.32864452,Unknown,Yes,No blockage,Other (please explain in the Description),1.0
2022UOF-1269-2902-29489,Level 2 - Use of Force,2022-11-10 06:29:00,5708,30362,White,Female,2022,11,22-00291574,2022-11-21 06:52:47,Closed,NORTH,CEDAR PARK/MEADOWBROOK,5.0,98125.0,47.71459275,-122.29129904,Unknown,Yes,Sidewalk,Garbage/Loose litter,0.0
2022UOF-1269-2902-29489,Level 2 - Use of Force,2022-11-10 06:29:00,5708,30362,White,Female,2022,11,22-00288297,2022-11-16 07:01:42,Closed,EAST,JUDKINS PARK,3.0,98144.0,47.60071653,-122.31137205,Unknown,Unknown,Other (please explain in the Description),Bulky items,0.0
2022UOF-1269-2902-29489,Level 2 - Use of Force,2022-11-10 06:29:00,5708,30362,White,Female,2022,11,22-00280715,2022-11-05 11:26:34,Closed,WEST,QUEEN ANNE,7.0,98119.0,47.62326463,-122.36360274,Yes,No,No blockage,Garbage/Loose litter,1.0
2022UOF-1269-2902-29489,Level 2 - Use of Force,2022-11-10 06:29:00,5708,30362,White,Female,2022,11,22-00280788,2022-11-05 13:21:31,Closed,SOUTHWEST,NORTH DELRIDGE,1.0,98106.0,47.56167996,-122.36576557,Yes,Yes,Sidewalk,Needles/Sharps,1.0
2022UOF-1269-2902-29489,Level 2 - Use of Force,2022-11-10 06:29:00,5708,30362,White,Female,2022,11,22-00288438,2022-11-16 09:37:58,Closed,EAST,NORTH CAPITOL HILL,3.0,98112.0,47.63205425,-122.31278383,Yes,Yes,Other (please explain in the Description),Garbage/Loose litter,0.0
2022UOF-1269-2902-29489,Level 2 - Use of Force,2022-11-10 06:29:00,5708,30362,White,Female,2022,11,22-00280797,2022-11-05 13:33:32,Closed,SOUTHWEST,NORTH DELRIDGE,1.0,98126.0,47.57483431,-122.371273,Unknown,Yes,"Sidewalk,Bike lane","Bulky items,Hazardous materials (e.g., propane tanks),Garbage/Loose litter",1.0
2022UOF-1269-2902-29489,Level 2 - Use of Force,2022-11-10 06:29:00,5708,30362,White,Female,2022,11,22-00288442,2022-11-16 09:41:10,Closed,NORTH,WALLINGFORD,4.0,98105.0,47.66443952,-122.31971327,Yes,No,Recreation amenity,Bulky items,0.0
2022UOF-1269-2902-29489,Level 2 - Use of Force,2022-11-10 06:29:00,5708,30362,White,Female,2022,11,22-00280893,2022-11-05 15:26:24,Closed,NORTH,BALLARD,6.0,98107.0,47.66505047,-122.38056435,Yes,No,"Sidewalk,Entrance to business,Other (please explain in the Description)","Garbage/Loose litter,Hazardous materials (e.g., propane tanks),Bulky items",1.0
2022UOF-1269-2902-29489,Level 2 - Use of Force,2022-11-10 06:29:00,5708,30362,White,Female,2022,11,22-00288499,2022-11-16 10:27:50,Closed,EAST,MONTLAKE/PORTAGE BAY,3.0,98112.0,47.62588899,-122.29494621,No,No,Recreation amenity,"Garbage/Loose litter,Bulky items,Other (please explain in the Description)",0.0
2022UOF-1269-2902-29489,Level 2 - Use of Force,2022-11-10 06:29:00,5708,30362,White,Female,2022,11,22-00280963,2022-11-05 17:09:13,Closed,EAST,MADRONA/LESCHI,3.0,98122.0,47.60719551,-122.28366639,Yes,Yes,No blockage,Other (please explain in the Description),1.0
2022UOF-1269-2902-29489,Level 2 - Use of Force,2022-11-10 06:29:00,5708,30362,White,Female,2022,11,22-00280995,2022-11-05 18:37:52,Closed,SOUTHWEST,NORTH DELRIDGE,1.0,98126.0,47.57669786,-122.37175963,Yes,Yes,"Sidewalk,Recreation amenity,Other (please explain in the Description)","Garbage/Loose litter,Hazardous materials (e.g., propane tanks),Bulky items",1.0
2022UOF-1269-2902-29489,Level 2 - Use of Force,2022-11-10 06:29:00,5708,30362,White,Female,2022,11,22-00281006,2022-11-05 19:46:30,Closed,EAST,FIRST HILL,3.0,98104.0,47.60472382,-122.32782113,Yes,No,Sidewalk,"Garbage/Loose litter,Needles/Sharps,Hazardous materials (e.g., propane tanks),Bulky items,Human waste",1.0
2022UOF-1269-2902-29489,Level 2 - Use of Force,2022-11-10 06:29:00,5708,30362,White,Female,2022,11,22-00281077,2022-11-06 08:14:05,Closed,EAST,NORTH BEACON HILL/JEFFERSON PARK,3.0,98144.0,47.59513055,-122.31192842,Unknown,No,No blockage,"Garbage/Loose litter,Hazardous materials (e.g., propane tanks)",1.0
2022UOF-1269-2902-29489,Level 2 - Use of Force,2022-11-10 06:29:00,5708,30362,White,Female,2022,11,22-00292103,2022-11-21 13:31:33,Closed,NORTH,SUNSET HILL/LOYAL HEIGHTS,6.0,98117.0,47.68772205,-122.40254525,Unknown,No,No blockage,Garbage/Loose litter,0.0
2022UOF-1269-2902-29489,Level 2 - Use of Force,2022-11-10 06:29:00,5708,30362,White,Female,2022,11,22-00288842,2022-11-16 14:40:55,Closed,NORTH,HALLER LAKE,5.0,98133.0,47.72228376,-122.34286834,Yes,Yes,Sidewalk,Garbage/Loose litter,0.0
2022UOF-1269-2902-29489,Level 2 - Use of Force,2022-11-10 06:29:00,5708,30362,White,Female,2022,11,22-00292280,2022-11-21 15:28:44,Closed,NORTH,CEDAR PARK/MEADOWBROOK,5.0,98125.0,47.72108708,-122.29216989,Yes,Yes,"Sidewalk,Construction project","Garbage/Loose litter,Needles/Sharps,Bulky items,Human waste",0.0
2022UOF-1269-2902-29489,Level 2 - Use of Force,2022-11-10 06:29:00,5708,30362,White,Female,2022,11,22-00281133,2022-11-06 10:08:59,Closed,NORTH,WEDGWOOD/VIEW RIDGE,4.0,98115.0,47.68501193,-122.26489722,Yes,Yes,Other (please explain in the Description),Garbage/Loose litter,1.0
2022UOF-1269-2902-29489,Level 2 - Use of Force,2022-11-10 06:29:00,5708,30362,White,Female,2022,11,22-00281185,2022-11-06 11:11:28,Closed,SOUTHWEST,HIGH POINT,1.0,98106.0,47.55025876,-122.36524143,Yes,Yes,Recreation amenity,Garbage/Loose litter,1.0
2022UOF-1269-2902-29489,Level 2 - Use of Force,2022-11-10 06:29:00,5708,30362,White,Female,2022,11,22-00288918,2022-11-16 15:39:37,Closed,SOUTH,BEACON HILL,2.0,98118.0,47.54692811,-122.28717508,Yes,Unknown,"No blockage,Other (please explain in the Description)","Garbage/Loose litter,Needles/Sharps,Human waste",0.0
2022UOF-1269-2902-29489,Level 2 - Use of Force,2022-11-10 06:29:00,5708,30362,White,Female,2022,11,22-00288965,2022-11-16 16:19:43,Closed,WEST,CASCADE/EASTLAKE,7.0,98109.0,47.62529407,-122.34087697,Yes,No,Sidewalk,"Garbage/Loose litter,Needles/Sharps,Hazardous materials (e.g., propane tanks),Bulky items,Human waste",0.0
2022UOF-1269-2902-29489,Level 2 - Use of Force,2022-11-10 06:29:00,5708,30362,White,Female,2022,11,22-00281284,2022-11-06 13:10:21,Closed,EAST,MADRONA/LESCHI,3.0,98122.0,47.61056797,-122.28277806,Yes,Unknown,Recreation amenity,Other (please explain in the Description),1.0
2022UOF-1269-2902-29489,Level 2 - Use of Force,2022-11-10 06:29:00,5708,30362,White,Female,2022,11,22-00281319,2022-11-06 14:18:52,Closed,NORTH,GREENWOOD/PHINNEY RIDGE,6.0,98117.0,47.69084508,-122.35832403,Yes,No,Sidewalk,Garbage/Loose litter,1.0
2022UOF-1269-2902-29489,Level 2 - Use of Force,2022-11-10 06:29:00,5708,30362,White,Female,2022,11,22-00292472,2022-11-21 20:59:20,Closed,NORTH,BALLARD,6.0,98107.0,47.66367111,-122.38002901,Yes,Yes,Sidewalk,"Bulky items,Human waste,Needles/Sharps,Garbage/Loose litter",0.0
2022UOF-1269-2902-29489,Level 2 - Use of Force,2022-11-10 06:29:00,5708,30362,White,Female,2022,11,22-00292486,2022-11-21 22:26:00,Closed,EAST,CAPITOL HILL,3.0,98122.0,47.61775471,-122.31735129,Yes,No,"Sidewalk,Recreation amenity,Entrance to business,Entrance to residence","Needles/Sharps,Hazardous materials (e.g., propane tanks),Bulky items,Human waste",0.0
2022UOF-1269-2902-29489,Level 2 - Use of Force,2022-11-10 06:29:00,5708,30362,White,Female,2022,11,22-00281627,2022-11-07 08:23:06,Closed,NORTH,SUNSET HILL/LOYAL HEIGHTS,6.0,98107.0,47.66822181,-122.38772003,Yes,No,Other (please explain in the Description),"Garbage/Loose litter,Needles/Sharps,Hazardous materials (e.g., propane tanks),Bulky items,Human waste",0.0
2022UOF-1269-2902-29489,Level 2 - Use of Force,2022-11-10 06:29:00,5708,30362,White,Female,2022,11,22-00292560,2022-11-22 07:29:18,Closed,EAST,CENTRAL AREA/SQUIRE PARK,3.0,98122.0,47.61727598,-122.31042647,Yes,Unknown,Sidewalk,Human waste,0.0
2022UOF-1269-2902-29489,Level 2 - Use of Force,2022-11-10 06:29:00,5708,30362,White,Female,2022,11,22-00281699,2022-11-07 09:09:31,Closed,SOUTH,DUWAMISH/SODO,2.0,98134.0,47.58469687,-122.33469457,Yes,Yes,Sidewalk,Garbage/Loose litter,0.0
2022UOF-1269-2902-29489,Level 2 - Use of Force,2022-11-10 06:29:00,5708,30362,White,Female,2022,11,22-00289273,2022-11-17 08:13:33,Closed,NORTH,OLYMPIC HILLS/VICTORY HEIGHTS,5.0,98125.0,47.72957874,-122.31321081,Yes,No,Other (please explain in the Description),"Garbage/Loose litter,Hazardous materials (e.g., propane tanks),Bulky items",0.0
2022UOF-1269-2902-29489,Level 2 - Use of Force,2022-11-10 06:29:00,5708,30362,White,Female,2022,11,22-00281813,2022-11-07 10:13:57,Closed,WEST,QUEEN ANNE,7.0,98119.0,47.62861934,-122.36826636,Yes,No,Recreation amenity,"Garbage/Loose litter,Needles/Sharps,Hazardous materials (e.g., propane tanks),Bulky items,Human waste",0.0
2022UOF-1269-2902-29489,Level 2 - Use of Force,2022-11-10 06:29:00,5708,30362,White,Female,2022,11,22-00292649,2022-11-22 09:00:22,Closed,NORTH,HALLER LAKE,5.0,98133.0,47.72222148,-122.34218162,Yes,Yes,Sidewalk,"Garbage/Loose litter,Needles/Sharps,Hazardous materials (e.g., propane tanks),Human waste,Bulky items",0.0
2022UOF-1269-2902-29489,Level 2 - Use of Force,2022-11-10 06:29:00,5708,30362,White,Female,2022,11,22-00292729,2022-11-22 10:15:06,Closed,NORTH,BROADVIEW/BITTER LAKE,5.0,98133.0,47.72160047,-122.34761282,Yes,Yes,Sidewalk,"Garbage/Loose litter,Bulky items,Other (please explain in the Description)",0.0
2022UOF-1269-2902-29489,Level 2 - Use of Force,2022-11-10 06:29:00,5708,30362,White,Female,2022,11,22-00289505,2022-11-17 11:19:11,Closed,SOUTH,DUWAMISH/SODO,2.0,98134.0,47.5602958,-122.33931827,Yes,White,No blockage,"Garbage/Loose litter,Needles/Sharps,Hazardous materials (e.g., propane tanks),Bulky items,Human waste",0.0
2022UOF-1269-2902-29489,Level 2 - Use of Force,2022-11-10 06:29:00,5708,30362,White,Female,2022,11,22-00289541,2022-11-17 11:45:30,Closed,SOUTHWEST,HIGH POINT,1.0,98126.0,47.54264758,-122.37485528,Yes,Unknown,"Recreation amenity,Entrance to residence,Other (please explain in the Description)",Garbage/Loose litter,0.0
2022UOF-1269-2902-29489,Level 2 - Use of Force,2022-11-10 06:29:00,5708,30362,White,Female,2022,11,22-00282145,2022-11-07 14:52:09,Closed,WEST,CASCADE/EASTLAKE,7.0,98109.0,47.62529407,-122.34087697,Yes,No,Sidewalk,"Garbage/Loose litter,Needles/Sharps,Hazardous materials (e.g., propane tanks),Bulky items,Human waste",0.0
2022UOF-1269-2902-29489,Level 2 - Use of Force,2022-11-10 06:29:00,5708,30362,White,Female,2022,11,22-00293127,2022-11-22 15:01:39,Closed,NORTH,CEDAR PARK/MEADOWBROOK,5.0,98125.0,47.71459275,-122.29129904,Yes,Yes,Other (please explain in the Description),Garbage/Loose litter,0.0
2022UOF-1269-2902-29489,Level 2 - Use of Force,2022-11-10 06:29:00,5708,30362,White,Female,2022,11,22-00289620,2022-11-17 13:02:12,Closed,NORTH,OLYMPIC HILLS/VICTORY HEIGHTS,5.0,98125.0,47.71252235,-122.29092414,Yes,Yes,No blockage,Garbage/Loose litter,0.0
2022UOF-1269-2902-29489,Level 2 - Use of Force,2022-11-10 06:29:00,5708,30362,White,Female,2022,11,22-00289758,2022-11-17 14:43:06,Closed,WEST,CASCADE/EASTLAKE,4.0,98102.0,47.6324583,-122.32657841,Yes,Yes,"Sidewalk,Bike lane,Recreation amenity,Entrance to business","Garbage/Loose litter,Needles/Sharps,Hazardous materials (e.g., propane tanks),Bulky items,Human waste",0.0
2022UOF-1269-2902-29489,Level 2 - Use of Force,2022-11-10 06:29:00,5708,30362,White,Female,2022,11,22-00293220,2022-11-22 16:26:23,Closed,EAST,CAPITOL HILL,3.0,98102.0,47.62120779,-122.3261889,Yes,No,Recreation amenity,"Garbage/Loose litter,Bulky items",0.0
2022UOF-1269-2902-29489,Level 2 - Use of Force,2022-11-10 06:29:00,5708,30362,White,Female,2022,11,22-00282195,2022-11-07 15:34:25,Closed,WEST,PIONEER SQUARE/INTERNATIONAL DISTRICT,2.0,98134.0,47.59609893,-122.324744,Yes,No,Other (please explain in the Description),Garbage/Loose litter,0.0
2022UOF-1269-2902-29489,Level 2 - Use of Force,2022-11-10 06:29:00,5708,30362,White,Female,2022,11,22-00289887,2022-11-17 16:07:53,Closed,NORTH,NORTH BEACH/BLUE RIDGE,6.0,98117.0,47.69354032,-122.37579693,Yes,No,"Sidewalk,Entrance to business","Hazardous materials (e.g., propane tanks),Bulky items,Human waste,Other (please explain in the Description)",0.0
2022UOF-1269-2902-29489,Level 2 - Use of Force,2022-11-10 06:29:00,5708,30362,White,Female,2022,11,22-00289968,2022-11-17 18:02:45,Closed,SOUTHWEST,HIGH POINT,1.0,98126.0,47.54273076,-122.37440483,Yes,Unknown,Recreation amenity,Garbage/Loose litter,0.0
2022UOF-1269-2902-29489,Level 2 - Use of Force,2022-11-10 06:29:00,5708,30362,White,Female,2022,11,22-00282211,2022-11-07 15:52:37,Closed,SOUTHWEST,RIVERVIEW,1.0,98106.0,47.54660669,-122.35472896,No,Yes,"Sidewalk,Bike lane","Garbage/Loose litter,Needles/Sharps,Hazardous materials (e.g., propane tanks),Bulky items,Human waste",0.0
2022UOF-1269-2902-29489,Level 2 - Use of Force,2022-11-10 06:29:00,5708,30362,White,Female,2022,11,22-00293548,2022-11-23 10:28:16,Closed,WEST,CASCADE/EASTLAKE,7.0,98109.0,47.62099075,-122.33358447,Unknown,No,No blockage,Garbage/Loose litter,0.0
2022UOF-1269-2902-29489,Level 2 - Use of Force,2022-11-10 06:29:00,5708,30362,White,Female,2022,11,22-00289985,2022-11-17 18:49:05,Closed,SOUTH,GEORGETOWN,2.0,98134.0,47.55554557,-122.33602254,Yes,Yes,Sidewalk,"Garbage/Loose litter,Needles/Sharps",0.0
2022UOF-1269-2902-29489,Level 2 - Use of Force,2022-11-10 06:29:00,5708,30362,White,Female,2022,11,22-00293628,2022-11-23 11:14:38,Closed,NORTH,LAURELHURST/SAND POINT,4.0,98115.0,47.68475186,-122.26321984,Yes,Yes,No blockage,"Hazardous materials (e.g., propane tanks),Garbage/Loose litter,Bulky items,Human waste",0.0
2022UOF-1269-2902-29489,Level 2 - Use of Force,2022-11-10 06:29:00,5708,30362,White,Female,2022,11,22-00290026,2022-11-17 21:36:31,Closed,NORTH,GREEN LAKE,4.0,98115.0,47.68121801,-122.31961135,Yes,Yes,Entrance to residence,"Garbage/Loose litter,Hazardous materials (e.g., propane tanks),Bulky items",0.0
2022UOF-1269-2902-29489,Level 2 - Use of Force,2022-11-10 06:29:00,5708,30362,White,Female,2022,11,22-00293639,2022-11-23 11:20:36,Closed,NORTH,BALLARD,6.0,98107.0,47.66349296,-122.36883703,Yes,No,Sidewalk,Garbage/Loose litter,0.0
2022UOF-1269-2902-29489,Level 2 - Use of Force,2022-11-10 06:29:00,5708,30362,White,Female,2022,11,22-00290122,2022-11-18 08:02:09,Closed,EAST,MADRONA/LESCHI,3.0,98144.0,47.59560505,-122.29607066,Yes,Yes,Other (please explain in the Description),Other (please explain in the Description),0.0
2022UOF-1269-2902-29489,Level 2 - Use of Force,2022-11-10 06:29:00,5708,30362,White,Female,2022,11,22-00282230,2022-11-07 16:06:39,Closed,NORTH,LAURELHURST/SAND POINT,4.0,98115.0,47.6761592,-122.26132427,Unknown,No,Other (please explain in the Description),"Garbage/Loose litter,Human waste",0.0
2022UOF-1269-2902-29489,Level 2 - Use of Force,2022-11-10 06:29:00,5708,30362,White,Female,2022,11,22-00293643,2022-11-23 11:22:41,Closed,NORTH,BALLARD,6.0,98107.0,47.65904954,-122.36594896,Yes,No,"Sidewalk,Entrance to business","Garbage/Loose litter,Needles/Sharps,Hazardous materials (e.g., propane tanks),Bulky items",0.0
2022UOF-1269-2902-29489,Level 2 - Use of Force,2022-11-10 06:29:00,5708,30362,White,Female,2022,11,22-00290206,2022-11-18 09:16:56,Closed,NORTH,SUNSET HILL/LOYAL HEIGHTS,6.0,98107.0,47.66758019,-122.39376325,Yes,No,Other (please explain in the Description),Garbage/Loose litter,0.0
2022UOF-1269-2902-29489,Level 2 - Use of Force,2022-11-10 06:29:00,5708,30362,White,Female,2022,11,22-00293689,2022-11-23 11:56:57,Closed,SOUTH,GEORGETOWN,2.0,98108.0,47.5446192,-122.31892532,Yes,Yes,Sidewalk,"Garbage/Loose litter,Bulky items,Human waste",0.0
2022UOF-1269-2902-29489,Level 2 - Use of Force,2022-11-10 06:29:00,5708,30362,White,Female,2022,11,22-00293691,2022-11-23 11:57:08,Closed,WEST,INTERBAY,7.0,98199.0,47.63245746,-122.38950517,Yes,Yes,Recreation amenity,Garbage/Loose litter,0.0
2022UOF-1269-2902-29489,Level 2 - Use of Force,2022-11-10 06:29:00,5708,30362,White,Female,2022,11,22-00290302,2022-11-18 10:31:41,Closed,SOUTHWEST,HIGH POINT,1.0,98126.0,47.54264758,-122.37485528,Unknown,Unknown,Recreation amenity,Garbage/Loose litter,0.0
2022UOF-1269-2902-29489,Level 2 - Use of Force,2022-11-10 06:29:00,5708,30362,White,Female,2022,11,22-00293716,2022-11-23 12:09:08,Closed,NORTH,GREEN LAKE,6.0,98103.0,47.67977792,-122.34522484,Unknown,No,No blockage,Garbage/Loose litter,0.0
2022UOF-1269-2902-29489,Level 2 - Use of Force,2022-11-10 06:29:00,5708,30362,White,Female,2022,11,22-00290411,2022-11-18 12:12:35,Closed,WEST,CASCADE/EASTLAKE,4.0,98102.0,47.6324583,-122.32657841,Yes,Yes,"Sidewalk,Bike lane,Recreation amenity,Entrance to business","Garbage/Loose litter,Needles/Sharps,Hazardous materials (e.g., propane tanks),Bulky items,Human waste",0.0
2022UOF-1269-2902-29489,Level 2 - Use of Force,2022-11-10 06:29:00,5708,30362,White,Female,2022,11,22-00282589,2022-11-08 08:48:20,Closed,WEST,PIONEER SQUARE/INTERNATIONAL DISTRICT,2.0,98104.0,47.60149653,-122.3227449,Yes,No,Recreation amenity,Garbage/Loose litter,0.0
2022UOF-1269-2902-29489,Level 2 - Use of Force,2022-11-10 06:29:00,5708,30362,White,Female,2022,11,22-00290414,2022-11-18 12:14:33,Closed,WEST,CASCADE/EASTLAKE,7.0,98109.0,47.62529407,-122.34087697,Yes,No,"Sidewalk,Bike lane,Construction project","Needles/Sharps,Garbage/Loose litter,Hazardous materials (e.g., propane tanks),Bulky items,Human waste",0.0
2022UOF-1269-2902-29489,Level 2 - Use of Force,2022-11-10 06:29:00,5708,30362,White,Female,2022,11,22-00282608,2022-11-08 09:02:30,Closed,SOUTHWEST,RIVERVIEW,1.0,98106.0,47.5353196,-122.35000887,Unknown,Yes,Recreation amenity,"Garbage/Loose litter,Bulky items",0.0
2022UOF-1269-2902-29489,Level 2 - Use of Force,2022-11-10 06:29:00,5708,30362,White,Female,2022,11,22-00293880,2022-11-23 14:38:22,Closed,WEST,CASCADE/EASTLAKE,4.0,98102.0,47.6324583,-122.32657841,Yes,Yes,"Sidewalk,Bike lane,Entrance to business,Recreation amenity","Garbage/Loose litter,Needles/Sharps,Hazardous materials (e.g., propane tanks),Bulky items,Human waste",0.0
2022UOF-1269-2902-29489,Level 2 - Use of Force,2022-11-10 06:29:00,5708,30362,White,Female,2022,11,22-00290424,2022-11-18 12:20:41,Closed,NORTH,BALLARD,6.0,98107.0,47.66271155,-122.36760801,Yes,No,Other (please explain in the Description),Garbage/Loose litter,0.0
2022UOF-1269-2902-29489,Level 2 - Use of Force,2022-11-10 06:29:00,5708,30362,White,Female,2022,11,22-00290519,2022-11-18 13:43:27,Closed,SOUTH,DUWAMISH/SODO,2.0,98108.0,47.56734989,-122.32367528,Yes,Yes,No blockage,"Hazardous materials (e.g., propane tanks)",0.0
2022UOF-1269-2902-29489,Level 2 - Use of Force,2022-11-10 06:29:00,5708,30362,White,Female,2022,11,22-00294115,2022-11-24 10:25:47,Closed,SOUTH,MT. BAKER/NORTH RAINIER,3.0,98144.0,47.58308741,-122.30053106,Yes,Yes,Construction project,"Garbage/Loose litter,Hazardous materials (e.g., propane tanks),Human waste,Bulky items",0.0
2022UOF-1269-2902-29489,Level 2 - Use of Force,2022-11-10 06:29:00,5708,30362,White,Female,2022,11,22-00282867,2022-11-08 11:52:53,Closed,NORTH,CEDAR PARK/MEADOWBROOK,5.0,98125.0,47.71220432,-122.29028527,Yes,Yes,Bike lane,Other (please explain in the Description),0.0
2022UOF-1269-2902-29489,Level 2 - Use of Force,2022-11-10 06:29:00,5708,30362,White,Female,2022,11,22-00282922,2022-11-08 12:47:14,Closed,SOUTHWEST,NORTH DELRIDGE,1.0,98126.0,47.57703912,-122.37228746,Yes,Yes,Bike lane,"Garbage/Loose litter,Bulky items,Other (please explain in the Description)",0.0
2022UOF-1269-2902-29489,Level 2 - Use of Force,2022-11-10 06:29:00,5708,30362,White,Female,2022,11,22-00290631,2022-11-18 15:26:15,Closed,EAST,NORTH BEACON HILL/JEFFERSON PARK,3.0,98144.0,47.59209734,-122.30496743,Yes,Unknown,Recreation amenity,Other (please explain in the Description),0.0
2022UOF-1269-2902-29489,Level 2 - Use of Force,2022-11-10 06:29:00,5708,30362,White,Female,2022,11,22-00282937,2022-11-08 12:53:16,Closed,WEST,CASCADE/EASTLAKE,7.0,98109.0,47.6206667,-122.3333503,Unknown,Unknown,"Sidewalk,Other (please explain in the Description)",Bulky items,0.0
2022UOF-1269-2902-29489,Level 2 - Use of Force,2022-11-10 06:29:00,5708,30362,White,Female,2022,11,22-00290690,2022-11-18 16:08:36,Closed,SOUTHWEST,NORTH DELRIDGE,1.0,98126.0,47.55800221,-122.37586737,Unknown,No,No blockage,"Garbage/Loose litter,Hazardous materials (e.g., propane tanks),Human waste,Bulky items,Needles/Sharps",0.0
2022UOF-1269-2902-29489,Level 2 - Use of Force,2022-11-10 06:29:00,5708,30362,White,Female,2022,11,22-00282993,2022-11-08 13:41:39,Closed,NORTH,BALLARD,6.0,98107.0,47.65966471,-122.36656477,Yes,No,No blockage,"Garbage/Loose litter,Bulky items",0.0
2022UOF-1269-2902-29489,Level 2 - Use of Force,2022-11-10 06:29:00,5708,30362,White,Female,2022,11,22-00294141,2022-11-24 11:44:23,Closed,SOUTH,COLUMBIA CITY,2.0,98118.0,47.5374318,-122.2810329,Unknown,No,"Bike lane,Sidewalk",Other (please explain in the Description),0.0
2022UOF-1269-2902-29489,Level 2 - Use of Force,2022-11-10 06:29:00,5708,30362,White,Female,2022,11,22-00283067,2022-11-08 14:21:25,Closed as Duplicate,SOUTH,MT. BAKER/NORTH RAINIER,3.0,98144.0,47.58263281,-122.29607234,Yes,Yes,No blockage,Garbage/Loose litter,0.0
2022UOF-1269-2902-29489,Level 2 - Use of Force,2022-11-10 06:29:00,5708,30362,White,Female,2022,11,22-00283108,2022-11-08 14:24:02,Closed,WEST,QUEEN ANNE,7.0,98109.0,47.6248547,-122.35580914,Yes,No,Sidewalk,"Garbage/Loose litter,Needles/Sharps,Hazardous materials (e.g., propane tanks),Bulky items,Human waste",0.0
2022UOF-1269-2902-29489,Level 2 - Use of Force,2022-11-10 06:29:00,5708,30362,White,Female,2022,11,22-00283237,2022-11-08 15:49:13,Closed,WEST,BELLTOWN,7.0,98121.0,47.61395893,-122.34609267,Yes,No,Sidewalk,"Garbage/Loose litter,Other (please explain in the Description)",0.0
2022UOF-1269-2902-29489,Level 2 - Use of Force,2022-11-10 06:29:00,5708,30362,White,Female,2022,11,22-00294331,2022-11-25 10:48:58,Closed,WEST,QUEEN ANNE,7.0,98109.0,47.63447384,-122.35723582,Yes,Yes,"No blockage,Entrance to residence,Other (please explain in the Description)",Other (please explain in the Description),0.0
2022UOF-1269-2902-29489,Level 2 - Use of Force,2022-11-10 06:29:00,5708,30362,White,Female,2022,11,22-00283250,2022-11-08 15:56:37,Closed,NORTH,FREMONT,6.0,98107.0,47.66312572,-122.36423589,Yes,Yes,Other (please explain in the Description),Other (please explain in the Description),0.0
2022UOF-1269-2902-29489,Level 2 - Use of Force,2022-11-10 06:29:00,5708,30362,White,Female,2022,11,22-00290826,2022-11-19 06:20:52,Closed,NORTH,GREENWOOD/PHINNEY RIDGE,6.0,98117.0,47.69034198,-122.36192887,Yes,Yes,No blockage,"Garbage/Loose litter,Needles/Sharps,Hazardous materials (e.g., propane tanks),Bulky items,Human waste",1.0
2022UOF-1269-2902-29489,Level 2 - Use of Force,2022-11-10 06:29:00,5708,30362,White,Female,2022,11,22-00294351,2022-11-25 11:31:18,Closed,NORTH,HALLER LAKE,5.0,98125.0,47.716442,-122.31454088,Yes,No,No blockage,Garbage/Loose litter,0.0
2022UOF-1269-2902-29489,Level 2 - Use of Force,2022-11-10 06:29:00,5708,30362,White,Female,2022,11,22-00283286,2022-11-08 16:24:54,Closed,EAST,CENTRAL AREA/SQUIRE PARK,3.0,98122.0,47.61052964,-122.30860407,Yes,Yes,Sidewalk,Garbage/Loose litter,0.0
2022UOF-1269-2902-29489,Level 2 - Use of Force,2022-11-10 06:29:00,5708,30362,White,Female,2022,11,22-00290861,2022-11-19 09:10:18,Closed,NORTH,BALLARD,6.0,98107.0,47.66248946,-122.37324543,Yes,Yes,"Sidewalk,Entrance to business","Garbage/Loose litter,Needles/Sharps,Hazardous materials (e.g., propane tanks),Bulky items",1.0
2022UOF-1269-2902-29489,Level 2 - Use of Force,2022-11-10 06:29:00,5708,30362,White,Female,2022,11,22-00283348,2022-11-08 17:51:30,Closed,NORTH,NORTHGATE/MAPLE LEAF,5.0,98133.0,47.70980157,-122.33318961,Yes,Black,"No blockage,Other (please explain in the Description)","Garbage/Loose litter,Bulky items,Human waste",0.0
2022UOF-1269-2902-29489,Level 2 - Use of Force,2022-11-10 06:29:00,5708,30362,White,Female,2022,11,22-00294456,2022-11-25 19:08:46,Closed,WEST,QUEEN ANNE,7.0,98109.0,47.62483078,-122.35301341,Yes,No,Sidewalk,"Hazardous materials (e.g., propane tanks),Garbage/Loose litter,Bulky items",0.0
2022UOF-1269-2902-29489,Level 2 - Use of Force,2022-11-10 06:29:00,5708,30362,White,Female,2022,11,22-00283406,2022-11-08 20:42:48,Closed,NORTH,FREMONT,6.0,98107.0,47.66255655,-122.36483121,Yes,Yes,Sidewalk,"Garbage/Loose litter,Bulky items,Other (please explain in the Description)",0.0
2022UOF-1269-2902-29489,Level 2 - Use of Force,2022-11-10 06:29:00,5708,30362,White,Female,2022,11,22-00294511,2022-11-26 07:52:38,Closed,SOUTHWEST,RIVERVIEW,1.0,98106.0,47.53931864,-122.35757916,Yes,Yes,Sidewalk,Garbage/Loose litter,1.0
2022UOF-1269-2902-29489,Level 2 - Use of Force,2022-11-10 06:29:00,5708,30362,White,Female,2022,11,22-00283433,2022-11-08 22:43:44,Closed,SOUTHWEST,RIVERVIEW,1.0,98106.0,47.54710933,-122.35527847,Yes,White,"Entrance to business,No blockage,Sidewalk,Bike lane",Garbage/Loose litter,0.0
2022UOF-1269-2902-29489,Level 2 - Use of Force,2022-11-10 06:29:00,5708,30362,White,Female,2022,11,22-00294570,2022-11-26 10:15:43,Closed,WEST,QUEEN ANNE,7.0,98109.0,47.64710144,-122.35089642,Yes,No,Sidewalk,Garbage/Loose litter,1.0
2022UOF-1269-2902-29489,Level 2 - Use of Force,2022-11-10 06:29:00,5708,30362,White,Female,2022,11,22-00283489,2022-11-09 07:41:51,Closed,NORTH,UNIVERSITY DISTRICT,4.0,98105.0,47.67225533,-122.31218531,Yes,No,No blockage,Garbage/Loose litter,0.0
2022UOF-1269-2902-29489,Level 2 - Use of Force,2022-11-10 06:29:00,5708,30362,White,Female,2022,11,22-00294610,2022-11-26 11:32:17,Closed,NORTH,OLYMPIC HILLS/VICTORY HEIGHTS,5.0,98125.0,47.73247307,-122.30974442,No,Yes,Other (please explain in the Description),Garbage/Loose litter,1.0
2022UOF-1269-2902-29489,Level 2 - Use of Force,2022-11-10 06:29:00,5708,30362,White,Female,2022,11,22-00294739,2022-11-26 14:23:38,Closed,WEST,QUEEN ANNE,7.0,98119.0,47.62610374,-122.35747637,Unknown,No,No blockage,Garbage/Loose litter,1.0
2022UOF-1269-2902-29489,Level 2 - Use of Force,2022-11-10 06:29:00,5708,30362,White,Female,2022,11,22-00291048,2022-11-19 13:48:49,Closed,NORTH,GREEN LAKE,6.0,98115.0,47.67972172,-122.32586522,Unknown,Unknown,"Recreation amenity,Other (please explain in the Description)",Bulky items,1.0
2022UOF-1269-2902-29489,Level 2 - Use of Force,2022-11-10 06:29:00,5708,30362,White,Female,2022,11,22-00291085,2022-11-19 15:25:35,Closed,WEST,DUWAMISH/SODO,2.0,98134.0,47.59571727,-122.32387284,Yes,No,Sidewalk,Garbage/Loose litter,1.0
2022UOF-1269-2902-29489,Level 2 - Use of Force,2022-11-10 06:29:00,5708,30362,White,Female,2022,11,22-00291112,2022-11-19 16:10:00,Closed,NORTH,GREENWOOD/PHINNEY RIDGE,6.0,98117.0,47.69048194,-122.3619151,Yes,Unknown,No blockage,"Garbage/Loose litter,Needles/Sharps,Hazardous materials (e.g., propane tanks),Bulky items,Other (please explain in the Description)",1.0
2022UOF-1269-2902-29489,Level 2 - Use of Force,2022-11-10 06:29:00,5708,30362,White,Female,2022,11,22-00283642,2022-11-09 09:40:19,Closed,NORTH,CEDAR PARK/MEADOWBROOK,5.0,98115.0,47.69653303,-122.27331708,Yes,No,Other (please explain in the Description),"Garbage/Loose litter,Needles/Sharps,Other (please explain in the Description),Bulky items",0.0
2022UOF-1269-2902-29489,Level 2 - Use of Force,2022-11-10 06:29:00,5708,30362,White,Female,2022,11,22-00291178,2022-11-19 20:19:59,Closed,WEST,BELLTOWN,7.0,98121.0,47.61371114,-122.34623628,Yes,No,Sidewalk,Other (please explain in the Description),1.0
2022UOF-1269-2902-29489,Level 2 - Use of Force,2022-11-10 06:29:00,5708,30362,White,Female,2022,11,22-00283854,2022-11-09 12:14:57,Closed,NORTH,FREMONT,6.0,98107.0,47.65983227,-122.36381448,Yes,Yes,No blockage,"Garbage/Loose litter,Hazardous materials (e.g., propane tanks),Bulky items",0.0
2022UOF-1269-2902-29489,Level 2 - Use of Force,2022-11-10 06:29:00,5708,30362,White,Female,2022,11,22-00283861,2022-11-09 12:23:01,Closed,NORTH,BALLARD,6.0,98107.0,47.66276676,-122.37301837,Yes,Yes,Sidewalk,"Needles/Sharps,Garbage/Loose litter,Hazardous materials (e.g., propane tanks),Bulky items,Human waste",0.0
2022UOF-1269-2902-29489,Level 2 - Use of Force,2022-11-10 06:29:00,5708,30362,White,Female,2022,11,22-00291269,2022-11-20 10:10:48,Closed,NORTH,NORTH BEACH/BLUE RIDGE,6.0,98117.0,47.69987171,-122.36622724,Yes,Yes,"Sidewalk,Bike lane","Garbage/Loose litter,Hazardous materials (e.g., propane tanks),Bulky items,Needles/Sharps",1.0
2022UOF-1269-2902-29489,Level 2 - Use of Force,2022-11-10 06:29:00,5708,30362,White,Female,2022,11,22-00283975,2022-11-09 13:47:39,Closed,SOUTHWEST,NORTH DELRIDGE,1.0,98126.0,47.56099124,-122.37566014,Yes,No,No blockage,Garbage/Loose litter,0.0
2022UOF-1269-2902-29489,Level 2 - Use of Force,2022-11-10 06:29:00,5708,30362,White,Female,2022,11,22-00291336,2022-11-20 12:11:58,Closed,SOUTHWEST,ROXHILL/WESTWOOD,1.0,98106.0,47.52451398,-122.364239,Yes,No,Sidewalk,"Garbage/Loose litter,Human waste",1.0
2022UOF-1269-2902-29489,Level 2 - Use of Force,2022-11-10 06:29:00,5708,30362,White,Female,2022,11,22-00291338,2022-11-20 12:15:56,Closed,EAST,MADRONA/LESCHI,3.0,98144.0,47.59538824,-122.29610549,Unknown,Yes,Sidewalk,"Garbage/Loose litter,Needles/Sharps,Bulky items",1.0
2022UOF-1269-2902-29489,Level 2 - Use of Force,2022-11-10 06:29:00,5708,30362,White,Female,2022,11,22-00291409,2022-11-20 14:47:09,Closed,NORTH,WEDGWOOD/VIEW RIDGE,5.0,98115.0,47.69470733,-122.27325073,Unknown,No,Other (please explain in the Description),Other (please explain in the Description),1.0
2022UOF-1269-2902-29489,Level 2 - Use of Force,2022-11-10 06:29:00,5708,30362,White,Female,2022,11,22-00284166,2022-11-09 16:55:08,Closed,NORTH,LICTON SPRINGS,5.0,98103.0,47.69865894,-122.34374253,Yes,Yes,Sidewalk,"Hazardous materials (e.g., propane tanks),Needles/Sharps,Garbage/Loose litter",0.0
2022UOF-1269-2902-29489,Level 2 - Use of Force,2022-11-10 06:29:00,5708,30362,White,Female,2022,11,22-00291417,2022-11-20 15:03:17,Closed,WEST,QUEEN ANNE,7.0,98109.0,47.64791975,-122.35417415,Yes,Yes,Sidewalk,"Garbage/Loose litter,Needles/Sharps,Hazardous materials (e.g., propane tanks),Bulky items",1.0
2022UOF-1269-2902-29489,Level 2 - Use of Force,2022-11-10 06:29:00,5708,30362,White,Female,2022,11,22-00284177,2022-11-09 17:05:10,Closed,NORTH,FREMONT,6.0,98107.0,47.66312572,-122.36423589,Yes,Yes,Sidewalk,Garbage/Loose litter,0.0
2022UOF-1269-2902-29489,Level 2 - Use of Force,2022-11-10 06:29:00,5708,30362,White,Female,2022,11,22-00284258,2022-11-09 20:40:48,Closed,NORTH,GREENWOOD/PHINNEY RIDGE,6.0,98117.0,47.69113363,-122.36085138,Yes,Blue,Sidewalk,Garbage/Loose litter,0.0
2022UOF-1269-2902-29489,Level 2 - Use of Force,2022-11-10 06:29:00,5708,30362,White,Female,2022,11,22-00294781,2022-11-26 15:54:21,Closed,EAST,CAPITOL HILL,3.0,98102.0,47.62333188,-122.31807365,Yes,Unknown,"Other (please explain in the Description),Entrance to residence","Garbage/Loose litter,Bulky items",1.0
2022UOF-1269-2902-29489,Level 2 - Use of Force,2022-11-10 06:29:00,5708,30362,White,Female,2022,11,22-00291433,2022-11-20 15:21:28,Closed,NORTH,LAURELHURST/SAND POINT,4.0,98115.0,47.6835061,-122.26324711,Yes,Yes,"Recreation amenity,Other (please explain in the Description)","Garbage/Loose litter,Hazardous materials (e.g., propane tanks)",1.0
2022UOF-1269-2902-29489,Level 2 - Use of Force,2022-11-10 06:29:00,5708,30362,White,Female,2022,11,22-00284344,2022-11-10 07:25:45,Closed,NORTH,BROADVIEW/BITTER LAKE,5.0,98133.0,47.72161181,-122.34886021,Yes,Yes,Sidewalk,Garbage/Loose litter,0.0
2022UOF-1269-2902-29489,Level 2 - Use of Force,2022-11-10 06:29:00,5708,30362,White,Female,2022,11,22-00291504,2022-11-20 19:43:49,Closed,NORTH,WHITTIER HEIGHTS,6.0,98117.0,47.68859202,-122.37974133,Yes,No,Sidewalk,Bulky items,1.0
2022UOF-1269-2902-29489,Level 2 - Use of Force,2022-11-10 06:29:00,5708,30362,White,Female,2022,11,22-00284351,2022-11-10 07:35:51,Closed,SOUTH,GEORGETOWN,2.0,98108.0,47.55396404,-122.32794981,No,Yes,No blockage,Needles/Sharps,0.0
2022UOF-1269-2902-29489,Level 2 - Use of Force,2022-11-10 06:29:00,5708,30362,White,Female,2022,11,22-00276578,2022-11-01 02:23:18,Closed,SOUTH,MT. BAKER/NORTH RAINIER,2.0,98144.0,47.57664356,-122.28615913,Yes,No,Other (please explain in the Description),Bulky items,0.0
2022UOF-1269-2902-29489,Level 2 - Use of Force,2022-11-10 06:29:00,5708,30362,White,Female,2022,11,22-00284384,2022-11-10 08:22:10,Closed,SOUTH,SOUTH BEACON HILL/NEWHOLLY,2.0,98118.0,47.5272836,-122.28072122,Yes,Yes,"Sidewalk,Bike lane,Recreation amenity","Garbage/Loose litter,Hazardous materials (e.g., propane tanks),Bulky items",0.0
2022UOF-1269-2902-29489,Level 2 - Use of Force,2022-11-10 06:29:00,5708,30362,White,Female,2022,11,22-00291715,2022-11-21 08:59:02,Closed,SOUTH,COLUMBIA CITY,2.0,98118.0,47.56701556,-122.28819092,Yes,Yes,Sidewalk,"Garbage/Loose litter,Needles/Sharps,Hazardous materials (e.g., propane tanks),Bulky items",0.0
2022UOF-1269-2902-29489,Level 2 - Use of Force,2022-11-10 06:29:00,5708,30362,White,Female,2022,11,22-00276628,2022-11-01 07:21:35,Closed,WEST,QUEEN ANNE,7.0,98109.0,47.6248547,-122.35580914,Yes,No,Sidewalk,"Garbage/Loose litter,Bulky items",0.0
2022UOF-1269-2902-29489,Level 2 - Use of Force,2022-11-10 06:29:00,5708,30362,White,Female,2022,11,22-00284395,2022-11-10 08:30:13,Closed,SOUTHWEST,ROXHILL/WESTWOOD,1.0,98126.0,47.52022331,-122.36834248,Yes,No,No blockage,Garbage/Loose litter,0.0
2022UOF-1269-2902-29489,Level 2 - Use of Force,2022-11-10 06:29:00,5708,30362,White,Female,2022,11,22-00291820,2022-11-21 10:17:46,Closed,WEST,CASCADE/EASTLAKE,4.0,98102.0,47.6324583,-122.32657841,Yes,Yes,"Sidewalk,Bike lane,Recreation amenity,Construction project,Entrance to business,Entrance to residence","Garbage/Loose litter,Needles/Sharps,Hazardous materials (e.g., propane tanks),Bulky items,Human waste",0.0
2022UOF-1269-2902-29489,Level 2 - Use of Force,2022-11-10 06:29:00,5708,30362,White,Female,2022,11,22-00276704,2022-11-01 08:34:10,Closed,NORTH,GREEN LAKE,6.0,98103.0,47.68212962,-122.33982902,Yes,No,Recreation amenity,"Bulky items,Hazardous materials (e.g., propane tanks)",0.0
2022UOF-1269-2902-29489,Level 2 - Use of Force,2022-11-10 06:29:00,5708,30362,White,Female,2022,11,22-00284421,2022-11-10 08:58:26,Closed,NORTH,WHITTIER HEIGHTS,6.0,98107.0,47.6724413,-122.37545397,Yes,No,Sidewalk,"Other (please explain in the Description),Garbage/Loose litter,Bulky items,Human waste",0.0
2022UOF-1269-2902-29489,Level 2 - Use of Force,2022-11-10 06:29:00,5708,30362,White,Female,2022,11,22-00276751,2022-11-01 08:54:22,Closed,WEST,INTERBAY,7.0,98119.0,47.64074683,-122.37653285,Yes,Yes,Sidewalk,"Garbage/Loose litter,Bulky items",0.0
2022UOF-1269-2902-29489,Level 2 - Use of Force,2022-11-10 06:29:00,5708,30362,White,Female,2022,11,22-00284428,2022-11-10 09:02:32,Closed,WEST,QUEEN ANNE,7.0,98109.0,47.62476457,-122.3552094,Yes,No,"Sidewalk,Bike lane,Entrance to business","Garbage/Loose litter,Needles/Sharps,Hazardous materials (e.g., propane tanks),Bulky items,Human waste",0.0
2022UOF-1269-2902-29489,Level 2 - Use of Force,2022-11-10 06:29:00,5708,30362,White,Female,2022,11,22-00291908,2022-11-21 11:10:16,Closed,NORTH,OLYMPIC HILLS/VICTORY HEIGHTS,5.0,98125.0,47.72858795,-122.31662475,Yes,Unknown,Recreation amenity,Bulky items,0.0
2022UOF-1269-2902-29489,Level 2 - Use of Force,2022-11-10 06:29:00,5708,30362,White,Female,2022,11,22-00276770,2022-11-01 09:04:22,Closed,WEST,CASCADE/EASTLAKE,7.0,98109.0,47.61989538,-122.3399921,Yes,No,Other (please explain in the Description),Garbage/Loose litter,0.0
2022UOF-1269-2902-29489,Level 2 - Use of Force,2022-11-10 06:29:00,5708,30362,White,Female,2022,11,22-00284499,2022-11-10 09:54:54,Closed,NORTH,FREMONT,6.0,98107.0,47.66345288,-122.36376226,Yes,Yes,Sidewalk,Other (please explain in the Description),0.0
2022UOF-1269-2902-29489,Level 2 - Use of Force,2022-11-10 06:29:00,5708,30362,White,Female,2022,11,22-00292143,2022-11-21 14:04:03,Closed,NORTH,BALLARD,6.0,98107.0,47.66974346,-122.38512934,Yes,Green,Other (please explain in the Description),Garbage/Loose litter,0.0
2022UOF-1269-2902-29489,Level 2 - Use of Force,2022-11-10 06:29:00,5708,30362,White,Female,2022,11,22-00284537,2022-11-10 10:21:04,Closed,SOUTHWEST,HIGH POINT,1.0,98126.0,47.55368957,-122.36725116,Yes,Yes,Sidewalk,Garbage/Loose litter,0.0
2022UOF-1269-2902-29489,Level 2 - Use of Force,2022-11-10 06:29:00,5708,30362,White,Female,2022,11,22-00294817,2022-11-26 16:56:46,Closed,NORTH,FREMONT,6.0,98107.0,47.66300308,-122.36416613,Yes,Yes,Sidewalk,"Garbage/Loose litter,Hazardous materials (e.g., propane tanks)",1.0
2022UOF-1269-2902-29489,Level 2 - Use of Force,2022-11-10 06:29:00,5708,30362,White,Female,2022,11,22-00292222,2022-11-21 14:56:19,Closed,NORTH,BROADVIEW/BITTER LAKE,5.0,98133.0,47.72161057,-122.34866605,Yes,Yes,Sidewalk,"Garbage/Loose litter,Hazardous materials (e.g., propane tanks),Bulky items,Human waste",0.0
2022UOF-1269-2902-29489,Level 2 - Use of Force,2022-11-10 06:29:00,5708,30362,White,Female,2022,11,22-00284542,2022-11-10 10:29:08,Closed,SOUTHWEST,SOUTH PARK,1.0,98108.0,47.53188702,-122.33026458,Yes,Yes,No blockage,"Hazardous materials (e.g., propane tanks)",0.0
2022UOF-1269-2902-29489,Level 2 - Use of Force,2022-11-10 06:29:00,5708,30362,White,Female,2022,11,22-00294940,2022-11-26 23:07:36,Closed,EAST,MADRONA/LESCHI,3.0,98144.0,47.59560505,-122.29607066,Yes,Yes,"Construction project,Entrance to residence","Hazardous materials (e.g., propane tanks),Needles/Sharps",1.0
2022UOF-1269-2902-29489,Level 2 - Use of Force,2022-11-10 06:29:00,5708,30362,White,Female,2022,11,22-00292297,2022-11-21 15:40:43,Closed,EAST,CASCADE/EASTLAKE,3.0,98102.0,47.63239348,-122.32256066,Yes,Yes,Sidewalk,"Garbage/Loose litter,Bulky items",0.0
2022UOF-1269-2902-29489,Level 2 - Use of Force,2022-11-10 06:29:00,5708,30362,White,Female,2022,11,22-00295045,2022-11-27 10:22:46,Closed,WEST,INTERBAY,7.0,98119.0,47.62857759,-122.36866089,Yes,No,Entrance to residence,"Garbage/Loose litter,Needles/Sharps,Hazardous materials (e.g., propane tanks),Human waste,Bulky items",1.0
2022UOF-1269-2902-29489,Level 2 - Use of Force,2022-11-10 06:29:00,5708,30362,White,Female,2022,11,22-00284563,2022-11-10 10:47:16,Closed,NORTH,BALLARD,6.0,98107.0,47.66259897,-122.36916636,Yes,Yes,Sidewalk,"Garbage/Loose litter,Needles/Sharps,Hazardous materials (e.g., propane tanks),Bulky items,Human waste,Other (please explain in the Description)",0.0
2022UOF-1269-2902-29489,Level 2 - Use of Force,2022-11-10 06:29:00,5708,30362,White,Female,2022,11,22-00292304,2022-11-21 15:50:50,Closed,SOUTH,GEORGETOWN,2.0,98108.0,47.55205868,-122.32900061,Yes,Yes,"Sidewalk,Bike lane","Garbage/Loose litter,Bulky items",0.0
2022UOF-1269-2902-29489,Level 2 - Use of Force,2022-11-10 06:29:00,5708,30362,White,Female,2022,11,22-00295091,2022-11-27 11:33:18,Closed,SOUTHWEST,RIVERVIEW,1.0,98106.0,47.53557957,-122.34998363,Yes,No,Recreation amenity,Human waste,1.0
2022UOF-1269-2902-29489,Level 2 - Use of Force,2022-11-10 06:29:00,5708,30362,White,Female,2022,11,22-00295092,2022-11-27 11:33:20,Closed,SOUTHWEST,RIVERVIEW,1.0,98106.0,47.54412611,-122.35455258,Unknown,Unknown,No blockage,Bulky items,1.0
2022UOF-1269-2902-29489,Level 2 - Use of Force,2022-11-10 06:29:00,5708,30362,White,Female,2022,11,22-00284925,2022-11-10 15:59:41,Closed,SOUTHWEST,HIGH POINT,1.0,98126.0,47.55211812,-122.36990687,Unknown,Unknown,No blockage,Human waste,0.0
2022UOF-1269-2902-29489,Level 2 - Use of Force,2022-11-10 06:29:00,5708,30362,White,Female,2022,11,22-00292466,2022-11-21 20:21:01,Closed,EAST,CENTRAL AREA/SQUIRE PARK,3.0,98122.0,47.61661648,-122.3102706,Yes,Yes,Sidewalk,Garbage/Loose litter,0.0
2022UOF-1269-2902-29489,Level 2 - Use of Force,2022-11-10 06:29:00,5708,30362,White,Female,2022,11,22-00295139,2022-11-27 12:53:55,Closed,NORTH,WHITTIER HEIGHTS,6.0,98117.0,47.68892489,-122.37604741,Yes,Yes,No blockage,Garbage/Loose litter,1.0
2022UOF-1269-2902-29489,Level 2 - Use of Force,2022-11-10 06:29:00,5708,30362,White,Female,2022,11,22-00284963,2022-11-10 16:38:02,Closed,WEST,CASCADE/EASTLAKE,7.0,98109.0,47.62525762,-122.34019167,Yes,No,Sidewalk,"Garbage/Loose litter,Bulky items",0.0
2022UOF-1269-2902-29489,Level 2 - Use of Force,2022-11-10 06:29:00,5708,30362,White,Female,2022,11,22-00292473,2022-11-21 21:25:32,Closed,SOUTH,SOUTH BEACON HILL/NEWHOLLY,2.0,98118.0,47.5272836,-122.28072122,Yes,Yes,Recreation amenity,"Bulky items,Garbage/Loose litter,Hazardous materials (e.g., propane tanks)",0.0
2022UOF-1269-2902-29489,Level 2 - Use of Force,2022-11-10 06:29:00,5708,30362,White,Female,2022,11,22-00285161,2022-11-11 08:41:20,Closed,SOUTH,GEORGETOWN,2.0,98108.0,47.5543273,-122.33013075,Yes,No,Sidewalk,"Garbage/Loose litter,Needles/Sharps,Hazardous materials (e.g., propane tanks),Bulky items,Human waste",0.0
2022UOF-1269-2902-29489,Level 2 - Use of Force,2022-11-10 06:29:00,5708,30362,White,Female,2022,11,22-00295147,2022-11-27 13:06:02,Closed,NORTH,BALLARD,6.0,98107.0,47.66547702,-122.38026426,Yes,Unknown,Sidewalk,"Garbage/Loose litter,Bulky items,Human waste",1.0
2022UOF-1269-2902-29489,Level 2 - Use of Force,2022-11-10 06:29:00,5708,30362,White,Female,2022,11,22-00285174,2022-11-11 09:05:30,Closed,WEST,QUEEN ANNE,7.0,98109.0,47.64468254,-122.34668911,Yes,No,No blockage,"Garbage/Loose litter,Other (please explain in the Description)",0.0
2022UOF-1269-2902-29489,Level 2 - Use of Force,2022-11-10 06:29:00,5708,30362,White,Female,2022,11,22-00292526,2022-11-22 06:34:46,Closed,NORTH,GREENWOOD/PHINNEY RIDGE,6.0,98117.0,47.67724304,-122.36574519,Yes,Silver,"No blockage,Bike lane",Garbage/Loose litter,0.0
2022UOF-1269-2902-29489,Level 2 - Use of Force,2022-11-10 06:29:00,5708,30362,White,Female,2022,11,22-00292559,2022-11-22 07:27:15,Closed,EAST,CENTRAL AREA/SQUIRE PARK,3.0,98122.0,47.61661648,-122.3102706,Yes,Yes,Sidewalk,"Hazardous materials (e.g., propane tanks)",0.0
2022UOF-1269-2902-29489,Level 2 - Use of Force,2022-11-10 06:29:00,5708,30362,White,Female,2022,11,22-00285175,2022-11-11 09:05:33,Closed,NORTH,BALLARD,6.0,98107.0,47.66304262,-122.37058352,Unknown,Yes,No blockage,"Garbage/Loose litter,Hazardous materials (e.g., propane tanks)",0.0
2022UOF-1269-2902-29489,Level 2 - Use of Force,2022-11-10 06:29:00,5708,30362,White,Female,2022,11,22-00285202,2022-11-11 09:33:43,Closed,WEST,CASCADE/EASTLAKE,7.0,98109.0,47.61842339,-122.35075119,Yes,No,Sidewalk,Garbage/Loose litter,0.0
2022UOF-1269-2902-29489,Level 2 - Use of Force,2022-11-10 06:29:00,5708,30362,White,Female,2022,11,22-00292578,2022-11-22 07:50:00,Closed,WEST,QUEEN ANNE,7.0,98109.0,47.62560217,-122.34865199,Yes,Unknown,"Sidewalk,Entrance to business","Garbage/Loose litter,Needles/Sharps,Bulky items,Human waste",0.0
2022UOF-1269-2902-29489,Level 2 - Use of Force,2022-11-10 06:29:00,5708,30362,White,Female,2022,11,22-00276800,2022-11-01 09:32:35,Closed,NORTH,WALLINGFORD,4.0,98105.0,47.66187925,-122.32110344,Yes,Yes,No blockage,Garbage/Loose litter,0.0
2022UOF-1269-2902-29489,Level 2 - Use of Force,2022-11-10 06:29:00,5708,30362,White,Female,2022,11,22-00295178,2022-11-27 14:04:27,Closed,SOUTHWEST,RIVERVIEW,1.0,98106.0,47.5459483,-122.35522932,Yes,Yes,Sidewalk,"Garbage/Loose litter,Bulky items,Human waste",1.0
2022UOF-1269-2902-29489,Level 2 - Use of Force,2022-11-10 06:29:00,5708,30362,White,Female,2022,11,22-00285235,2022-11-11 10:22:13,Closed,NORTH,BALLARD,6.0,98107.0,47.67036738,-122.38391615,Yes,Unknown,Sidewalk,Garbage/Loose litter,0.0
2022UOF-1269-2902-29489,Level 2 - Use of Force,2022-11-10 06:29:00,5708,30362,White,Female,2022,11,22-00277153,2022-11-01 13:08:22,Closed,EAST,CAPITOL HILL,3.0,98122.0,47.61782505,-122.3180003,Yes,Unknown,No blockage,"Garbage/Loose litter,Bulky items",0.0
2022UOF-1269-2902-29489,Level 2 - Use of Force,2022-11-10 06:29:00,5708,30362,White,Female,2022,11,22-00293121,2022-11-22 14:55:37,Closed,WEST,CASCADE/EASTLAKE,7.0,98109.0,47.62525762,-122.34019167,Yes,Yes,"Sidewalk,Bike lane,Recreation amenity,Construction project,Entrance to business,Entrance to residence","Garbage/Loose litter,Needles/Sharps,Hazardous materials (e.g., propane tanks),Bulky items,Human waste",0.0
2022UOF-1269-2902-29489,Level 2 - Use of Force,2022-11-10 06:29:00,5708,30362,White,Female,2022,11,22-00285372,2022-11-11 13:53:42,Closed,NORTH,GREENWOOD/PHINNEY RIDGE,6.0,98117.0,47.69041903,-122.36227901,Yes,Yes,No blockage,Bulky items,0.0
2022UOF-1269-2902-29489,Level 2 - Use of Force,2022-11-10 06:29:00,5708,30362,White,Female,2022,11,22-00293134,2022-11-22 15:07:48,Closed,SOUTH,DUWAMISH/SODO,2.0,98134.0,47.5920874,-122.32655304,Yes,No,Sidewalk,Garbage/Loose litter,0.0
2022UOF-1269-2902-29489,Level 2 - Use of Force,2022-11-10 06:29:00,5708,30362,White,Female,2022,11,22-00285394,2022-11-11 14:21:55,Closed,WEST,QUEEN ANNE,7.0,98109.0,47.63242869,-122.34382904,Yes,No,Sidewalk,Garbage/Loose litter,0.0
2022UOF-1269-2902-29489,Level 2 - Use of Force,2022-11-10 06:29:00,5708,30362,White,Female,2022,11,22-00277260,2022-11-01 14:39:06,Closed,SOUTH,MT. BAKER/NORTH RAINIER,2.0,98144.0,47.57666148,-122.28660396,Yes,No,Recreation amenity,"Garbage/Loose litter,Needles/Sharps,Hazardous materials (e.g., propane tanks)",0.0
2022UOF-1269-2902-29489,Level 2 - Use of Force,2022-11-10 06:29:00,5708,30362,White,Female,2022,11,22-00285403,2022-11-11 14:36:04,Closed,WEST,BELLTOWN,7.0,98121.0,47.61357677,-122.34656411,Yes,Unknown,Sidewalk,"Garbage/Loose litter,Human waste",0.0
2022UOF-1269-2902-29489,Level 2 - Use of Force,2022-11-10 06:29:00,5708,30362,White,Female,2022,11,22-00293248,2022-11-22 17:02:41,Closed,NORTH,FREMONT,6.0,98107.0,47.65769169,-122.36438838,Unknown,Yellow,Other (please explain in the Description),Bulky items,0.0
2022UOF-1269-2902-29489,Level 2 - Use of Force,2022-11-10 06:29:00,5708,30362,White,Female,2022,11,22-00277330,2022-11-01 15:31:30,Closed,SOUTHWEST,SOUTH PARK,1.0,98108.0,47.52106789,-122.33436373,Yes,Yes,Recreation amenity,"Garbage/Loose litter,Hazardous materials (e.g., propane tanks),Bulky items,Human waste",0.0
2022UOF-1269-2902-29489,Level 2 - Use of Force,2022-11-10 06:29:00,5708,30362,White,Female,2022,11,22-00285432,2022-11-11 15:38:33,Closed,NORTH,BALLARD,6.0,98107.0,47.66516733,-122.37987963,Yes,No,Sidewalk,"Garbage/Loose litter,Needles/Sharps,Hazardous materials (e.g., propane tanks),Bulky items,Human waste",0.0
2022UOF-1269-2902-29489,Level 2 - Use of Force,2022-11-10 06:29:00,5708,30362,White,Female,2022,11,22-00277331,2022-11-01 15:31:32,Closed,SOUTH,MT. BAKER/NORTH RAINIER,2.0,98144.0,47.57664356,-122.28615913,Yes,No,Recreation amenity,"Garbage/Loose litter,Human waste",0.0
2022UOF-1269-2902-29489,Level 2 - Use of Force,2022-11-10 06:29:00,5708,30362,White,Female,2022,11,22-00285450,2022-11-11 16:02:41,Closed,EAST,CENTRAL AREA/SQUIRE PARK,3.0,98122.0,47.61711471,-122.31045294,Yes,Unknown,No blockage,Garbage/Loose litter,0.0
2022UOF-1269-2902-29489,Level 2 - Use of Force,2022-11-10 06:29:00,5708,30362,White,Female,2022,11,22-00277364,2022-11-01 15:59:39,Closed,NORTH,NORTH BEACH/BLUE RIDGE,6.0,98117.0,47.69354032,-122.37579693,Yes,Yes,"Sidewalk,Entrance to business","Garbage/Loose litter,Needles/Sharps,Hazardous materials (e.g., propane tanks),Bulky items",0.0
2022UOF-1269-2902-29489,Level 2 - Use of Force,2022-11-10 06:29:00,5708,30362,White,Female,2022,11,22-00285507,2022-11-12 06:13:44,Closed,NORTH,HALLER LAKE,5.0,98133.0,47.72083731,-122.33927885,Unknown,No,No blockage,"Garbage/Loose litter,Bulky items,Other (please explain in the Description)",1.0
2022UOF-1269-2902-29489,Level 2 - Use of Force,2022-11-10 06:29:00,5708,30362,White,Female,2022,11,22-00277404,2022-11-01 16:19:48,Closed,NORTH,GREENWOOD/PHINNEY RIDGE,5.0,98103.0,47.69687959,-122.35025325,Yes,No,No blockage,Bulky items,0.0
2022UOF-1269-2902-29489,Level 2 - Use of Force,2022-11-10 06:29:00,5708,30362,White,Female,2022,11,22-00285527,2022-11-12 06:14:19,Closed,SOUTHWEST,RIVERVIEW,1.0,98106.0,47.54359429,-122.35457253,Unknown,Yes,Sidewalk,Bulky items,1.0
2022UOF-1269-2902-29489,Level 2 - Use of Force,2022-11-10 06:29:00,5708,30362,White,Female,2022,11,22-00285668,2022-11-12 09:09:53,Closed,NORTH,FREMONT,6.0,98107.0,47.6631048,-122.36495137,Yes,Yes,Sidewalk,"Hazardous materials (e.g., propane tanks)",1.0
2022UOF-1269-2902-29489,Level 2 - Use of Force,2022-11-10 06:29:00,5708,30362,White,Female,2022,11,22-00277452,2022-11-01 16:52:06,Closed,EAST,CASCADE/EASTLAKE,3.0,98102.0,47.63363585,-122.32270554,Yes,Yes,Sidewalk,"Garbage/Loose litter,Needles/Sharps,Hazardous materials (e.g., propane tanks),Bulky items,Human waste",0.0
2022UOF-1269-2902-29489,Level 2 - Use of Force,2022-11-10 06:29:00,5708,30362,White,Female,2022,11,22-00295515,2022-11-28 09:18:01,Closed,EAST,CAPITOL HILL,3.0,98122.0,47.61775471,-122.31735129,Yes,No,"Sidewalk,Entrance to residence,Entrance to business","Garbage/Loose litter,Needles/Sharps,Hazardous materials (e.g., propane tanks),Bulky items,Human waste",0.0
2022UOF-1269-2902-29489,Level 2 - Use of Force,2022-11-10 06:29:00,5708,30362,White,Female,2022,11,22-00285816,2022-11-12 13:11:42,Closed,SOUTHWEST,RIVERVIEW,1.0,98106.0,47.54020694,-122.34398054,Unknown,Yes,"Recreation amenity,Bike lane,Sidewalk","Garbage/Loose litter,Needles/Sharps,Hazardous materials (e.g., propane tanks),Bulky items,Human waste",1.0
2022UOF-1269-2902-29489,Level 2 - Use of Force,2022-11-10 06:29:00,5708,30362,White,Female,2022,11,22-00295647,2022-11-28 11:00:51,Closed,WEST,INTERBAY,7.0,98119.0,47.63322273,-122.38534037,Yes,Yes,Recreation amenity,"Garbage/Loose litter,Human waste",0.0
2022UOF-1269-2902-29489,Level 2 - Use of Force,2022-11-10 06:29:00,5708,30362,White,Female,2022,11,22-00277478,2022-11-01 17:08:12,Closed,EAST,CASCADE/EASTLAKE,3.0,98102.0,47.6330384,-122.32286942,Unknown,Yes,"Sidewalk,Bike lane,Entrance to residence",Garbage/Loose litter,0.0
2022UOF-1269-2902-29489,Level 2 - Use of Force,2022-11-10 06:29:00,5708,30362,White,Female,2022,11,22-00295662,2022-11-28 11:15:06,Closed,SOUTH,GEORGETOWN,2.0,98108.0,47.55165933,-122.33047751,Yes,Yes,No blockage,Garbage/Loose litter,0.0
2022UOF-1269-2902-29489,Level 2 - Use of Force,2022-11-10 06:29:00,5708,30362,White,Female,2022,11,22-00295668,2022-11-28 11:19:06,Closed,WEST,QUEEN ANNE,7.0,98109.0,47.64796044,-122.35225324,Unknown,Unknown,"Sidewalk,Bike lane,Recreation amenity","Garbage/Loose litter,Needles/Sharps",0.0
2022UOF-1269-2902-29489,Level 2 - Use of Force,2022-11-10 06:29:00,5708,30362,White,Female,2022,11,22-00295701,2022-11-28 11:35:09,Closed,WEST,CASCADE/EASTLAKE,7.0,98109.0,47.62525762,-122.34019167,Yes,Yes,Sidewalk,"Garbage/Loose litter,Needles/Sharps,Hazardous materials (e.g., propane tanks),Bulky items,Human waste",0.0
2022UOF-1269-2902-29489,Level 2 - Use of Force,2022-11-10 06:29:00,5708,30362,White,Female,2022,11,22-00277594,2022-11-01 19:39:19,Closed,EAST,CENTRAL AREA/SQUIRE PARK,3.0,98122.0,47.61711471,-122.31045294,Yes,Yes,"Sidewalk,Entrance to business","Garbage/Loose litter,Needles/Sharps,Hazardous materials (e.g., propane tanks),Bulky items,Human waste",0.0
2022UOF-1269-2902-29489,Level 2 - Use of Force,2022-11-10 06:29:00,5708,30362,White,Female,2022,11,22-00277611,2022-11-01 20:17:37,Closed,NORTH,FREMONT,6.0,98107.0,47.66300308,-122.36416613,Yes,Yes,"Sidewalk,Bike lane,Recreation amenity,Entrance to business","Garbage/Loose litter,Needles/Sharps,Hazardous materials (e.g., propane tanks),Bulky items",0.0
2022UOF-1269-2902-29489,Level 2 - Use of Force,2022-11-10 06:29:00,5708,30362,White,Female,2022,11,22-00293541,2022-11-23 10:24:11,Closed,NORTH,UNIVERSITY DISTRICT,4.0,98195.0,47.66108679,-122.31123115,Yes,No,"Sidewalk,Recreation amenity,Entrance to business","Garbage/Loose litter,Hazardous materials (e.g., propane tanks),Bulky items,Human waste",0.0
2022UOF-1269-2902-29489,Level 2 - Use of Force,2022-11-10 06:29:00,5708,30362,White,Female,2022,11,22-00293560,2022-11-23 10:36:11,Closed,NORTH,BROADVIEW/BITTER LAKE,5.0,98133.0,47.72160047,-122.34761282,Yes,Yes,"Sidewalk,Entrance to business",Garbage/Loose litter,0.0
2022UOF-1269-2902-29489,Level 2 - Use of Force,2022-11-10 06:29:00,5708,30362,White,Female,2022,11,22-00295913,2022-11-28 14:52:55,Closed,NORTH,OLYMPIC HILLS/VICTORY HEIGHTS,5.0,98155.0,47.73379814,-122.31519465,Yes,No,Recreation amenity,"Garbage/Loose litter,Needles/Sharps,Hazardous materials (e.g., propane tanks),Bulky items",0.0
2022UOF-1269-2902-29489,Level 2 - Use of Force,2022-11-10 06:29:00,5708,30362,White,Female,2022,11,22-00277753,2022-11-02 08:05:03,Closed,WEST,CASCADE/EASTLAKE,7.0,98109.0,47.62492706,-122.3453994,Yes,No,"Sidewalk,Bike lane,Construction project,Entrance to business","Garbage/Loose litter,Needles/Sharps,Hazardous materials (e.g., propane tanks),Bulky items,Human waste",0.0
2022UOF-1269-2902-29489,Level 2 - Use of Force,2022-11-10 06:29:00,5708,30362,White,Female,2022,11,22-00277810,2022-11-02 08:53:23,Closed,SOUTHWEST,SOUTH PARK,1.0,98108.0,47.53204377,-122.33092794,Yes,Unknown,No blockage,"Garbage/Loose litter,Needles/Sharps,Bulky items,Human waste",0.0
2022UOF-1269-2902-29489,Level 2 - Use of Force,2022-11-10 06:29:00,5708,30362,White,Female,2022,11,22-00293651,2022-11-23 11:26:39,Closed,NORTH,WEDGWOOD/VIEW RIDGE,5.0,98115.0,47.6930538,-122.27044696,Yes,Yes,"Recreation amenity,Sidewalk,Other (please explain in the Description)","Garbage/Loose litter,Needles/Sharps,Hazardous materials (e.g., propane tanks),Bulky items,Human waste",0.0
2022UOF-1269-2902-29489,Level 2 - Use of Force,2022-11-10 06:29:00,5708,30362,White,Female,2022,11,22-00296063,2022-11-28 17:36:18,Closed,SOUTHWEST,RIVERVIEW,1.0,98106.0,47.5459483,-122.35522932,Yes,Yes,"Sidewalk,Bike lane","Garbage/Loose litter,Hazardous materials (e.g., propane tanks),Bulky items",0.0
2022UOF-1269-2902-29489,Level 2 - Use of Force,2022-11-10 06:29:00,5708,30362,White,Female,2022,11,22-00296120,2022-11-28 21:54:24,Closed,NORTH,LAURELHURST/SAND POINT,4.0,98115.0,47.6835061,-122.26324711,Yes,Yes,"Recreation amenity,Entrance to business","Garbage/Loose litter,Needles/Sharps,Hazardous materials (e.g., propane tanks),Human waste",0.0
2022UOF-1269-2902-29489,Level 2 - Use of Force,2022-11-10 06:29:00,5708,30362,White,Female,2022,11,22-00293685,2022-11-23 11:54:58,Closed,NORTH,WALLINGFORD,4.0,98103.0,47.65929841,-122.33772655,Unknown,Yes,Recreation amenity,"Garbage/Loose litter,Hazardous materials (e.g., propane tanks)",0.0
2022UOF-1269-2902-29489,Level 2 - Use of Force,2022-11-10 06:29:00,5708,30362,White,Female,2022,11,22-00277987,2022-11-02 10:48:16,Closed,WEST,QUEEN ANNE,7.0,98109.0,47.64574461,-122.34815659,Yes,No,Sidewalk,"Garbage/Loose litter,Bulky items,Human waste",0.0
2022UOF-1269-2902-29489,Level 2 - Use of Force,2022-11-10 06:29:00,5708,30362,White,Female,2022,11,22-00296133,2022-11-28 23:27:17,Closed,WEST,MAGNOLIA,7.0,98199.0,47.63209184,-122.39041895,Yes,Brown,Other (please explain in the Description),"Needles/Sharps,Human waste,Hazardous materials (e.g., propane tanks),Bulky items",0.0
2022UOF-1269-2902-29489,Level 2 - Use of Force,2022-11-10 06:29:00,5708,30362,White,Female,2022,11,22-00293706,2022-11-23 12:05:13,Closed,EAST,CENTRAL AREA/SQUIRE PARK,3.0,98122.0,47.61661648,-122.3102706,Yes,Yes,Sidewalk,Bulky items,0.0
2022UOF-1269-2902-29489,Level 2 - Use of Force,2022-11-10 06:29:00,5708,30362,White,Female,2022,11,22-00278250,2022-11-02 13:19:25,Closed,SOUTHWEST,ROXHILL/WESTWOOD,1.0,98126.0,47.52301452,-122.36966293,No,Yes,Sidewalk,Garbage/Loose litter,0.0
2022UOF-1269-2902-29489,Level 2 - Use of Force,2022-11-10 06:29:00,5708,30362,White,Female,2022,11,22-00285904,2022-11-12 15:25:24,Closed,NORTH,UNIVERSITY DISTRICT,4.0,98115.0,47.67364987,-122.30958855,Unknown,No,No blockage,"Hazardous materials (e.g., propane tanks)",1.0
2022UOF-1269-2902-29489,Level 2 - Use of Force,2022-11-10 06:29:00,5708,30362,White,Female,2022,11,22-00278267,2022-11-02 13:25:30,Closed,SOUTHWEST,NORTH DELRIDGE,1.0,98126.0,47.58459097,-122.3755992,Yes,Yes,Recreation amenity,"Garbage/Loose litter,Needles/Sharps,Hazardous materials (e.g., propane tanks),Bulky items,Human waste",0.0
2022UOF-1269-2902-29489,Level 2 - Use of Force,2022-11-10 06:29:00,5708,30362,White,Female,2022,11,22-00293768,2022-11-23 12:49:29,Closed,EAST,CENTRAL AREA/SQUIRE PARK,3.0,98122.0,47.61727598,-122.31042647,Yes,Unknown,No blockage,Garbage/Loose litter,0.0
2022UOF-1269-2902-29489,Level 2 - Use of Force,2022-11-10 06:29:00,5708,30362,White,Female,2022,11,22-00296248,2022-11-29 08:42:35,Closed,NORTH,WHITTIER HEIGHTS,6.0,98107.0,47.67260728,-122.37549474,Yes,No,"Sidewalk,Entrance to business,Entrance to residence","Garbage/Loose litter,Needles/Sharps,Hazardous materials (e.g., propane tanks),Bulky items,Human waste",0.0
2022UOF-1269-2902-29489,Level 2 - Use of Force,2022-11-10 06:29:00,5708,30362,White,Female,2022,11,22-00285991,2022-11-12 20:57:57,Closed,SOUTH,NORTH BEACON HILL/JEFFERSON PARK,2.0,98144.0,47.58469388,-122.30367936,Yes,Yes,No blockage,"Garbage/Loose litter,Bulky items,Human waste",1.0
2022UOF-1269-2902-29489,Level 2 - Use of Force,2022-11-10 06:29:00,5708,30362,White,Female,2022,11,22-00296313,2022-11-29 09:37:02,Closed,WEST,CASCADE/EASTLAKE,7.0,98109.0,47.62525762,-122.34019167,Yes,Yes,"Sidewalk,Bike lane,Recreation amenity,Construction project,Entrance to business,Entrance to residence","Garbage/Loose litter,Needles/Sharps,Hazardous materials (e.g., propane tanks),Bulky items,Human waste",0.0
2022UOF-1269-2902-29489,Level 2 - Use of Force,2022-11-10 06:29:00,5708,30362,White,Female,2022,11,22-00293902,2022-11-23 15:08:40,Closed,WEST,DUWAMISH/SODO,2.0,98134.0,47.59434001,-122.32917025,Yes,No,No blockage,"Garbage/Loose litter,Needles/Sharps,Hazardous materials (e.g., propane tanks),Bulky items,Human waste",0.0
2022UOF-1269-2902-29489,Level 2 - Use of Force,2022-11-10 06:29:00,5708,30362,White,Female,2022,11,22-00286052,2022-11-13 08:25:12,Closed,SOUTH,MT. BAKER/NORTH RAINIER,3.0,98144.0,47.58469328,-122.30268292,Yes,No,"Sidewalk,Entrance to business","Garbage/Loose litter,Hazardous materials (e.g., propane tanks),Bulky items,Human waste",1.0
2022UOF-1269-2902-29489,Level 2 - Use of Force,2022-11-10 06:29:00,5708,30362,White,Female,2022,11,22-00278521,2022-11-02 15:42:31,Closed,EAST,MILLER PARK,3.0,98112.0,47.62262645,-122.31242513,Yes,No,Sidewalk,Garbage/Loose litter,0.0
2022UOF-1269-2902-29489,Level 2 - Use of Force,2022-11-10 06:29:00,5708,30362,White,Female,2022,11,22-00296437,2022-11-29 11:54:19,Closed,SOUTHWEST,NORTH DELRIDGE,1.0,98126.0,47.58052077,-122.37314196,Yes,Yes,"Sidewalk,Bike lane","Garbage/Loose litter,Bulky items",0.0
2022UOF-1269-2902-29489,Level 2 - Use of Force,2022-11-10 06:29:00,5708,30362,White,Female,2022,11,22-00286169,2022-11-13 11:30:37,Closed,SOUTH,NORTH BEACON HILL/JEFFERSON PARK,3.0,98144.0,47.58946274,-122.30873223,Yes,Yes,No blockage,"Hazardous materials (e.g., propane tanks),Garbage/Loose litter,Needles/Sharps,Bulky items,Human waste",1.0
2022UOF-1269-2902-29489,Level 2 - Use of Force,2022-11-10 06:29:00,5708,30362,White,Female,2022,11,22-00278565,2022-11-02 16:14:49,Closed,SOUTHWEST,NORTH DELRIDGE,1.0,98126.0,47.57693683,-122.37171454,Yes,Yes,Sidewalk,"Garbage/Loose litter,Needles/Sharps,Hazardous materials (e.g., propane tanks),Bulky items,Other (please explain in the Description)",0.0
2022UOF-1269-2902-29489,Level 2 - Use of Force,2022-11-10 06:29:00,5708,30362,White,Female,2022,11,22-00294124,2022-11-24 10:43:55,Closed,EAST,CENTRAL AREA/SQUIRE PARK,3.0,98122.0,47.6174549,-122.31045499,Yes,Yes,Sidewalk,Other (please explain in the Description),0.0
2022UOF-1269-2902-29489,Level 2 - Use of Force,2022-11-10 06:29:00,5708,30362,White,Female,2022,11,22-00296461,2022-11-29 12:16:30,Closed,NORTH,BROADVIEW/BITTER LAKE,5.0,98133.0,47.72116423,-122.35512032,Yes,White,Other (please explain in the Description),Garbage/Loose litter,0.0
2022UOF-1269-2902-29489,Level 2 - Use of Force,2022-11-10 06:29:00,5708,30362,White,Female,2022,11,22-00294133,2022-11-24 11:20:12,Closed,NORTH,LAURELHURST/SAND POINT,4.0,98115.0,47.68389293,-122.26239348,Yes,Yes,No blockage,"Garbage/Loose litter,Bulky items",0.0
2022UOF-1269-2902-29489,Level 2 - Use of Force,2022-11-10 06:29:00,5708,30362,White,Female,2022,11,22-00286223,2022-11-13 13:03:20,Closed,EAST,CAPITOL HILL,3.0,98122.0,47.61777236,-122.3166353,Yes,No,"Sidewalk,Entrance to business","Garbage/Loose litter,Bulky items,Human waste",1.0
2022UOF-1269-2902-29489,Level 2 - Use of Force,2022-11-10 06:29:00,5708,30362,White,Female,2022,11,22-00294185,2022-11-24 14:07:28,Closed,EAST,MILLER PARK,3.0,98112.0,47.62262645,-122.31242513,Yes,No,Sidewalk,"Garbage/Loose litter,Bulky items",0.0
2022UOF-1269-2902-29489,Level 2 - Use of Force,2022-11-10 06:29:00,5708,30362,White,Female,2022,11,22-00286283,2022-11-13 14:05:58,Closed,NORTH,BALLARD,6.0,98107.0,47.66694476,-122.37702476,Unknown,No,No blockage,Garbage/Loose litter,1.0
2022UOF-1269-2902-29489,Level 2 - Use of Force,2022-11-10 06:29:00,5708,30362,White,Female,2022,11,22-00296569,2022-11-29 13:53:23,Closed,NORTH,BALLARD,6.0,98107.0,47.66423609,-122.3805158,Yes,Yes,Entrance to business,Bulky items,0.0
2022UOF-1269-2902-29489,Level 2 - Use of Force,2022-11-10 06:29:00,5708,30362,White,Female,2022,11,22-00286291,2022-11-13 14:13:52,Closed,SOUTHWEST,RIVERVIEW,1.0,98106.0,47.54713846,-122.35472487,Unknown,Yes,"Sidewalk,Bike lane","Garbage/Loose litter,Bulky items",1.0
2022UOF-1269-2902-29489,Level 2 - Use of Force,2022-11-10 06:29:00,5708,30362,White,Female,2022,11,22-00294267,2022-11-25 03:49:45,Closed,WEST,INTERBAY,7.0,98119.0,47.6407184,-122.37726303,Yes,Yes,No blockage,Bulky items,0.0
2022UOF-1269-2902-29489,Level 2 - Use of Force,2022-11-10 06:29:00,5708,30362,White,Female,2022,11,22-00278904,2022-11-03 08:04:57,Closed,NORTH,FREMONT,4.0,98103.0,47.65175486,-122.32879836,Yes,Yes,"Sidewalk,Other (please explain in the Description)","Garbage/Loose litter,Other (please explain in the Description)",0.0
2022UOF-1269-2902-29489,Level 2 - Use of Force,2022-11-10 06:29:00,5708,30362,White,Female,2022,11,22-00294273,2022-11-25 04:50:13,Closed,NORTH,HALLER LAKE,5.0,98133.0,47.72802807,-122.34214279,Yes,Unknown,"Other (please explain in the Description),No blockage",Other (please explain in the Description),0.0
2022UOF-1269-2902-29489,Level 2 - Use of Force,2022-11-10 06:29:00,5708,30362,White,Female,2022,11,22-00278939,2022-11-03 08:22:09,Closed,SOUTHWEST,NORTH DELRIDGE,1.0,98106.0,47.57057451,-122.35708353,Yes,Yes,"Sidewalk,Bike lane,Entrance to business,Other (please explain in the Description)","Garbage/Loose litter,Needles/Sharps,Hazardous materials (e.g., propane tanks),Bulky items,Human waste,Other (please explain in the Description)",0.0
2022UOF-1269-2902-29489,Level 2 - Use of Force,2022-11-10 06:29:00,5708,30362,White,Female,2022,11,22-00294398,2022-11-25 13:36:14,Closed,WEST,INTERBAY,7.0,98119.0,47.64754321,-122.37956101,Yes,Yes,Other (please explain in the Description),"Hazardous materials (e.g., propane tanks),Human waste,Garbage/Loose litter,Needles/Sharps,Bulky items",0.0
2022UOF-1269-2902-29489,Level 2 - Use of Force,2022-11-10 06:29:00,5708,30362,White,Female,2022,11,22-00296818,2022-11-29 19:19:12,Closed,EAST,CASCADE/EASTLAKE,3.0,98102.0,47.63286836,-122.32306038,Yes,Yes,"Sidewalk,Bike lane","Garbage/Loose litter,Bulky items,Human waste",0.0
2022UOF-1269-2902-29489,Level 2 - Use of Force,2022-11-10 06:29:00,5708,30362,White,Female,2022,11,22-00294437,2022-11-25 15:53:20,Closed,WEST,CASCADE/EASTLAKE,7.0,98109.0,47.62525762,-122.34019167,Yes,No,Sidewalk,"Garbage/Loose litter,Needles/Sharps,Hazardous materials (e.g., propane tanks),Bulky items,Human waste",0.0
2022UOF-1269-2902-29489,Level 2 - Use of Force,2022-11-10 06:29:00,5708,30362,White,Female,2022,11,22-00296832,2022-11-29 20:11:31,Closed,NORTH,BALLARD,6.0,98107.0,47.6644884,-122.37918042,Unknown,Unknown,Sidewalk,Garbage/Loose litter,0.0
2022UOF-1269-2902-29489,Level 2 - Use of Force,2022-11-10 06:29:00,5708,30362,White,Female,2022,11,22-00296862,2022-11-29 22:43:57,Closed,NORTH,FREMONT,6.0,98103.0,47.65208043,-122.3480143,Yes,No,Other (please explain in the Description),"Garbage/Loose litter,Hazardous materials (e.g., propane tanks),Bulky items,Other (please explain in the Description)",0.0
2022UOF-1269-2902-29489,Level 2 - Use of Force,2022-11-10 06:29:00,5708,30362,White,Female,2022,11,22-00294489,2022-11-25 22:44:25,Closed,NORTH,BROADVIEW/BITTER LAKE,5.0,98133.0,47.71940145,-122.35465398,Unknown,Yes,Sidewalk,"Hazardous materials (e.g., propane tanks)",0.0
2022UOF-1269-2902-29489,Level 2 - Use of Force,2022-11-10 06:29:00,5708,30362,White,Female,2022,11,22-00279130,2022-11-03 10:13:02,Closed,SOUTH,NORTH BEACON HILL/JEFFERSON PARK,3.0,98144.0,47.58936977,-122.30907214,Unknown,No,No blockage,Bulky items,0.0
2022UOF-1269-2902-29489,Level 2 - Use of Force,2022-11-10 06:29:00,5708,30362,White,Female,2022,11,22-00294627,2022-11-26 11:50:27,Closed,EAST,JUDKINS PARK,3.0,98144.0,47.60071653,-122.31137205,Yes,Yes,Sidewalk,Garbage/Loose litter,1.0
2022UOF-1269-2902-29489,Level 2 - Use of Force,2022-11-10 06:29:00,5708,30362,White,Female,2022,11,22-00286392,2022-11-13 16:32:55,Closed,WEST,PIONEER SQUARE/INTERNATIONAL DISTRICT,7.0,98104.0,47.60026852,-122.33312521,Yes,No,No blockage,Bulky items,1.0
2022UOF-1269-2902-29489,Level 2 - Use of Force,2022-11-10 06:29:00,5708,30362,White,Female,2022,11,22-00279173,2022-11-03 10:39:12,Closed,NORTH,BALLARD,6.0,98107.0,47.66279835,-122.36895857,Yes,No,No blockage,Garbage/Loose litter,0.0
2022UOF-1269-2902-29489,Level 2 - Use of Force,2022-11-10 06:29:00,5708,30362,White,Female,2022,11,22-00297081,2022-11-30 09:26:08,Closed,WEST,CASCADE/EASTLAKE,7.0,98109.0,47.62529407,-122.34087697,Yes,Yes,Sidewalk,"Bulky items,Hazardous materials (e.g., propane tanks)",0.0
2022UOF-1269-2902-29489,Level 2 - Use of Force,2022-11-10 06:29:00,5708,30362,White,Female,2022,11,22-00294735,2022-11-26 14:09:33,Closed,NORTH,BALLARD,6.0,98107.0,47.66687409,-122.3683342,Yes,No,Other (please explain in the Description),Needles/Sharps,1.0
2022UOF-1269-2902-29489,Level 2 - Use of Force,2022-11-10 06:29:00,5708,30362,White,Female,2022,11,22-00286434,2022-11-13 18:41:55,Closed,EAST,JUDKINS PARK,3.0,98144.0,47.60107463,-122.31230389,Unknown,No,Sidewalk,Garbage/Loose litter,1.0
2022UOF-1269-2902-29489,Level 2 - Use of Force,2022-11-10 06:29:00,5708,30362,White,Female,2022,11,22-00297115,2022-11-30 09:48:20,Closed,SOUTHWEST,HIGHLAND PARK,1.0,98106.0,47.5299046,-122.34571308,Yes,Yes,No blockage,Garbage/Loose litter,0.0
2022UOF-1269-2902-29489,Level 2 - Use of Force,2022-11-10 06:29:00,5708,30362,White,Female,2022,11,22-00297122,2022-11-30 09:52:34,Closed,EAST,MADRONA/LESCHI,3.0,98144.0,47.598219,-122.29542039,Yes,Yes,No blockage,"Human waste,Bulky items,Garbage/Loose litter",0.0
2022UOF-1269-2902-29489,Level 2 - Use of Force,2022-11-10 06:29:00,5708,30362,White,Female,2022,11,22-00294815,2022-11-26 16:54:45,Closed,WEST,QUEEN ANNE,7.0,98109.0,47.64791975,-122.35417415,Yes,Yes,No blockage,Garbage/Loose litter,1.0
2022UOF-1269-2902-29489,Level 2 - Use of Force,2022-11-10 06:29:00,5708,30362,White,Female,2022,11,22-00286442,2022-11-13 19:04:05,Closed,NORTH,BALLARD,6.0,98107.0,47.66271155,-122.36760801,Yes,Yes,No blockage,Bulky items,1.0
2022UOF-1269-2902-29489,Level 2 - Use of Force,2022-11-10 06:29:00,5708,30362,White,Female,2022,11,22-00297123,2022-11-30 09:52:37,Closed,EAST,MADRONA/LESCHI,3.0,98144.0,47.59905598,-122.29638303,Yes,Yes,Sidewalk,"Human waste,Bulky items,Hazardous materials (e.g., propane tanks),Garbage/Loose litter",0.0
2022UOF-1269-2902-29489,Level 2 - Use of Force,2022-11-10 06:29:00,5708,30362,White,Female,2022,11,22-00286444,2022-11-13 19:18:11,Closed,EAST,CASCADE/EASTLAKE,3.0,98102.0,47.63286836,-122.32306038,Yes,Yes,"Sidewalk,Bike lane,Other (please explain in the Description)","Garbage/Loose litter,Hazardous materials (e.g., propane tanks),Bulky items",1.0
2022UOF-1269-2902-29489,Level 2 - Use of Force,2022-11-10 06:29:00,5708,30362,White,Female,2022,11,22-00294991,2022-11-27 08:48:05,Closed,WEST,CASCADE/EASTLAKE,4.0,98102.0,47.6324583,-122.32657841,Yes,Yes,No blockage,"Garbage/Loose litter,Needles/Sharps,Hazardous materials (e.g., propane tanks),Bulky items,Human waste",1.0
2022UOF-1269-2902-29489,Level 2 - Use of Force,2022-11-10 06:29:00,5708,30362,White,Female,2022,11,22-00295083,2022-11-27 11:27:17,Closed,SOUTHWEST,RIVERVIEW,1.0,98106.0,47.54347405,-122.35457683,Unknown,Unknown,No blockage,Human waste,1.0
2022UOF-1269-2902-29489,Level 2 - Use of Force,2022-11-10 06:29:00,5708,30362,White,Female,2022,11,22-00286480,2022-11-13 20:52:55,Closed,NORTH,NORTHGATE/MAPLE LEAF,5.0,98133.0,47.70975895,-122.33369779,Unknown,Yes,No blockage,Garbage/Loose litter,1.0
2022UOF-1269-2902-29489,Level 2 - Use of Force,2022-11-10 06:29:00,5708,30362,White,Female,2022,11,22-00295086,2022-11-27 11:29:16,Closed,SOUTHWEST,RIVERVIEW,1.0,98106.0,47.54347405,-122.35457683,Unknown,Unknown,Construction project,Human waste,1.0
2022UOF-1269-2902-29489,Level 2 - Use of Force,2022-11-10 06:29:00,5708,30362,White,Female,2022,11,22-00279642,2022-11-03 21:30:16,Closed,NORTH,BALLARD,6.0,98107.0,47.66579895,-122.38385166,Yes,No,Other (please explain in the Description),Garbage/Loose litter,0.0
2022UOF-1269-2902-29489,Level 2 - Use of Force,2022-11-10 06:29:00,5708,30362,White,Female,2022,11,22-00297587,2022-11-30 15:42:27,Closed,EAST,MONTLAKE/PORTAGE BAY,3.0,98112.0,47.62599344,-122.29494363,Yes,Unknown,Other (please explain in the Description),"Needles/Sharps,Hazardous materials (e.g., propane tanks),Garbage/Loose litter,Bulky items,Human waste,Other (please explain in the Description)",0.0
2022UOF-1269-2902-29489,Level 2 - Use of Force,2022-11-10 06:29:00,5708,30362,White,Female,2022,11,22-00286630,2022-11-14 08:43:14,Closed,WEST,CASCADE/EASTLAKE,7.0,98109.0,47.62529407,-122.34087697,Yes,No,Sidewalk,"Garbage/Loose litter,Needles/Sharps,Hazardous materials (e.g., propane tanks),Bulky items,Human waste",0.0
2022UOF-1269-2902-29489,Level 2 - Use of Force,2022-11-10 06:29:00,5708,30362,White,Female,2022,11,22-00295144,2022-11-27 13:02:00,Closed,SOUTHWEST,HIGHLAND PARK,1.0,98106.0,47.52628284,-122.34965626,Unknown,Yes,Other (please explain in the Description),Other (please explain in the Description),1.0
2022UOF-1269-2902-29489,Level 2 - Use of Force,2022-11-10 06:29:00,5708,30362,White,Female,2022,11,22-00286641,2022-11-14 08:59:21,Closed,WEST,CASCADE/EASTLAKE,7.0,98109.0,47.61842339,-122.35075119,Yes,No,Sidewalk,"Garbage/Loose litter,Bulky items",0.0
2022UOF-1269-2902-29489,Level 2 - Use of Force,2022-11-10 06:29:00,5708,30362,White,Female,2022,11,22-00280011,2022-11-04 10:54:19,Closed,WEST,CASCADE/EASTLAKE,4.0,98102.0,47.6324583,-122.32657841,Yes,White,Sidewalk,"Garbage/Loose litter,Needles/Sharps,Hazardous materials (e.g., propane tanks)",0.0
2022UOF-1269-2902-29489,Level 2 - Use of Force,2022-11-10 06:29:00,5708,30362,White,Female,2022,11,22-00286833,2022-11-14 11:44:37,Closed,NORTH,HALLER LAKE,5.0,98133.0,47.72656953,-122.34194067,Yes,Unknown,Sidewalk,Garbage/Loose litter,0.0
2022UOF-1269-2902-29489,Level 2 - Use of Force,2022-11-10 06:29:00,5708,30362,White,Female,2022,11,22-00295425,2022-11-28 08:23:26,Closed,NORTH,GREENWOOD/PHINNEY RIDGE,6.0,98117.0,47.69231206,-122.36623608,Unknown,White,Other (please explain in the Description),"Needles/Sharps,Garbage/Loose litter,Bulky items",0.0
2022UOF-1269-2902-29489,Level 2 - Use of Force,2022-11-10 06:29:00,5708,30362,White,Female,2022,11,22-00295474,2022-11-28 08:51:43,Closed,EAST,CAPITOL HILL,3.0,98122.0,47.61775471,-122.31735129,Yes,No,Sidewalk,"Garbage/Loose litter,Needles/Sharps,Bulky items,Human waste",0.0
2022UOF-1269-2902-29489,Level 2 - Use of Force,2022-11-10 06:29:00,5708,30362,White,Female,2022,11,22-00280144,2022-11-04 12:43:12,Closed,EAST,CAPITOL HILL,3.0,98122.0,47.61775471,-122.31735129,Yes,Unknown,Sidewalk,Garbage/Loose litter,0.0
2022UOF-1269-2902-29489,Level 2 - Use of Force,2022-11-10 06:29:00,5708,30362,White,Female,2022,11,22-00286847,2022-11-14 11:54:41,Closed,NORTH,HALLER LAKE,5.0,98133.0,47.72656953,-122.34194067,Yes,Unknown,Sidewalk,Garbage/Loose litter,0.0
2022UOF-1269-2902-29489,Level 2 - Use of Force,2022-11-10 06:29:00,5708,30362,White,Female,2022,11,22-00295546,2022-11-28 09:36:03,Closed,SOUTH,GEORGETOWN,2.0,98108.0,47.55515827,-122.33048704,Yes,Yes,No blockage,Garbage/Loose litter,0.0
2022UOF-1269-2902-29489,Level 2 - Use of Force,2022-11-10 06:29:00,5708,30362,White,Female,2022,11,22-00286854,2022-11-14 12:02:45,Closed,NORTH,FREMONT,6.0,98107.0,47.66309672,-122.36511507,Yes,Yes,"Sidewalk,Bike lane,Recreation amenity","Garbage/Loose litter,Hazardous materials (e.g., propane tanks),Bulky items",0.0
2022UOF-1269-2902-29489,Level 2 - Use of Force,2022-11-10 06:29:00,5708,30362,White,Female,2022,11,22-00295569,2022-11-28 09:54:14,Closed,NORTH,NORTHGATE/MAPLE LEAF,5.0,98125.0,47.70886102,-122.32215514,Yes,No,Entrance to business,Garbage/Loose litter,0.0
2022UOF-1269-2902-29489,Level 2 - Use of Force,2022-11-10 06:29:00,5708,30362,White,Female,2022,11,22-00286900,2022-11-14 12:41:02,Closed,NORTH,WHITTIER HEIGHTS,6.0,98107.0,47.67260728,-122.37549474,Unknown,No,"Sidewalk,Entrance to residence","Garbage/Loose litter,Needles/Sharps,Hazardous materials (e.g., propane tanks),Bulky items,Human waste",0.0
2022UOF-1269-2902-29489,Level 2 - Use of Force,2022-11-10 06:29:00,5708,30362,White,Female,2022,11,22-00286936,2022-11-14 13:07:16,Closed,NORTH,BALLARD,6.0,98107.0,47.66694476,-122.37702476,Yes,Unknown,Sidewalk,"Garbage/Loose litter,Needles/Sharps,Human waste",0.0
2022UOF-1269-2902-29489,Level 2 - Use of Force,2022-11-10 06:29:00,5708,30362,White,Female,2022,11,22-00287274,2022-11-14 17:37:19,Closed,SOUTH,GEORGETOWN,2.0,98108.0,47.55120816,-122.32199602,Yes,Unknown,Recreation amenity,"Garbage/Loose litter,Bulky items",0.0
2022UOF-1269-2902-29489,Level 2 - Use of Force,2022-11-10 06:29:00,5708,30362,White,Female,2022,11,22-00287334,2022-11-14 20:04:26,Closed,EAST,CASCADE/EASTLAKE,3.0,98102.0,47.6301709,-122.32461538,Unknown,White,No blockage,Garbage/Loose litter,0.0
2022UOF-1269-2902-29489,Level 2 - Use of Force,2022-11-10 06:29:00,5708,30362,White,Female,2022,11,22-00280183,2022-11-04 13:25:29,Closed,SOUTHWEST,NORTH DELRIDGE,1.0,98106.0,47.57057451,-122.35708353,Yes,Yes,Sidewalk,"Human waste,Bulky items,Hazardous materials (e.g., propane tanks),Garbage/Loose litter",0.0
2022UOF-1269-2902-29489,Level 2 - Use of Force,2022-11-10 06:29:00,5708,30362,White,Female,2022,11,22-00296160,2022-11-29 05:26:51,Closed,NORTH,WALLINGFORD,4.0,98105.0,47.65538967,-122.32400701,Yes,No,Recreation amenity,"Needles/Sharps,Human waste,Bulky items,Hazardous materials (e.g., propane tanks)",0.0
2022UOF-1269-2902-29489,Level 2 - Use of Force,2022-11-10 06:29:00,5708,30362,White,Female,2022,11,22-00287581,2022-11-15 09:48:48,Closed,WEST,QUEEN ANNE,7.0,98109.0,47.64834739,-122.35387992,Yes,Yes,Sidewalk,"Hazardous materials (e.g., propane tanks)",0.0
2022UOF-1269-2902-29489,Level 2 - Use of Force,2022-11-10 06:29:00,5708,30362,White,Female,2022,11,22-00296288,2022-11-29 09:22:56,Closed,WEST,CASCADE/EASTLAKE,7.0,98109.0,47.62529407,-122.34087697,Yes,No,Sidewalk,Bulky items,0.0
2022UOF-1269-2902-29489,Level 2 - Use of Force,2022-11-10 06:29:00,5708,30362,White,Female,2022,11,22-00287937,2022-11-15 14:24:50,Closed,NORTH,BALLARD,6.0,98107.0,47.66242749,-122.37682646,No,No,No blockage,Garbage/Loose litter,0.0
2022UOF-1269-2902-29489,Level 2 - Use of Force,2022-11-10 06:29:00,5708,30362,White,Female,2022,11,22-00288140,2022-11-15 17:06:07,Closed,SOUTHWEST,NORTH DELRIDGE,1.0,98126.0,47.55392142,-122.36971078,Yes,Yes,"Construction project,Recreation amenity,Sidewalk",Garbage/Loose litter,0.0
2022UOF-1269-2902-29489,Level 2 - Use of Force,2022-11-10 06:29:00,5708,30362,White,Female,2022,11,22-00288271,2022-11-16 00:11:31,Closed,WEST,PIONEER SQUARE/INTERNATIONAL DISTRICT,2.0,98104.0,47.59849799,-122.32677324,Yes,No,Entrance to business,Garbage/Loose litter,0.0
2022UOF-1269-2902-29489,Level 2 - Use of Force,2022-11-10 06:29:00,5708,30362,White,Female,2022,11,22-00280232,2022-11-04 14:08:54,Closed,SOUTHWEST,HIGHLAND PARK,1.0,98106.0,47.52269861,-122.35375755,Yes,Yes,Sidewalk,"Bulky items,Hazardous materials (e.g., propane tanks),Garbage/Loose litter",0.0
2022UOF-1269-2902-29489,Level 2 - Use of Force,2022-11-10 06:29:00,5708,30362,White,Female,2022,11,22-00296654,2022-11-29 15:11:05,Closed,WEST,DUWAMISH/SODO,2.0,98134.0,47.59523543,-122.33609388,Yes,No,"Sidewalk,Other (please explain in the Description)","Garbage/Loose litter,Other (please explain in the Description)",0.0
2022UOF-1269-2902-29489,Level 2 - Use of Force,2022-11-10 06:29:00,5708,30362,White,Female,2022,11,22-00280288,2022-11-04 14:49:15,Closed,NORTH,WALLINGFORD,4.0,98105.0,47.65667532,-122.3232114,Yes,Yes,Other (please explain in the Description),Other (please explain in the Description),0.0
2022UOF-1269-2902-29489,Level 2 - Use of Force,2022-11-10 06:29:00,5708,30362,White,Female,2022,11,22-00288420,2022-11-16 09:29:05,Closed,NORTH,FREMONT,6.0,98107.0,47.66300308,-122.36416613,Yes,Yes,Other (please explain in the Description),"Garbage/Loose litter,Hazardous materials (e.g., propane tanks),Human waste",0.0
2022UOF-1269-2902-29489,Level 2 - Use of Force,2022-11-10 06:29:00,5708,30362,White,Female,2022,11,22-00280386,2022-11-04 16:17:49,Closed,WEST,QUEEN ANNE,7.0,98109.0,47.64664759,-122.35035295,Yes,No,Construction project,Human waste,0.0
2022UOF-1269-2902-29489,Level 2 - Use of Force,2022-11-10 06:29:00,5708,30362,White,Female,2022,11,22-00288435,2022-11-16 09:35:11,Closed,WEST,CASCADE/EASTLAKE,7.0,98109.0,47.61842339,-122.35075119,Unknown,No,"Sidewalk,Recreation amenity","Bulky items,Garbage/Loose litter",0.0
2022UOF-1269-2902-29489,Level 2 - Use of Force,2022-11-10 06:29:00,5708,30362,White,Female,2022,11,22-00280453,2022-11-04 17:22:17,Closed,SOUTH,GEORGETOWN,2.0,98108.0,47.5529724,-122.32472155,Yes,Yes,Other (please explain in the Description),"Hazardous materials (e.g., propane tanks)",0.0
2022UOF-1269-2902-29489,Level 2 - Use of Force,2022-11-10 06:29:00,5708,30362,White,Female,2022,11,22-00296843,2022-11-29 21:20:11,Closed,NORTH,BALLARD,6.0,98107.0,47.66240507,-122.3666322,Yes,Yes,No blockage,"Garbage/Loose litter,Bulky items",0.0
2022UOF-1269-2902-29489,Level 2 - Use of Force,2022-11-10 06:29:00,5708,30362,White,Female,2022,11,22-00288614,2022-11-16 11:38:19,Closed,SOUTH,MT. BAKER/NORTH RAINIER,2.0,98144.0,47.5755547,-122.29631594,Yes,No,No blockage,Garbage/Loose litter,0.0
2022UOF-1269-2902-29489,Level 2 - Use of Force,2022-11-10 06:29:00,5708,30362,White,Female,2022,11,22-00296870,2022-11-30 00:49:02,Closed,EAST,CAPITOL HILL,3.0,98102.0,47.62120779,-122.3261889,Yes,No,No blockage,Garbage/Loose litter,0.0
2022UOF-1269-2902-29489,Level 2 - Use of Force,2022-11-10 06:29:00,5708,30362,White,Female,2022,11,22-00280528,2022-11-04 21:36:14,Closed,EAST,CAPITOL HILL,3.0,98122.0,47.61775471,-122.31735129,Yes,Unknown,"Sidewalk,Entrance to business","Garbage/Loose litter,Needles/Sharps",0.0
2022UOF-1269-2902-29489,Level 2 - Use of Force,2022-11-10 06:29:00,5708,30362,White,Female,2022,11,22-00280532,2022-11-04 22:08:28,Closed,EAST,CENTRAL AREA/SQUIRE PARK,3.0,98122.0,47.60931575,-122.29988026,Yes,Yes,Sidewalk,"Garbage/Loose litter,Bulky items,Hazardous materials (e.g., propane tanks)",0.0
2022UOF-1269-2902-29489,Level 2 - Use of Force,2022-11-10 06:29:00,5708,30362,White,Female,2022,11,22-00296919,2022-11-30 07:45:16,Closed,EAST,CAPITOL HILL,3.0,98102.0,47.62479695,-122.32232496,Yes,Unknown,Recreation amenity,Bulky items,0.0
2022UOF-1269-2902-29489,Level 2 - Use of Force,2022-11-10 06:29:00,5708,30362,White,Female,2022,11,22-00288863,2022-11-16 14:56:59,Closed,EAST,CAPITOL HILL,3.0,98122.0,47.61775471,-122.31735129,Yes,No,"Sidewalk,Entrance to business,Entrance to residence","Garbage/Loose litter,Needles/Sharps,Hazardous materials (e.g., propane tanks),Bulky items,Human waste",0.0
2022UOF-1269-2902-29489,Level 2 - Use of Force,2022-11-10 06:29:00,5708,30362,White,Female,2022,11,22-00288868,2022-11-16 15:00:57,Closed,NORTH,BALLARD,6.0,98107.0,47.66478672,-122.38006615,Yes,Yes,"Sidewalk,Other (please explain in the Description)","Hazardous materials (e.g., propane tanks)",0.0
2022UOF-1269-2902-29489,Level 2 - Use of Force,2022-11-10 06:29:00,5708,30362,White,Female,2022,11,22-00297201,2022-11-30 10:44:49,Closed,NORTH,HALLER LAKE,5.0,98133.0,47.72677602,-122.34308243,Yes,Unknown,Sidewalk,"Garbage/Loose litter,Needles/Sharps,Hazardous materials (e.g., propane tanks),Bulky items,Human waste,Other (please explain in the Description)",0.0
2022UOF-1269-2902-29489,Level 2 - Use of Force,2022-11-10 06:29:00,5708,30362,White,Female,2022,11,22-00280593,2022-11-05 08:39:18,Closed,WEST,BELLTOWN,7.0,98121.0,47.61371114,-122.34623628,Yes,No,Sidewalk,Garbage/Loose litter,1.0
2022UOF-1269-2902-29489,Level 2 - Use of Force,2022-11-10 06:29:00,5708,30362,White,Female,2022,11,22-00280673,2022-11-05 10:30:11,Closed,SOUTH,MT. BAKER/NORTH RAINIER,3.0,98144.0,47.58467616,-122.30249946,Yes,No,Entrance to business,"Hazardous materials (e.g., propane tanks)",1.0
2022UOF-1269-2902-29489,Level 2 - Use of Force,2022-11-10 06:29:00,5708,30362,White,Female,2022,11,22-00297577,2022-11-30 15:32:22,Closed,NORTH,GREENWOOD/PHINNEY RIDGE,6.0,98103.0,47.69229668,-122.35692033,Yes,No,Sidewalk,"Hazardous materials (e.g., propane tanks)",0.0
2022UOF-1269-2902-29489,Level 2 - Use of Force,2022-11-10 06:29:00,5708,30362,White,Female,2022,11,22-00280724,2022-11-05 11:42:42,Closed,EAST,CAPITOL HILL,3.0,98122.0,47.61772028,-122.31782129,Yes,No,Sidewalk,"Garbage/Loose litter,Needles/Sharps,Hazardous materials (e.g., propane tanks),Bulky items,Human waste,Other (please explain in the Description)",1.0
2022UOF-1269-2902-29489,Level 2 - Use of Force,2022-11-10 06:29:00,5708,30362,White,Female,2022,11,22-00297604,2022-11-30 15:52:33,Closed,EAST,MONTLAKE/PORTAGE BAY,3.0,98112.0,47.62588899,-122.29494621,Yes,Yes,Other (please explain in the Description),"Garbage/Loose litter,Needles/Sharps,Hazardous materials (e.g., propane tanks),Bulky items,Human waste",0.0
2022UOF-1269-2902-29489,Level 2 - Use of Force,2022-11-10 06:29:00,5708,30362,White,Female,2022,11,22-00297768,2022-11-30 17:59:36,Closed,EAST,MONTLAKE/PORTAGE BAY,3.0,98112.0,47.6259636,-122.29494437,Yes,Unknown,Other (please explain in the Description),"Human waste,Bulky items,Hazardous materials (e.g., propane tanks),Needles/Sharps,Garbage/Loose litter",0.0
2022UOF-1269-2902-29489,Level 2 - Use of Force,2022-11-10 06:29:00,5708,30362,White,Female,2022,11,22-00280870,2022-11-05 14:48:09,Closed,NORTH,CEDAR PARK/MEADOWBROOK,5.0,98125.0,47.71459275,-122.29129904,Yes,Yes,No blockage,Human waste,1.0
2022UOF-1269-2902-29489,Level 2 - Use of Force,2022-11-10 06:29:00,5708,30362,White,Female,2022,11,22-00280890,2022-11-05 15:22:22,Closed,WEST,DOWNTOWN COMMERCIAL CORE,7.0,98104.0,47.60318067,-122.33206196,Yes,No,Sidewalk,"Garbage/Loose litter,Needles/Sharps,Hazardous materials (e.g., propane tanks),Bulky items,Human waste",1.0
2022UOF-1269-2902-29489,Level 2 - Use of Force,2022-11-10 06:29:00,5708,30362,White,Female,2022,11,22-00280920,2022-11-05 16:02:41,Closed,NORTH,BALLARD,6.0,98107.0,47.66795293,-122.38736312,Yes,Unknown,Other (please explain in the Description),"Garbage/Loose litter,Needles/Sharps,Hazardous materials (e.g., propane tanks),Bulky items,Human waste",1.0
2022UOF-1269-2902-29489,Level 2 - Use of Force,2022-11-10 06:29:00,5708,30362,White,Female,2022,11,22-00288978,2022-11-16 16:35:45,Closed,NORTH,CEDAR PARK/MEADOWBROOK,5.0,98125.0,47.72108708,-122.29216989,Yes,Unknown,Sidewalk,Garbage/Loose litter,0.0
2022UOF-1269-2902-29489,Level 2 - Use of Force,2022-11-10 06:29:00,5708,30362,White,Female,2022,11,22-00280965,2022-11-05 17:13:14,Closed,NORTH,HALLER LAKE,5.0,98133.0,47.72083731,-122.33927885,Yes,No,No blockage,"Garbage/Loose litter,Bulky items",1.0
2022UOF-1269-2902-29489,Level 2 - Use of Force,2022-11-10 06:29:00,5708,30362,White,Female,2022,11,22-00281008,2022-11-05 19:48:26,Closed,EAST,CENTRAL AREA/SQUIRE PARK,3.0,98122.0,47.60931575,-122.29988026,Yes,Yes,Entrance to business,"Garbage/Loose litter,Bulky items",1.0
2022UOF-1269-2902-29489,Level 2 - Use of Force,2022-11-10 06:29:00,5708,30362,White,Female,2022,11,22-00289051,2022-11-16 18:12:37,Closed,NORTH,FREMONT,6.0,98107.0,47.66392089,-122.36423412,Yes,Yes,"Sidewalk,Entrance to residence","Garbage/Loose litter,Needles/Sharps,Hazardous materials (e.g., propane tanks),Bulky items",0.0
2022UOF-1269-2902-29489,Level 2 - Use of Force,2022-11-10 06:29:00,5708,30362,White,Female,2022,11,22-00281061,2022-11-06 01:35:03,Closed,NORTH,GREENWOOD/PHINNEY RIDGE,6.0,98117.0,47.69084508,-122.35832403,Unknown,No,Sidewalk,"Garbage/Loose litter,Bulky items",1.0
2022UOF-1269-2902-29489,Level 2 - Use of Force,2022-11-10 06:29:00,5708,30362,White,Female,2022,11,22-00281086,2022-11-06 08:28:12,Closed,WEST,CASCADE/EASTLAKE,4.0,98102.0,47.6324583,-122.32657841,Yes,Yes,"Sidewalk,Entrance to business","Garbage/Loose litter,Needles/Sharps,Hazardous materials (e.g., propane tanks),Bulky items,Human waste",1.0
2022UOF-1269-2902-29489,Level 2 - Use of Force,2022-11-10 06:29:00,5708,30362,White,Female,2022,11,22-00289312,2022-11-17 08:41:45,Closed,NORTH,WALLINGFORD,4.0,98105.0,47.66443952,-122.31971327,Yes,No,Recreation amenity,"Garbage/Loose litter,Bulky items,Human waste",0.0
2022UOF-1269-2902-29489,Level 2 - Use of Force,2022-11-10 06:29:00,5708,30362,White,Female,2022,11,22-00289314,2022-11-17 08:43:40,Closed,WEST,PIONEER SQUARE/INTERNATIONAL DISTRICT,7.0,98104.0,47.60121323,-122.33517866,Yes,Unknown,Sidewalk,Garbage/Loose litter,0.0
2022UOF-1269-2902-29489,Level 2 - Use of Force,2022-11-10 06:29:00,5708,30362,White,Female,2022,11,22-00281228,2022-11-06 11:59:49,Closed,EAST,CENTRAL AREA/SQUIRE PARK,3.0,98122.0,47.61711471,-122.31045294,Yes,Yes,"Sidewalk,Recreation amenity,Entrance to residence","Garbage/Loose litter,Hazardous materials (e.g., propane tanks),Bulky items,Other (please explain in the Description),Needles/Sharps,Human waste",1.0
2022UOF-1269-2902-29489,Level 2 - Use of Force,2022-11-10 06:29:00,5708,30362,White,Female,2022,11,22-00281438,2022-11-06 17:52:30,Closed,SOUTHWEST,SOUTH PARK,1.0,98108.0,47.52714811,-122.32420423,Unknown,Unknown,Sidewalk,"Garbage/Loose litter,Human waste,Bulky items",1.0
2022UOF-1269-2902-29489,Level 2 - Use of Force,2022-11-10 06:29:00,5708,30362,White,Female,2022,11,22-00289337,2022-11-17 09:03:57,Closed,NORTH,BALLARD,6.0,98107.0,47.66367111,-122.38002901,Yes,Yes,"Sidewalk,Entrance to business,Entrance to residence","Garbage/Loose litter,Needles/Sharps,Hazardous materials (e.g., propane tanks),Bulky items,Human waste",0.0
2022UOF-1269-2902-29489,Level 2 - Use of Force,2022-11-10 06:29:00,5708,30362,White,Female,2022,11,22-00281471,2022-11-06 19:13:07,Closed,SOUTHWEST,HIGHLAND PARK,1.0,98108.0,47.52060044,-122.33413285,Yes,Yes,No blockage,"Garbage/Loose litter,Hazardous materials (e.g., propane tanks),Human waste",1.0
2022UOF-1269-2902-29489,Level 2 - Use of Force,2022-11-10 06:29:00,5708,30362,White,Female,2022,11,22-00289400,2022-11-17 09:58:28,Closed,EAST,MILLER PARK,3.0,98112.0,47.62304094,-122.3124922,Yes,No,Sidewalk,Garbage/Loose litter,0.0
2022UOF-1269-2902-29489,Level 2 - Use of Force,2022-11-10 06:29:00,5708,30362,White,Female,2022,11,22-00281625,2022-11-07 08:21:07,Closed,WEST,QUEEN ANNE,7.0,98109.0,47.62551579,-122.34063597,Yes,No,"Sidewalk,Bike lane,Other (please explain in the Description)","Garbage/Loose litter,Bulky items",0.0
2022UOF-1269-2902-29489,Level 2 - Use of Force,2022-11-10 06:29:00,5708,30362,White,Female,2022,11,22-00281782,2022-11-07 09:53:48,Closed,WEST,QUEEN ANNE,7.0,98109.0,47.6248547,-122.35580914,Yes,No,Entrance to business,"Garbage/Loose litter,Needles/Sharps,Hazardous materials (e.g., propane tanks),Bulky items,Human waste",0.0
2022UOF-1269-2902-29489,Level 2 - Use of Force,2022-11-10 06:29:00,5708,30362,White,Female,2022,11,22-00289501,2022-11-17 11:17:07,Closed,SOUTH,DUWAMISH/SODO,2.0,98134.0,47.57298023,-122.33643772,Yes,Yes,Entrance to business,"Human waste,Bulky items,Hazardous materials (e.g., propane tanks),Needles/Sharps,Garbage/Loose litter",0.0
2022UOF-1269-2902-29489,Level 2 - Use of Force,2022-11-10 06:29:00,5708,30362,White,Female,2022,11,22-00281882,2022-11-07 10:56:22,Closed,EAST,CENTRAL AREA/SQUIRE PARK,3.0,98122.0,47.61702204,-122.30106626,Unknown,No,No blockage,Garbage/Loose litter,0.0
2022UOF-1269-2902-29489,Level 2 - Use of Force,2022-11-10 06:29:00,5708,30362,White,Female,2022,11,22-00289641,2022-11-17 13:14:23,Closed,SOUTHWEST,ROXHILL/WESTWOOD,1.0,98106.0,47.51771165,-122.35899553,Yes,Silver,No blockage,"Garbage/Loose litter,Bulky items",0.0
2022UOF-1269-2902-29489,Level 2 - Use of Force,2022-11-10 06:29:00,5708,30362,White,Female,2022,11,22-00281955,2022-11-07 11:52:45,Closed,SOUTHWEST,RIVERVIEW,1.0,98106.0,47.5353196,-122.35000887,Unknown,Yes,Recreation amenity,"Garbage/Loose litter,Other (please explain in the Description),Bulky items",0.0
2022UOF-1269-2902-29489,Level 2 - Use of Force,2022-11-10 06:29:00,5708,30362,White,Female,2022,11,22-00289951,2022-11-17 16:58:21,Closed,SOUTH,SOUTH BEACON HILL/NEWHOLLY,2.0,98118.0,47.54420787,-122.28662794,Yes,Yes,Other (please explain in the Description),Garbage/Loose litter,0.0
2022UOF-1269-2902-29489,Level 2 - Use of Force,2022-11-10 06:29:00,5708,30362,White,Female,2022,11,22-00289962,2022-11-17 17:30:29,Closed,NORTH,SUNSET HILL/LOYAL HEIGHTS,6.0,98107.0,47.66758019,-122.39376325,Yes,No,Other (please explain in the Description),"Bulky items,Garbage/Loose litter",0.0
2022UOF-1269-2902-29489,Level 2 - Use of Force,2022-11-10 06:29:00,5708,30362,White,Female,2022,11,22-00289961,2022-11-17 17:30:31,Closed,WEST,FIRST HILL,3.0,98104.0,47.60213925,-122.32726354,Yes,No,Sidewalk,"Garbage/Loose litter,Needles/Sharps",0.0
2022UOF-1269-2902-29489,Level 2 - Use of Force,2022-11-10 06:29:00,5708,30362,White,Female,2022,11,22-00289980,2022-11-17 18:43:03,Closed,SOUTHWEST,HIGH POINT,1.0,98126.0,47.54264758,-122.37485528,No,No,"Entrance to residence,Recreation amenity","Needles/Sharps,Human waste,Garbage/Loose litter",0.0
2022UOF-1269-2902-29489,Level 2 - Use of Force,2022-11-10 06:29:00,5708,30362,White,Female,2022,11,22-00289997,2022-11-17 19:29:25,Closed,EAST,MONTLAKE/PORTAGE BAY,3.0,98102.0,47.64755949,-122.32226356,Yes,No,"Sidewalk,Bike lane","Needles/Sharps,Garbage/Loose litter,Hazardous materials (e.g., propane tanks),Human waste",0.0
2022UOF-1269-2902-29489,Level 2 - Use of Force,2022-11-10 06:29:00,5708,30362,White,Female,2022,11,22-00290007,2022-11-17 20:17:49,Closed,NORTH,BALLARD,6.0,98107.0,47.6695958,-122.37306888,Unknown,No,"Bike lane,Other (please explain in the Description)","Garbage/Loose litter,Bulky items,Hazardous materials (e.g., propane tanks)",0.0
2022UOF-1269-2902-29489,Level 2 - Use of Force,2022-11-10 06:29:00,5708,30362,White,Female,2022,11,22-00290074,2022-11-18 06:31:06,Closed,NORTH,WALLINGFORD,4.0,98105.0,47.66393087,-122.31989299,Yes,Yes,"Recreation amenity,Other (please explain in the Description)",Garbage/Loose litter,0.0
2022UOF-1269-2902-29489,Level 2 - Use of Force,2022-11-10 06:29:00,5708,30362,White,Female,2022,11,22-00282134,2022-11-07 14:42:01,Closed,NORTH,GREEN LAKE,6.0,98103.0,47.68205183,-122.33103273,Unknown,No,No blockage,Garbage/Loose litter,0.0
2022UOF-1269-2902-29489,Level 2 - Use of Force,2022-11-10 06:29:00,5708,30362,White,Female,2022,11,22-00282157,2022-11-07 15:00:14,Closed,EAST,CASCADE/EASTLAKE,3.0,98102.0,47.63208095,-122.3239237,Yes,Yes,"Sidewalk,Bike lane,Recreation amenity,Entrance to residence","Hazardous materials (e.g., propane tanks),Garbage/Loose litter,Bulky items",0.0
2022UOF-1269-2902-29489,Level 2 - Use of Force,2022-11-10 06:29:00,5708,30362,White,Female,2022,11,22-00282302,2022-11-07 17:25:15,Closed,SOUTHWEST,HIGHLAND PARK,1.0,98106.0,47.5269407,-122.34775655,Yes,White,Sidewalk,"Garbage/Loose litter,Bulky items",0.0
2022UOF-1269-2902-29489,Level 2 - Use of Force,2022-11-10 06:29:00,5708,30362,White,Female,2022,11,22-00282361,2022-11-07 18:55:57,Closed,EAST,FIRST HILL,3.0,98104.0,47.60601331,-122.32793239,Yes,Yes,"Sidewalk,Entrance to business","Garbage/Loose litter,Hazardous materials (e.g., propane tanks)",0.0
2022UOF-1269-2902-29489,Level 2 - Use of Force,2022-11-10 06:29:00,5708,30362,White,Female,2022,11,22-00282364,2022-11-07 18:59:59,Closed,SOUTHWEST,ROXHILL/WESTWOOD,1.0,98126.0,47.52459351,-122.36763967,Unknown,Yes,Sidewalk,"Garbage/Loose litter,Human waste,Hazardous materials (e.g., propane tanks),Bulky items,Needles/Sharps",0.0
2022UOF-1269-2902-29489,Level 2 - Use of Force,2022-11-10 06:29:00,5708,30362,White,Female,2022,11,22-00282415,2022-11-07 20:44:47,Closed,SOUTHWEST,ROXHILL/WESTWOOD,1.0,98106.0,47.52488706,-122.36360286,Yes,Unknown,No blockage,"Garbage/Loose litter,Human waste",0.0
2022UOF-1269-2902-29489,Level 2 - Use of Force,2022-11-10 06:29:00,5708,30362,White,Female,2022,11,22-00282443,2022-11-07 22:37:39,Closed,SOUTHWEST,HIGH POINT,1.0,98126.0,47.55361346,-122.36606709,Yes,Yes,No blockage,Bulky items,0.0
2022UOF-1269-2902-29489,Level 2 - Use of Force,2022-11-10 06:29:00,5708,30362,White,Female,2022,11,22-00290420,2022-11-18 12:20:35,Closed,NORTH,OLYMPIC HILLS/VICTORY HEIGHTS,5.0,98125.0,47.72957874,-122.31321081,Yes,Unknown,Recreation amenity,"Garbage/Loose litter,Needles/Sharps,Hazardous materials (e.g., propane tanks),Bulky items",0.0
2022UOF-1269-2902-29489,Level 2 - Use of Force,2022-11-10 06:29:00,5708,30362,White,Female,2022,11,22-00282655,2022-11-08 09:36:42,Closed,NORTH,RAVENNA/BRYANT,4.0,98105.0,47.66630514,-122.28240567,Yes,No,No blockage,"Garbage/Loose litter,Human waste",0.0
2022UOF-1269-2902-29489,Level 2 - Use of Force,2022-11-10 06:29:00,5708,30362,White,Female,2022,11,22-00290444,2022-11-18 12:38:45,Closed,SOUTHWEST,NORTH DELRIDGE,1.0,98106.0,47.57058294,-122.3562575,Unknown,Yes,Sidewalk,Garbage/Loose litter,0.0
2022UOF-1269-2902-29489,Level 2 - Use of Force,2022-11-10 06:29:00,5708,30362,White,Female,2022,11,22-00282713,2022-11-08 10:10:59,Closed,NORTH,BALLARD,6.0,98107.0,47.66327219,-122.37439087,Yes,Yes,"Sidewalk,Entrance to business","Garbage/Loose litter,Needles/Sharps,Hazardous materials (e.g., propane tanks),Human waste,Bulky items",0.0
2022UOF-1269-2902-29489,Level 2 - Use of Force,2022-11-10 06:29:00,5708,30362,White,Female,2022,11,22-00290558,2022-11-18 14:23:41,Closed,SOUTHWEST,HIGHLAND PARK,1.0,98108.0,47.52010883,-122.33384272,Yes,Yes,Sidewalk,Garbage/Loose litter,0.0
2022UOF-1269-2902-29489,Level 2 - Use of Force,2022-11-10 06:29:00,5708,30362,White,Female,2022,11,22-00282861,2022-11-08 11:48:47,Closed,WEST,CASCADE/EASTLAKE,3.0,98109.0,47.62594857,-122.32916295,Yes,No,Other (please explain in the Description),"Garbage/Loose litter,Bulky items",0.0
2022UOF-1269-2902-29489,Level 2 - Use of Force,2022-11-10 06:29:00,5708,30362,White,Female,2022,11,22-00282865,2022-11-08 11:52:45,Closed,NORTH,RAVENNA/BRYANT,4.0,98105.0,47.66339786,-122.2936541,Unknown,Yes,Sidewalk,Other (please explain in the Description),0.0
2022UOF-1269-2902-29489,Level 2 - Use of Force,2022-11-10 06:29:00,5708,30362,White,Female,2022,11,22-00290665,2022-11-18 15:50:27,Closed,EAST,MONTLAKE/PORTAGE BAY,3.0,98112.0,47.62591883,-122.29494547,No,No,"Recreation amenity,Other (please explain in the Description)","Garbage/Loose litter,Bulky items",0.0
2022UOF-1269-2902-29489,Level 2 - Use of Force,2022-11-10 06:29:00,5708,30362,White,Female,2022,11,22-00282882,2022-11-08 12:05:00,Closed,NORTH,BALLARD,6.0,98107.0,47.66395556,-122.37928076,Yes,Yes,"Sidewalk,Bike lane,Entrance to business","Garbage/Loose litter,Needles/Sharps,Hazardous materials (e.g., propane tanks),Bulky items,Human waste",0.0
2022UOF-1269-2902-29489,Level 2 - Use of Force,2022-11-10 06:29:00,5708,30362,White,Female,2022,11,22-00290684,2022-11-18 16:02:33,Closed,SOUTHWEST,NORTH DELRIDGE,1.0,98126.0,47.57630759,-122.37171613,Yes,Yes,"Bike lane,Sidewalk,Recreation amenity","Garbage/Loose litter,Bulky items,Human waste",0.0
2022UOF-1269-2902-29489,Level 2 - Use of Force,2022-11-10 06:29:00,5708,30362,White,Female,2022,11,22-00282984,2022-11-08 13:33:31,Closed,SOUTH,GEORGETOWN,2.0,98108.0,47.55421689,-122.32524708,Unknown,Yes,"Entrance to business,Sidewalk",Garbage/Loose litter,0.0
2022UOF-1269-2902-29489,Level 2 - Use of Force,2022-11-10 06:29:00,5708,30362,White,Female,2022,11,22-00290770,2022-11-18 19:14:11,Closed,NORTH,LAURELHURST/SAND POINT,4.0,98115.0,47.68840382,-122.26578928,Yes,Yes,No blockage,Bulky items,0.0
2022UOF-1269-2902-29489,Level 2 - Use of Force,2022-11-10 06:29:00,5708,30362,White,Female,2022,11,22-00290791,2022-11-18 21:05:08,Closed,NORTH,NORTH BEACH/BLUE RIDGE,6.0,98117.0,47.69987171,-122.36622724,Yes,Yes,Sidewalk,"Garbage/Loose litter,Bulky items",0.0
2022UOF-1269-2902-29489,Level 2 - Use of Force,2022-11-10 06:29:00,5708,30362,White,Female,2022,11,22-00290795,2022-11-18 21:35:24,Closed,SOUTH,GEORGETOWN,2.0,98108.0,47.54730061,-122.31480195,Yes,Yes,Entrance to business,"Hazardous materials (e.g., propane tanks),Human waste,Bulky items,Garbage/Loose litter",0.0
2022UOF-1269-2902-29489,Level 2 - Use of Force,2022-11-10 06:29:00,5708,30362,White,Female,2022,11,22-00283190,2022-11-08 15:06:14,Closed,NORTH,FREMONT,6.0,98107.0,47.66312572,-122.36423589,Yes,Yes,Sidewalk,Garbage/Loose litter,0.0
2022UOF-1269-2902-29489,Level 2 - Use of Force,2022-11-10 06:29:00,5708,30362,White,Female,2022,11,22-00290824,2022-11-19 04:46:03,Closed,WEST,QUEEN ANNE,7.0,98109.0,47.64834739,-122.35387992,Yes,Yes,No blockage,"Garbage/Loose litter,Hazardous materials (e.g., propane tanks),Human waste",1.0
2022UOF-1269-2902-29489,Level 2 - Use of Force,2022-11-10 06:29:00,5708,30362,White,Female,2022,11,22-00283206,2022-11-08 15:20:20,Closed,SOUTH,COLUMBIA CITY,2.0,98118.0,47.5620668,-122.2901292,No,No,No blockage,Needles/Sharps,0.0
2022UOF-1269-2902-29489,Level 2 - Use of Force,2022-11-10 06:29:00,5708,30362,White,Female,2022,11,22-00283209,2022-11-08 15:24:26,Closed,WEST,BELLTOWN,7.0,98121.0,47.61283403,-122.3439226,Yes,No,Sidewalk,"Needles/Sharps,Hazardous materials (e.g., propane tanks),Garbage/Loose litter",0.0
2022UOF-1269-2902-29489,Level 2 - Use of Force,2022-11-10 06:29:00,5708,30362,White,Female,2022,11,22-00291034,2022-11-19 13:16:32,Closed,NORTH,WALLINGFORD,4.0,98105.0,47.65755342,-122.32325036,Unknown,No,No blockage,Garbage/Loose litter,1.0
2022UOF-1269-2902-29489,Level 2 - Use of Force,2022-11-10 06:29:00,5708,30362,White,Female,2022,11,22-00283387,2022-11-08 19:22:11,Closed,WEST,INTERBAY,7.0,98119.0,47.62960318,-122.37164251,Yes,Yes,Other (please explain in the Description),"Garbage/Loose litter,Hazardous materials (e.g., propane tanks),Bulky items,Other (please explain in the Description)",0.0
2022UOF-1269-2902-29489,Level 2 - Use of Force,2022-11-10 06:29:00,5708,30362,White,Female,2022,11,22-00291235,2022-11-20 08:55:50,Closed,WEST,INTERBAY,7.0,98119.0,47.64024794,-122.37661774,Yes,No,No blockage,Garbage/Loose litter,1.0
2022UOF-1269-2902-29489,Level 2 - Use of Force,2022-11-10 06:29:00,5708,30362,White,Female,2022,11,22-00283437,2022-11-09 00:50:43,Closed,WEST,CASCADE/EASTLAKE,7.0,98109.0,47.62529407,-122.34087697,Yes,No,Sidewalk,"Garbage/Loose litter,Hazardous materials (e.g., propane tanks),Bulky items,Human waste",0.0
2022UOF-1269-2902-29489,Level 2 - Use of Force,2022-11-10 06:29:00,5708,30362,White,Female,2022,11,22-00291238,2022-11-20 09:01:57,Closed,EAST,NORTH BEACON HILL/JEFFERSON PARK,3.0,98144.0,47.59513055,-122.31192842,Unknown,No,No blockage,Bulky items,1.0
2022UOF-1269-2902-29489,Level 2 - Use of Force,2022-11-10 06:29:00,5708,30362,White,Female,2022,11,22-00291281,2022-11-20 10:37:14,Closed,WEST,MAGNOLIA,7.0,98199.0,47.64172699,-122.40023456,Yes,No,No blockage,Bulky items,1.0
2022UOF-1269-2902-29489,Level 2 - Use of Force,2022-11-10 06:29:00,5708,30362,White,Female,2022,11,22-00283483,2022-11-09 07:29:46,Closed,EAST,CENTRAL AREA/SQUIRE PARK,3.0,98122.0,47.60988787,-122.30467856,Yes,Yes,Sidewalk,"Garbage/Loose litter,Hazardous materials (e.g., propane tanks)",0.0
2022UOF-1269-2902-29489,Level 2 - Use of Force,2022-11-10 06:29:00,5708,30362,White,Female,2022,11,22-00291313,2022-11-20 11:37:41,Closed,EAST,CAPITOL HILL,3.0,98122.0,47.61775471,-122.31735129,Yes,No,"Sidewalk,Entrance to business,Entrance to residence","Garbage/Loose litter,Needles/Sharps,Hazardous materials (e.g., propane tanks),Bulky items,Human waste",1.0
2022UOF-1269-2902-29489,Level 2 - Use of Force,2022-11-10 06:29:00,5708,30362,White,Female,2022,11,22-00283504,2022-11-09 08:00:00,Closed,EAST,CASCADE/EASTLAKE,3.0,98102.0,47.63239348,-122.32256066,Yes,Yes,"Sidewalk,Bike lane,Recreation amenity","Garbage/Loose litter,Hazardous materials (e.g., propane tanks),Bulky items",0.0
2022UOF-1269-2902-29489,Level 2 - Use of Force,2022-11-10 06:29:00,5708,30362,White,Female,2022,11,22-00291333,2022-11-20 12:09:55,Closed,SOUTH,SEWARD PARK,2.0,98118.0,47.54963526,-122.25627348,No,Yes,"No blockage,Other (please explain in the Description)","Garbage/Loose litter,Bulky items",1.0
2022UOF-1269-2902-29489,Level 2 - Use of Force,2022-11-10 06:29:00,5708,30362,White,Female,2022,11,22-00291416,2022-11-20 14:59:18,Closed,WEST,QUEEN ANNE,7.0,98119.0,47.65159201,-122.36024061,Yes,No,Recreation amenity,"Hazardous materials (e.g., propane tanks),Bulky items",1.0
2022UOF-1269-2902-29489,Level 2 - Use of Force,2022-11-10 06:29:00,5708,30362,White,Female,2022,11,22-00291445,2022-11-20 15:35:31,Closed,SOUTH,NORTH BEACON HILL/JEFFERSON PARK,3.0,98144.0,47.58944233,-122.30341986,Yes,No,"Recreation amenity,Other (please explain in the Description)",Garbage/Loose litter,1.0
2022UOF-1269-2902-29489,Level 2 - Use of Force,2022-11-10 06:29:00,5708,30362,White,Female,2022,11,22-00291461,2022-11-20 16:24:01,Closed,WEST,QUEEN ANNE,7.0,98109.0,47.62560217,-122.34865199,Yes,No,"Sidewalk,Recreation amenity,Other (please explain in the Description)","Garbage/Loose litter,Needles/Sharps,Hazardous materials (e.g., propane tanks),Bulky items,Human waste",1.0
2022UOF-1269-2902-29489,Level 2 - Use of Force,2022-11-10 06:29:00,5708,30362,White,Female,2022,11,22-00291493,2022-11-20 18:51:22,Closed,NORTH,WHITTIER HEIGHTS,6.0,98117.0,47.68859202,-122.37974133,Yes,No,Entrance to residence,Needles/Sharps,1.0
2022UOF-1269-2902-29489,Level 2 - Use of Force,2022-11-10 06:29:00,5708,30362,White,Female,2022,11,22-00284081,2022-11-09 15:50:35,Closed,EAST,CAPITOL HILL,3.0,98122.0,47.61775471,-122.31735129,Yes,No,Other (please explain in the Description),Garbage/Loose litter,0.0
2022UOF-1269-2902-29489,Level 2 - Use of Force,2022-11-10 06:29:00,5708,30362,White,Female,2022,11,22-00284208,2022-11-09 17:49:32,Closed,NORTH,OLYMPIC HILLS/VICTORY HEIGHTS,5.0,98125.0,47.71805154,-122.3116727,Yes,Yes,Sidewalk,"Garbage/Loose litter,Needles/Sharps",0.0
2022UOF-1269-2902-29489,Level 2 - Use of Force,2022-11-10 06:29:00,5708,30362,White,Female,2022,11,22-00291662,2022-11-21 08:16:38,Closed,NORTH,BROADVIEW/BITTER LAKE,5.0,98133.0,47.72173071,-122.34715955,Yes,Yes,Sidewalk,"Garbage/Loose litter,Other (please explain in the Description)",0.0
2022UOF-1269-2902-29489,Level 2 - Use of Force,2022-11-10 06:29:00,5708,30362,White,Female,2022,11,22-00284220,2022-11-09 18:33:50,Closed,NORTH,FREMONT,6.0,98107.0,47.66312572,-122.36423589,Yes,Yes,Sidewalk,Garbage/Loose litter,0.0
2022UOF-1269-2902-29489,Level 2 - Use of Force,2022-11-10 06:29:00,5708,30362,White,Female,2022,11,22-00284442,2022-11-10 09:08:32,Closed,WEST,QUEEN ANNE,7.0,98109.0,47.6248547,-122.35580914,Yes,Unknown,"Sidewalk,Bike lane,Recreation amenity,Construction project,Other (please explain in the Description)","Garbage/Loose litter,Needles/Sharps,Hazardous materials (e.g., propane tanks),Bulky items,Human waste,Other (please explain in the Description)",0.0
2022UOF-1269-2902-29489,Level 2 - Use of Force,2022-11-10 06:29:00,5708,30362,White,Female,2022,11,22-00284571,2022-11-10 10:53:21,Closed,NORTH,UNIVERSITY DISTRICT,4.0,98115.0,47.67340801,-122.31179218,No,Unknown,Recreation amenity,Bulky items,0.0
2022UOF-1269-2902-29489,Level 2 - Use of Force,2022-11-10 06:29:00,5708,30362,White,Female,2022,11,22-00291766,2022-11-21 09:37:20,Closed,NORTH,BROADVIEW/BITTER LAKE,5.0,98133.0,47.72124379,-122.34924252,Yes,Yes,Sidewalk,"Garbage/Loose litter,Needles/Sharps,Hazardous materials (e.g., propane tanks),Other (please explain in the Description)",0.0
2022UOF-1269-2902-29489,Level 2 - Use of Force,2022-11-10 06:29:00,5708,30362,White,Female,2022,11,22-00284688,2022-11-10 12:28:05,Closed,NORTH,GREENWOOD/PHINNEY RIDGE,6.0,98117.0,47.69113363,-122.36085138,Yes,Blue,Sidewalk,"Human waste,Needles/Sharps,Garbage/Loose litter,Bulky items,Hazardous materials (e.g., propane tanks)",0.0
2022UOF-1269-2902-29489,Level 2 - Use of Force,2022-11-10 06:29:00,5708,30362,White,Female,2022,11,22-00291837,2022-11-21 10:29:51,Closed,NORTH,BROADVIEW/BITTER LAKE,5.0,98133.0,47.72175431,-122.34798127,Yes,Yes,Sidewalk,"Garbage/Loose litter,Needles/Sharps,Bulky items,Human waste",0.0
2022UOF-1269-2902-29489,Level 2 - Use of Force,2022-11-10 06:29:00,5708,30362,White,Female,2022,11,22-00291879,2022-11-21 10:54:10,Closed,EAST,CAPITOL HILL,3.0,98122.0,47.61742538,-122.3166485,Unknown,No,No blockage,Bulky items,0.0
2022UOF-1269-2902-29489,Level 2 - Use of Force,2022-11-10 06:29:00,5708,30362,White,Female,2022,11,22-00285001,2022-11-10 17:36:31,Closed,SOUTHWEST,NORTH DELRIDGE,1.0,98126.0,47.56099124,-122.37566014,Yes,No,No blockage,Garbage/Loose litter,0.0
2022UOF-1269-2902-29489,Level 2 - Use of Force,2022-11-10 06:29:00,5708,30362,White,Female,2022,11,22-00285059,2022-11-10 21:08:01,Closed,WEST,CASCADE/EASTLAKE,7.0,98109.0,47.62529407,-122.34087697,Yes,Yes,Sidewalk,"Garbage/Loose litter,Bulky items,Human waste",0.0
2022UOF-1269-2902-29489,Level 2 - Use of Force,2022-11-10 06:29:00,5708,30362,White,Female,2022,11,22-00285064,2022-11-10 21:24:08,Closed,WEST,CASCADE/EASTLAKE,4.0,98102.0,47.6324583,-122.32657841,Yes,Yes,Other (please explain in the Description),"Garbage/Loose litter,Hazardous materials (e.g., propane tanks),Bulky items,Human waste",0.0
2022UOF-1269-2902-29489,Level 2 - Use of Force,2022-11-10 06:29:00,5708,30362,White,Female,2022,11,22-00292116,2022-11-21 13:41:39,Closed,WEST,QUEEN ANNE,7.0,98109.0,47.63878014,-122.34499005,Yes,No,Other (please explain in the Description),"Human waste,Needles/Sharps,Garbage/Loose litter,Bulky items",0.0
2022UOF-1269-2902-29489,Level 2 - Use of Force,2022-11-10 06:29:00,5708,30362,White,Female,2022,11,22-00292132,2022-11-21 13:57:50,Closed,NORTH,BALLARD,6.0,98107.0,47.67209134,-122.37585004,Yes,No,Sidewalk,Garbage/Loose litter,0.0
2022UOF-1269-2902-29489,Level 2 - Use of Force,2022-11-10 06:29:00,5708,30362,White,Female,2022,11,22-00285125,2022-11-11 07:14:39,Closed,NORTH,NORTHGATE/MAPLE LEAF,5.0,98125.0,47.7105433,-122.32367125,Yes,No,No blockage,"Needles/Sharps,Human waste,Garbage/Loose litter,Other (please explain in the Description)",0.0
2022UOF-1269-2902-29489,Level 2 - Use of Force,2022-11-10 06:29:00,5708,30362,White,Female,2022,11,22-00292141,2022-11-21 14:03:54,Closed,SOUTHWEST,NORTH DELRIDGE,1.0,98126.0,47.55716775,-122.37580702,Unknown,No,No blockage,Garbage/Loose litter,0.0
2022UOF-1269-2902-29489,Level 2 - Use of Force,2022-11-10 06:29:00,5708,30362,White,Female,2022,11,22-00285208,2022-11-11 09:37:47,Closed,NORTH,NORTH BEACH/BLUE RIDGE,6.0,98117.0,47.69987171,-122.36622724,Yes,Yes,"Sidewalk,Bike lane,Other (please explain in the Description)","Garbage/Loose litter,Hazardous materials (e.g., propane tanks),Bulky items,Human waste",0.0
2022UOF-1269-2902-29489,Level 2 - Use of Force,2022-11-10 06:29:00,5708,30362,White,Female,2022,11,22-00292377,2022-11-21 16:55:20,Closed,NORTH,BROADVIEW/BITTER LAKE,5.0,98133.0,47.72161057,-122.34866605,Yes,No,Recreation amenity,Garbage/Loose litter,0.0
2022UOF-1269-2902-29489,Level 2 - Use of Force,2022-11-10 06:29:00,5708,30362,White,Female,2022,11,22-00285251,2022-11-11 10:36:15,Closed,SOUTH,DUWAMISH/SODO,2.0,98134.0,47.58580097,-122.32310664,Yes,Yes,Other (please explain in the Description),Garbage/Loose litter,0.0
2022UOF-1269-2902-29489,Level 2 - Use of Force,2022-11-10 06:29:00,5708,30362,White,Female,2022,11,22-00292414,2022-11-21 18:01:51,Closed,SOUTHWEST,RIVERVIEW,1.0,98106.0,47.54675747,-122.3553076,No,Yes,"Sidewalk,Bike lane","Garbage/Loose litter,Bulky items",0.0
2022UOF-1269-2902-29489,Level 2 - Use of Force,2022-11-10 06:29:00,5708,30362,White,Female,2022,11,22-00292450,2022-11-21 19:26:38,Closed,EAST,CAPITOL HILL,3.0,98122.0,47.61775471,-122.31735129,Yes,No,Sidewalk,"Garbage/Loose litter,Bulky items,Other (please explain in the Description)",0.0
2022UOF-1269-2902-29489,Level 2 - Use of Force,2022-11-10 06:29:00,5708,30362,White,Female,2022,11,22-00285482,2022-11-11 21:23:08,Closed,EAST,CAPITOL HILL,3.0,98122.0,47.61775471,-122.31735129,Yes,No,Sidewalk,"Garbage/Loose litter,Bulky items",0.0
2022UOF-1269-2902-29489,Level 2 - Use of Force,2022-11-10 06:29:00,5708,30362,White,Female,2022,11,22-00292465,2022-11-21 20:19:01,Closed,EAST,CENTRAL AREA/SQUIRE PARK,3.0,98122.0,47.61671048,-122.31026968,Yes,Unknown,Sidewalk,"Garbage/Loose litter,Needles/Sharps",0.0
2022UOF-1269-2902-29489,Level 2 - Use of Force,2022-11-10 06:29:00,5708,30362,White,Female,2022,11,22-00285490,2022-11-12 04:10:15,Closed,SOUTHWEST,NORTH DELRIDGE,1.0,98126.0,47.56099124,-122.37566014,Yes,No,Recreation amenity,Garbage/Loose litter,1.0
2022UOF-1269-2902-29489,Level 2 - Use of Force,2022-11-10 06:29:00,5708,30362,White,Female,2022,11,22-00292512,2022-11-22 06:00:25,Closed,SOUTHWEST,ROXHILL/WESTWOOD,1.0,98126.0,47.52459568,-122.36680512,Unknown,Yes,"Sidewalk,Entrance to business","Garbage/Loose litter,Hazardous materials (e.g., propane tanks),Bulky items,Human waste",0.0
2022UOF-1269-2902-29489,Level 2 - Use of Force,2022-11-10 06:29:00,5708,30362,White,Female,2022,11,22-00292726,2022-11-22 10:13:03,Closed,SOUTH,SOUTH BEACON HILL/NEWHOLLY,2.0,98118.0,47.52689521,-122.28115553,Yes,Yes,"Other (please explain in the Description),Recreation amenity","Garbage/Loose litter,Bulky items",0.0
2022UOF-1269-2902-29489,Level 2 - Use of Force,2022-11-10 06:29:00,5708,30362,White,Female,2022,11,22-00293002,2022-11-22 13:49:03,Closed,NORTH,OLYMPIC HILLS/VICTORY HEIGHTS,5.0,98125.0,47.72957874,-122.31321081,Yes,No,No blockage,"Garbage/Loose litter,Needles/Sharps,Hazardous materials (e.g., propane tanks),Bulky items,Human waste",0.0
2022UOF-1269-2902-29489,Level 2 - Use of Force,2022-11-10 06:29:00,5708,30362,White,Female,2022,11,22-00285830,2022-11-12 13:12:05,Closed,WEST,QUEEN ANNE,7.0,98109.0,47.62528352,-122.3556621,Yes,No,Sidewalk,"Garbage/Loose litter,Human waste,Other (please explain in the Description)",1.0
2022UOF-1269-2902-29489,Level 2 - Use of Force,2022-11-10 06:29:00,5708,30362,White,Female,2022,11,22-00293184,2022-11-22 15:54:12,Closed,NORTH,CEDAR PARK/MEADOWBROOK,5.0,98125.0,47.72108708,-122.29216989,Yes,Yes,"Sidewalk,Construction project,Entrance to business,Entrance to residence","Garbage/Loose litter,Bulky items",0.0
2022UOF-1269-2902-29489,Level 2 - Use of Force,2022-11-10 06:29:00,5708,30362,White,Female,2022,11,22-00285934,2022-11-12 16:15:48,Closed,NORTH,BALLARD,6.0,98107.0,47.66264292,-122.37182429,Unknown,Yes,"Sidewalk,Entrance to business,Entrance to residence,Other (please explain in the Description)","Garbage/Loose litter,Hazardous materials (e.g., propane tanks),Bulky items,Other (please explain in the Description)",1.0
2022UOF-1269-2902-29489,Level 2 - Use of Force,2022-11-10 06:29:00,5708,30362,White,Female,2022,11,22-00285944,2022-11-12 16:33:56,Closed,WEST,PIONEER SQUARE/INTERNATIONAL DISTRICT,7.0,98104.0,47.59998283,-122.33327273,Yes,No,"Recreation amenity,Sidewalk","Garbage/Loose litter,Needles/Sharps,Hazardous materials (e.g., propane tanks),Human waste",1.0
2022UOF-1269-2902-29489,Level 2 - Use of Force,2022-11-10 06:29:00,5708,30362,White,Female,2022,11,22-00293311,2022-11-22 20:48:33,Closed,EAST,MILLER PARK,3.0,98112.0,47.62262645,-122.31242513,Yes,No,Sidewalk,"Garbage/Loose litter,Human waste,Other (please explain in the Description)",0.0
2022UOF-1269-2902-29489,Level 2 - Use of Force,2022-11-10 06:29:00,5708,30362,White,Female,2022,11,22-00285967,2022-11-12 17:52:34,Closed,SOUTHWEST,RIVERVIEW,1.0,98106.0,47.53896273,-122.34702342,Unknown,Yes,Recreation amenity,"Garbage/Loose litter,Hazardous materials (e.g., propane tanks),Human waste,Needles/Sharps,Bulky items",1.0
2022UOF-1269-2902-29489,Level 2 - Use of Force,2022-11-10 06:29:00,5708,30362,White,Female,2022,11,22-00293349,2022-11-23 05:49:43,Closed,NORTH,BALLARD,6.0,98107.0,47.66325434,-122.36954557,Yes,Yes,Other (please explain in the Description),"Garbage/Loose litter,Needles/Sharps,Hazardous materials (e.g., propane tanks),Bulky items,Human waste",0.0
2022UOF-1269-2902-29489,Level 2 - Use of Force,2022-11-10 06:29:00,5708,30362,White,Female,2022,11,22-00293396,2022-11-23 08:23:04,Closed,NORTH,GREEN LAKE,6.0,98115.0,47.67902871,-122.32411719,Yes,Unknown,"Entrance to residence,Entrance to business,Other (please explain in the Description)","Garbage/Loose litter,Needles/Sharps,Hazardous materials (e.g., propane tanks),Bulky items,Human waste",0.0
2022UOF-1269-2902-29489,Level 2 - Use of Force,2022-11-10 06:29:00,5708,30362,White,Female,2022,11,22-00286089,2022-11-13 09:21:39,Closed,EAST,MADRONA/LESCHI,3.0,98144.0,47.59544383,-122.29562981,Yes,Yes,No blockage,"Garbage/Loose litter,Hazardous materials (e.g., propane tanks),Bulky items",1.0
2022UOF-1269-2902-29489,Level 2 - Use of Force,2022-11-10 06:29:00,5708,30362,White,Female,2022,11,22-00293408,2022-11-23 08:39:15,Closed,WEST,INTERBAY,7.0,98119.0,47.64024794,-122.37661774,Yes,Yes,Sidewalk,"Garbage/Loose litter,Bulky items",0.0
2022UOF-1269-2902-29489,Level 2 - Use of Force,2022-11-10 06:29:00,5708,30362,White,Female,2022,11,22-00286420,2022-11-13 17:55:36,Closed,NORTH,GREEN LAKE,4.0,98115.0,47.6767907,-122.31766979,Unknown,No,Sidewalk,"Garbage/Loose litter,Needles/Sharps,Bulky items",1.0
2022UOF-1269-2902-29489,Level 2 - Use of Force,2022-11-10 06:29:00,5708,30362,White,Female,2022,11,22-00293421,2022-11-23 08:55:20,Closed,WEST,DOWNTOWN COMMERCIAL CORE,7.0,98101.0,47.61020377,-122.34378549,Yes,No,Sidewalk,Garbage/Loose litter,0.0
2022UOF-1269-2902-29489,Level 2 - Use of Force,2022-11-10 06:29:00,5708,30362,White,Female,2022,11,22-00286437,2022-11-13 18:54:00,Closed,NORTH,FREMONT,6.0,98107.0,47.66300308,-122.36416613,Yes,Yes,Sidewalk,Garbage/Loose litter,1.0
2022UOF-1269-2902-29489,Level 2 - Use of Force,2022-11-10 06:29:00,5708,30362,White,Female,2022,11,22-00293629,2022-11-23 11:14:41,Closed,NORTH,BALLARD,6.0,98107.0,47.66271155,-122.36760801,Yes,No,No blockage,Garbage/Loose litter,0.0
2022UOF-1269-2902-29489,Level 2 - Use of Force,2022-11-10 06:29:00,5708,30362,White,Female,2022,11,22-00293635,2022-11-23 11:18:46,Closed,WEST,QUEEN ANNE,7.0,98109.0,47.62562849,-122.35596415,Yes,Yes,Sidewalk,"Garbage/Loose litter,Bulky items",0.0
2022UOF-1269-2902-29489,Level 2 - Use of Force,2022-11-10 06:29:00,5708,30362,White,Female,2022,11,22-00293654,2022-11-23 11:28:49,Closed,EAST,CASCADE/EASTLAKE,3.0,98102.0,47.6330384,-122.32286942,Yes,Yes,Bike lane,"Garbage/Loose litter,Hazardous materials (e.g., propane tanks),Bulky items,Human waste,Other (please explain in the Description)",0.0
2022UOF-1269-2902-29489,Level 2 - Use of Force,2022-11-10 06:29:00,5708,30362,White,Female,2022,11,22-00286637,2022-11-14 08:53:19,Closed,NORTH,GREEN LAKE,6.0,98115.0,47.68119205,-122.32693448,Yes,No,Other (please explain in the Description),Garbage/Loose litter,0.0
2022UOF-1269-2902-29489,Level 2 - Use of Force,2022-11-10 06:29:00,5708,30362,White,Female,2022,11,22-00293684,2022-11-23 11:52:55,Closed,SOUTH,GEORGETOWN,2.0,98108.0,47.54082539,-122.32020842,No,Yes,No blockage,"Bulky items,Garbage/Loose litter",0.0
2022UOF-1269-2902-29489,Level 2 - Use of Force,2022-11-10 06:29:00,5708,30362,White,Female,2022,11,22-00286667,2022-11-14 09:27:36,Closed,NORTH,BALLARD,6.0,98107.0,47.66384617,-122.37015787,Yes,Yellow,Sidewalk,"Garbage/Loose litter,Hazardous materials (e.g., propane tanks),Bulky items",0.0
2022UOF-1269-2902-29489,Level 2 - Use of Force,2022-11-10 06:29:00,5708,30362,White,Female,2022,11,22-00293693,2022-11-23 11:59:10,Closed,EAST,CENTRAL AREA/SQUIRE PARK,3.0,98122.0,47.61727598,-122.31042647,Yes,Unknown,Sidewalk,Garbage/Loose litter,0.0
2022UOF-1269-2902-29489,Level 2 - Use of Force,2022-11-10 06:29:00,5708,30362,White,Female,2022,11,22-00286686,2022-11-14 09:41:41,Closed,NORTH,WHITTIER HEIGHTS,6.0,98117.0,47.68959856,-122.37517708,Yes,Yes,Sidewalk,Bulky items,0.0
2022UOF-1269-2902-29489,Level 2 - Use of Force,2022-11-10 06:29:00,5708,30362,White,Female,2022,11,22-00293879,2022-11-23 14:36:18,Closed,WEST,CASCADE/EASTLAKE,7.0,98109.0,47.62529407,-122.34087697,Yes,No,"Sidewalk,Bike lane,Construction project","Garbage/Loose litter,Needles/Sharps,Hazardous materials (e.g., propane tanks),Bulky items,Human waste",0.0
2022UOF-1269-2902-29489,Level 2 - Use of Force,2022-11-10 06:29:00,5708,30362,White,Female,2022,11,22-00293961,2022-11-23 16:01:05,Closed,EAST,CAPITOL HILL,3.0,98102.0,47.62479695,-122.32232496,Yes,No,"Sidewalk,Other (please explain in the Description)",Other (please explain in the Description),0.0
2022UOF-1269-2902-29489,Level 2 - Use of Force,2022-11-10 06:29:00,5708,30362,White,Female,2022,11,22-00294070,2022-11-24 07:14:19,Closed,EAST,CENTRAL AREA/SQUIRE PARK,3.0,98122.0,47.61726621,-122.31237346,Yes,No,Entrance to residence,Bulky items,0.0
2022UOF-1269-2902-29489,Level 2 - Use of Force,2022-11-10 06:29:00,5708,30362,White,Female,2022,11,22-00287194,2022-11-14 16:30:50,Closed,NORTH,WHITTIER HEIGHTS,6.0,98117.0,47.68975445,-122.37521288,Yes,Yes,Sidewalk,"Human waste,Other (please explain in the Description),Hazardous materials (e.g., propane tanks)",0.0
2022UOF-1269-2902-29489,Level 2 - Use of Force,2022-11-10 06:29:00,5708,30362,White,Female,2022,11,22-00294092,2022-11-24 09:21:21,Closed,NORTH,OLYMPIC HILLS/VICTORY HEIGHTS,5.0,98125.0,47.72077215,-122.29832619,Yes,No,Entrance to business,Garbage/Loose litter,0.0
2022UOF-1269-2902-29489,Level 2 - Use of Force,2022-11-10 06:29:00,5708,30362,White,Female,2022,11,22-00287353,2022-11-14 21:33:07,Closed,EAST,CAPITOL HILL,3.0,98122.0,47.61775471,-122.31735129,Yes,No,"Sidewalk,Entrance to business,Entrance to residence","Garbage/Loose litter,Needles/Sharps,Hazardous materials (e.g., propane tanks),Bulky items,Human waste",0.0
2022UOF-1269-2902-29489,Level 2 - Use of Force,2022-11-10 06:29:00,5708,30362,White,Female,2022,11,22-00287371,2022-11-14 23:03:48,Closed,NORTH,WHITTIER HEIGHTS,6.0,98107.0,47.67260728,-122.37549474,No,No,Sidewalk,Garbage/Loose litter,0.0
2022UOF-1269-2902-29489,Level 2 - Use of Force,2022-11-10 06:29:00,5708,30362,White,Female,2022,11,22-00294209,2022-11-24 15:18:02,Closed,NORTH,WALLINGFORD,4.0,98105.0,47.66117479,-122.32149119,Yes,No,Sidewalk,"Bulky items,Garbage/Loose litter",0.0
2022UOF-1269-2902-29489,Level 2 - Use of Force,2022-11-10 06:29:00,5708,30362,White,Female,2022,11,22-00287381,2022-11-15 05:43:52,Closed,NORTH,HALLER LAKE,5.0,98133.0,47.72694038,-122.34289264,Yes,No,"Sidewalk,Other (please explain in the Description)","Garbage/Loose litter,Other (please explain in the Description)",0.0
2022UOF-1269-2902-29489,Level 2 - Use of Force,2022-11-10 06:29:00,5708,30362,White,Female,2022,11,22-00294260,2022-11-24 23:17:40,Closed,WEST,QUEEN ANNE,7.0,98109.0,47.62438441,-122.35621397,Yes,Unknown,"Sidewalk,Bike lane","Needles/Sharps,Bulky items,Hazardous materials (e.g., propane tanks)",0.0
2022UOF-1269-2902-29489,Level 2 - Use of Force,2022-11-10 06:29:00,5708,30362,White,Female,2022,11,22-00287430,2022-11-15 07:37:19,Closed,NORTH,FREMONT,6.0,98107.0,47.66346104,-122.36423937,Yes,Yes,Other (please explain in the Description),"Garbage/Loose litter,Other (please explain in the Description)",0.0
2022UOF-1269-2902-29489,Level 2 - Use of Force,2022-11-10 06:29:00,5708,30362,White,Female,2022,11,22-00294280,2022-11-25 07:19:21,Closed,NORTH,BALLARD,6.0,98107.0,47.66687946,-122.37654442,Yes,No,Sidewalk,Garbage/Loose litter,0.0
2022UOF-1269-2902-29489,Level 2 - Use of Force,2022-11-10 06:29:00,5708,30362,White,Female,2022,11,22-00294416,2022-11-25 14:38:43,Closed,SOUTH,GEORGETOWN,2.0,98108.0,47.54621762,-122.32812027,Yes,No,No blockage,"Garbage/Loose litter,Bulky items",0.0
2022UOF-1269-2902-29489,Level 2 - Use of Force,2022-11-10 06:29:00,5708,30362,White,Female,2022,11,22-00287533,2022-11-15 09:24:33,Closed,NORTH,UNIVERSITY DISTRICT,4.0,98105.0,47.67247373,-122.30873147,No,No,No blockage,Other (please explain in the Description),0.0
2022UOF-1269-2902-29489,Level 2 - Use of Force,2022-11-10 06:29:00,5708,30362,White,Female,2022,11,22-00287545,2022-11-15 09:34:37,Closed,NORTH,RAVENNA/BRYANT,4.0,98115.0,47.67185696,-122.30256365,Unknown,No,No blockage,Other (please explain in the Description),0.0
2022UOF-1269-2902-29489,Level 2 - Use of Force,2022-11-10 06:29:00,5708,30362,White,Female,2022,11,22-00294443,2022-11-25 16:11:25,Closed,WEST,CASCADE/EASTLAKE,7.0,98109.0,47.62529407,-122.34087697,Yes,No,"Sidewalk,Bike lane,Construction project","Garbage/Loose litter,Needles/Sharps,Hazardous materials (e.g., propane tanks),Bulky items,Human waste",0.0
2022UOF-1269-2902-29489,Level 2 - Use of Force,2022-11-10 06:29:00,5708,30362,White,Female,2022,11,22-00287586,2022-11-15 09:52:46,Closed,WEST,QUEEN ANNE,7.0,98109.0,47.64754584,-122.35338565,Unknown,Yes,No blockage,"Hazardous materials (e.g., propane tanks)",0.0
2022UOF-1269-2902-29489,Level 2 - Use of Force,2022-11-10 06:29:00,5708,30362,White,Female,2022,11,22-00294457,2022-11-25 19:12:48,Closed,WEST,QUEEN ANNE,7.0,98109.0,47.6248547,-122.35580914,Yes,No,Sidewalk,"Bulky items,Hazardous materials (e.g., propane tanks),Needles/Sharps,Garbage/Loose litter",0.0
2022UOF-1269-2902-29489,Level 2 - Use of Force,2022-11-10 06:29:00,5708,30362,White,Female,2022,11,22-00287780,2022-11-15 12:13:52,Closed,NORTH,FREMONT,4.0,98103.0,47.64670087,-122.33368688,Unknown,No,Recreation amenity,Garbage/Loose litter,0.0
2022UOF-1269-2902-29489,Level 2 - Use of Force,2022-11-10 06:29:00,5708,30362,White,Female,2022,11,22-00294564,2022-11-26 10:01:38,Closed,NORTH,BALLARD,6.0,98107.0,47.66906258,-122.37307693,Yes,Unknown,"Sidewalk,Entrance to business","Garbage/Loose litter,Hazardous materials (e.g., propane tanks),Bulky items",1.0
2022UOF-1269-2902-29489,Level 2 - Use of Force,2022-11-10 06:29:00,5708,30362,White,Female,2022,11,22-00287959,2022-11-15 14:39:00,Closed,NORTH,BALLARD,6.0,98107.0,47.66579895,-122.38385166,No,Yes,No blockage,"Garbage/Loose litter,Bulky items,Human waste",0.0
2022UOF-1269-2902-29489,Level 2 - Use of Force,2022-11-10 06:29:00,5708,30362,White,Female,2022,11,22-00294625,2022-11-26 11:48:25,Closed,NORTH,GREEN LAKE,4.0,98115.0,47.6767784,-122.31989877,Yes,Yes,No blockage,"Garbage/Loose litter,Needles/Sharps,Bulky items,Human waste",1.0
2022UOF-1269-2902-29489,Level 2 - Use of Force,2022-11-10 06:29:00,5708,30362,White,Female,2022,11,22-00287985,2022-11-15 14:59:06,Closed,NORTH,NORTHGATE/MAPLE LEAF,5.0,98125.0,47.70947272,-122.32111677,Unknown,No,No blockage,"Needles/Sharps,Human waste",0.0
2022UOF-1269-2902-29489,Level 2 - Use of Force,2022-11-10 06:29:00,5708,30362,White,Female,2022,11,22-00294782,2022-11-26 15:56:18,Closed,EAST,CAPITOL HILL,3.0,98122.0,47.61772028,-122.31782129,Yes,Unknown,"Sidewalk,Entrance to residence,Other (please explain in the Description)","Garbage/Loose litter,Needles/Sharps,Bulky items,Other (please explain in the Description)",1.0
2022UOF-1269-2902-29489,Level 2 - Use of Force,2022-11-10 06:29:00,5708,30362,White,Female,2022,11,22-00288127,2022-11-15 16:45:55,Closed,WEST,CASCADE/EASTLAKE,4.0,98102.0,47.6324583,-122.32657841,Yes,Yes,"Sidewalk,Bike lane,Recreation amenity,Entrance to business","Needles/Sharps,Hazardous materials (e.g., propane tanks),Bulky items,Human waste,Garbage/Loose litter",0.0
2022UOF-1269-2902-29489,Level 2 - Use of Force,2022-11-10 06:29:00,5708,30362,White,Female,2022,11,22-00295017,2022-11-27 09:22:18,Closed,SOUTHWEST,ROXHILL/WESTWOOD,1.0,98106.0,47.5251534,-122.36406983,Unknown,No,No blockage,"Garbage/Loose litter,Bulky items",1.0
2022UOF-1269-2902-29489,Level 2 - Use of Force,2022-11-10 06:29:00,5708,30362,White,Female,2022,11,22-00288179,2022-11-15 18:06:32,Closed,SOUTH,NORTH BEACON HILL/JEFFERSON PARK,2.0,98144.0,47.58079872,-122.31444502,Unknown,No,No blockage,Other (please explain in the Description),0.0
2022UOF-1269-2902-29489,Level 2 - Use of Force,2022-11-10 06:29:00,5708,30362,White,Female,2022,11,22-00288237,2022-11-15 21:18:02,Closed,WEST,CASCADE/EASTLAKE,7.0,98109.0,47.62529407,-122.34087697,Yes,Yes,Sidewalk,"Garbage/Loose litter,Hazardous materials (e.g., propane tanks),Bulky items,Human waste",0.0
2022UOF-1269-2902-29489,Level 2 - Use of Force,2022-11-10 06:29:00,5708,30362,White,Female,2022,11,22-00295445,2022-11-28 08:33:39,Closed,EAST,MADRONA/LESCHI,3.0,98144.0,47.59564172,-122.29562579,Yes,Yes,No blockage,"Garbage/Loose litter,Hazardous materials (e.g., propane tanks),Bulky items,Human waste",0.0
2022UOF-1269-2902-29489,Level 2 - Use of Force,2022-11-10 06:29:00,5708,30362,White,Female,2022,11,22-00295486,2022-11-28 08:59:43,Closed,WEST,CASCADE/EASTLAKE,4.0,98102.0,47.6324583,-122.32657841,Yes,Yes,"No blockage,Other (please explain in the Description)","Garbage/Loose litter,Needles/Sharps,Hazardous materials (e.g., propane tanks),Bulky items,Human waste",0.0
2022UOF-1269-2902-29489,Level 2 - Use of Force,2022-11-10 06:29:00,5708,30362,White,Female,2022,11,22-00288484,2022-11-16 10:17:30,Closed,NORTH,CEDAR PARK/MEADOWBROOK,5.0,98125.0,47.72131047,-122.29289422,Yes,No,"Sidewalk,Construction project","Needles/Sharps,Hazardous materials (e.g., propane tanks),Bulky items,Human waste,Garbage/Loose litter",0.0
2022UOF-1269-2902-29489,Level 2 - Use of Force,2022-11-10 06:29:00,5708,30362,White,Female,2022,11,22-00295543,2022-11-28 09:34:05,Closed,NORTH,BALLARD,6.0,98107.0,47.66249037,-122.37023062,Unknown,Yes,Bike lane,"Garbage/Loose litter,Bulky items,Hazardous materials (e.g., propane tanks),Human waste",0.0
2022UOF-1269-2902-29489,Level 2 - Use of Force,2022-11-10 06:29:00,5708,30362,White,Female,2022,11,22-00295545,2022-11-28 09:36:01,Closed,SOUTH,COLUMBIA CITY,2.0,98118.0,47.56195988,-122.27940512,Yes,No,Recreation amenity,"Garbage/Loose litter,Needles/Sharps,Hazardous materials (e.g., propane tanks)",0.0
2022UOF-1269-2902-29489,Level 2 - Use of Force,2022-11-10 06:29:00,5708,30362,White,Female,2022,11,22-00288518,2022-11-16 10:45:42,Closed,NORTH,FREMONT,4.0,98103.0,47.6477582,-122.33923819,Yes,Yes,Other (please explain in the Description),"Garbage/Loose litter,Bulky items,Other (please explain in the Description)",0.0
2022UOF-1269-2902-29489,Level 2 - Use of Force,2022-11-10 06:29:00,5708,30362,White,Female,2022,11,22-00288617,2022-11-16 11:42:11,Closed,SOUTH,GEORGETOWN,2.0,98108.0,47.54997355,-122.32120929,Yes,No,Sidewalk,Bulky items,0.0
2022UOF-1269-2902-29489,Level 2 - Use of Force,2022-11-10 06:29:00,5708,30362,White,Female,2022,11,22-00288763,2022-11-16 13:36:17,Closed,EAST,CASCADE/EASTLAKE,3.0,98102.0,47.63286836,-122.32306038,Yes,Yes,"Sidewalk,Bike lane,Recreation amenity,Entrance to residence","Garbage/Loose litter,Needles/Sharps,Hazardous materials (e.g., propane tanks),Bulky items,Human waste",0.0
2022UOF-1269-2902-29489,Level 2 - Use of Force,2022-11-10 06:29:00,5708,30362,White,Female,2022,11,22-00295817,2022-11-28 13:26:00,Closed,WEST,QUEEN ANNE,7.0,98109.0,47.64834739,-122.35387992,Yes,Yes,No blockage,"Garbage/Loose litter,Needles/Sharps,Hazardous materials (e.g., propane tanks),Human waste",0.0
2022UOF-1269-2902-29489,Level 2 - Use of Force,2022-11-10 06:29:00,5708,30362,White,Female,2022,11,22-00288941,2022-11-16 15:59:33,Closed,NORTH,BALLARD,6.0,98107.0,47.66314362,-122.37347268,Unknown,Yes,Other (please explain in the Description),Garbage/Loose litter,0.0
2022UOF-1269-2902-29489,Level 2 - Use of Force,2022-11-10 06:29:00,5708,30362,White,Female,2022,11,22-00288971,2022-11-16 16:27:42,Closed,EAST,CASCADE/EASTLAKE,3.0,98102.0,47.63296252,-122.3229505,Unknown,Yes,"Sidewalk,Recreation amenity","Garbage/Loose litter,Human waste",0.0
2022UOF-1269-2902-29489,Level 2 - Use of Force,2022-11-10 06:29:00,5708,30362,White,Female,2022,11,22-00295880,2022-11-28 14:14:31,Closed,WEST,QUEEN ANNE,7.0,98109.0,47.64515717,-122.34933074,Yes,No,Other (please explain in the Description),Garbage/Loose litter,0.0
2022UOF-1269-2902-29489,Level 2 - Use of Force,2022-11-10 06:29:00,5708,30362,White,Female,2022,11,22-00289331,2022-11-17 08:57:53,Closed,WEST,QUEEN ANNE,7.0,98109.0,47.62560217,-122.34865199,Unknown,No,Sidewalk,Garbage/Loose litter,0.0
2022UOF-1269-2902-29489,Level 2 - Use of Force,2022-11-10 06:29:00,5708,30362,White,Female,2022,11,22-00296116,2022-11-28 21:16:05,Closed,EAST,CAPITOL HILL,3.0,98102.0,47.62213383,-122.31643026,Yes,No,Sidewalk,"Human waste,Garbage/Loose litter",0.0
2022UOF-1269-2902-29489,Level 2 - Use of Force,2022-11-10 06:29:00,5708,30362,White,Female,2022,11,22-00289420,2022-11-17 10:18:42,Closed,EAST,MILLER PARK,3.0,98112.0,47.61892057,-122.30634921,No,No,No blockage,Bulky items,0.0
2022UOF-1269-2902-29489,Level 2 - Use of Force,2022-11-10 06:29:00,5708,30362,White,Female,2022,11,22-00296153,2022-11-29 00:54:01,Closed,NORTH,LICTON SPRINGS,5.0,98103.0,47.70051477,-122.33941818,Yes,White,"Sidewalk,Bike lane","Needles/Sharps,Garbage/Loose litter,Hazardous materials (e.g., propane tanks),Bulky items,Human waste",0.0
2022UOF-1269-2902-29489,Level 2 - Use of Force,2022-11-10 06:29:00,5708,30362,White,Female,2022,11,22-00289737,2022-11-17 14:31:00,Closed,SOUTHWEST,NORTH DELRIDGE,1.0,98126.0,47.57906017,-122.37295287,Yes,Yes,"Sidewalk,Bike lane,Recreation amenity","Garbage/Loose litter,Hazardous materials (e.g., propane tanks),Bulky items",0.0
2022UOF-1269-2902-29489,Level 2 - Use of Force,2022-11-10 06:29:00,5708,30362,White,Female,2022,11,22-00296306,2022-11-29 09:31:03,Closed,EAST,CAPITOL HILL,3.0,98122.0,47.61775471,-122.31735129,Yes,No,"Entrance to business,Entrance to residence,Sidewalk","Garbage/Loose litter,Needles/Sharps,Hazardous materials (e.g., propane tanks),Bulky items,Human waste",0.0
2022UOF-1269-2902-29489,Level 2 - Use of Force,2022-11-10 06:29:00,5708,30362,White,Female,2022,11,22-00289786,2022-11-17 15:01:14,Closed,NORTH,BALLARD,6.0,98107.0,47.66547702,-122.38026426,Yes,No,"Sidewalk,Other (please explain in the Description)","Garbage/Loose litter,Needles/Sharps,Bulky items",0.0
2022UOF-1269-2902-29489,Level 2 - Use of Force,2022-11-10 06:29:00,5708,30362,White,Female,2022,11,22-00289973,2022-11-17 18:14:49,Closed,NORTH,BALLARD,6.0,98107.0,47.66235522,-122.37324098,Yes,Yes,"Sidewalk,Other (please explain in the Description)","Garbage/Loose litter,Needles/Sharps,Hazardous materials (e.g., propane tanks),Bulky items,Human waste",0.0
2022UOF-1269-2902-29489,Level 2 - Use of Force,2022-11-10 06:29:00,5708,30362,White,Female,2022,11,22-00296311,2022-11-29 09:35:07,Closed,NORTH,BALLARD,6.0,98107.0,47.66395556,-122.37928076,Unknown,Yes,Sidewalk,"Garbage/Loose litter,Hazardous materials (e.g., propane tanks),Other (please explain in the Description)",0.0
2022UOF-1269-2902-29489,Level 2 - Use of Force,2022-11-10 06:29:00,5708,30362,White,Female,2022,11,22-00289984,2022-11-17 18:45:07,Closed,WEST,MONTLAKE/PORTAGE BAY,4.0,98102.0,47.64790354,-122.32332188,Yes,No,No blockage,"Garbage/Loose litter,Human waste",0.0
2022UOF-1269-2902-29489,Level 2 - Use of Force,2022-11-10 06:29:00,5708,30362,White,Female,2022,11,22-00290038,2022-11-17 22:24:53,Closed,WEST,CASCADE/EASTLAKE,4.0,98102.0,47.6324583,-122.32657841,Yes,Yes,Other (please explain in the Description),"Garbage/Loose litter,Hazardous materials (e.g., propane tanks),Bulky items,Human waste,Other (please explain in the Description)",0.0
2022UOF-1269-2902-29489,Level 2 - Use of Force,2022-11-10 06:29:00,5708,30362,White,Female,2022,11,22-00296316,2022-11-29 09:41:07,Closed,NORTH,HALLER LAKE,5.0,98133.0,47.72802807,-122.34214279,Yes,Yes,Sidewalk,"Hazardous materials (e.g., propane tanks)",0.0
2022UOF-1269-2902-29489,Level 2 - Use of Force,2022-11-10 06:29:00,5708,30362,White,Female,2022,11,22-00290057,2022-11-18 02:08:59,Closed,NORTH,HALLER LAKE,5.0,98133.0,47.72694049,-122.34305511,Yes,No,Sidewalk,"Garbage/Loose litter,Hazardous materials (e.g., propane tanks),Bulky items",0.0
2022UOF-1269-2902-29489,Level 2 - Use of Force,2022-11-10 06:29:00,5708,30362,White,Female,2022,11,22-00290208,2022-11-18 09:16:59,Closed,SOUTH,COLUMBIA CITY,2.0,98118.0,47.56194936,-122.28791101,Unknown,No,No blockage,"Garbage/Loose litter,Bulky items",0.0
2022UOF-1269-2902-29489,Level 2 - Use of Force,2022-11-10 06:29:00,5708,30362,White,Female,2022,11,22-00290324,2022-11-18 10:55:53,Closed,EAST,CAPITOL HILL,3.0,98122.0,47.61463829,-122.32316572,Yes,No,Other (please explain in the Description),"Garbage/Loose litter,Bulky items",0.0
2022UOF-1269-2902-29489,Level 2 - Use of Force,2022-11-10 06:29:00,5708,30362,White,Female,2022,11,22-00296805,2022-11-29 18:14:34,Closed,EAST,MILLER PARK,3.0,98112.0,47.62262645,-122.31242513,Unknown,No,"Sidewalk,Other (please explain in the Description)","Garbage/Loose litter,Other (please explain in the Description)",0.0
2022UOF-1269-2902-29489,Level 2 - Use of Force,2022-11-10 06:29:00,5708,30362,White,Female,2022,11,22-00296855,2022-11-29 22:03:36,Closed,WEST,CASCADE/EASTLAKE,7.0,98109.0,47.61861139,-122.32944624,No,No,"Sidewalk,Entrance to residence,Entrance to business,Other (please explain in the Description)","Garbage/Loose litter,Needles/Sharps,Hazardous materials (e.g., propane tanks),Bulky items,Human waste,Other (please explain in the Description)",0.0
2022UOF-1269-2902-29489,Level 2 - Use of Force,2022-11-10 06:29:00,5708,30362,White,Female,2022,11,22-00290521,2022-11-18 13:49:25,Closed,EAST,FIRST HILL,3.0,98104.0,47.60601331,-122.32793239,Yes,Yes,"Sidewalk,Entrance to business","Garbage/Loose litter,Needles/Sharps,Hazardous materials (e.g., propane tanks),Bulky items,Human waste",0.0
2022UOF-1269-2902-29489,Level 2 - Use of Force,2022-11-10 06:29:00,5708,30362,White,Female,2022,11,22-00290529,2022-11-18 13:57:31,Closed,NORTH,BALLARD,6.0,98107.0,47.66367111,-122.38002901,Yes,Yes,"Sidewalk,Entrance to business,Other (please explain in the Description)",Human waste,0.0
2022UOF-1269-2902-29489,Level 2 - Use of Force,2022-11-10 06:29:00,5708,30362,White,Female,2022,11,22-00297048,2022-11-30 09:14:12,Closed,NORTH,BALLARD,6.0,98107.0,47.66353693,-122.37347225,Yes,Yes,Sidewalk,"Bulky items,Garbage/Loose litter",0.0
2022UOF-1269-2902-29489,Level 2 - Use of Force,2022-11-10 06:29:00,5708,30362,White,Female,2022,11,22-00290686,2022-11-18 16:04:34,Closed,WEST,CASCADE/EASTLAKE,7.0,98109.0,47.62529407,-122.34087697,Yes,No,Sidewalk,"Garbage/Loose litter,Needles/Sharps,Hazardous materials (e.g., propane tanks),Bulky items,Human waste",0.0
2022UOF-1269-2902-29489,Level 2 - Use of Force,2022-11-10 06:29:00,5708,30362,White,Female,2022,11,22-00290736,2022-11-18 16:55:02,Closed,SOUTHWEST,NORTH DELRIDGE,1.0,98126.0,47.57669786,-122.37175963,Unknown,Yes,Bike lane,Bulky items,0.0
2022UOF-1269-2902-29489,Level 2 - Use of Force,2022-11-10 06:29:00,5708,30362,White,Female,2022,11,22-00297255,2022-11-30 11:22:15,Closed,WEST,MAGNOLIA,7.0,98199.0,47.66384254,-122.40146648,Yes,No,No blockage,"Garbage/Loose litter,Needles/Sharps,Human waste",0.0
2022UOF-1269-2902-29489,Level 2 - Use of Force,2022-11-10 06:29:00,5708,30362,White,Female,2022,11,22-00290822,2022-11-19 04:33:58,Closed,WEST,CASCADE/EASTLAKE,7.0,98109.0,47.62529407,-122.34087697,Yes,Yes,Sidewalk,"Garbage/Loose litter,Bulky items,Other (please explain in the Description)",1.0
2022UOF-1269-2902-29489,Level 2 - Use of Force,2022-11-10 06:29:00,5708,30362,White,Female,2022,11,22-00297533,2022-11-30 14:55:59,Closed,SOUTHWEST,NORTH DELRIDGE,1.0,98126.0,47.58023323,-122.37298938,Yes,Yes,"Sidewalk,Bike lane,Recreation amenity","Garbage/Loose litter,Hazardous materials (e.g., propane tanks),Bulky items",0.0
2022UOF-1269-2902-29489,Level 2 - Use of Force,2022-11-10 06:29:00,5708,30362,White,Female,2022,11,22-00297585,2022-11-30 15:40:26,Closed,EAST,MONTLAKE/PORTAGE BAY,3.0,98112.0,47.6262322,-122.29493773,Yes,Unknown,Other (please explain in the Description),"Garbage/Loose litter,Needles/Sharps,Hazardous materials (e.g., propane tanks),Bulky items,Human waste,Other (please explain in the Description)",0.0
2022UOF-1269-2902-29489,Level 2 - Use of Force,2022-11-10 06:29:00,5708,30362,White,Female,2022,11,22-00297624,2022-11-30 15:58:58,Closed,EAST,MONTLAKE/PORTAGE BAY,3.0,98112.0,47.62591883,-122.29494547,Yes,Yes,Other (please explain in the Description),"Garbage/Loose litter,Needles/Sharps,Bulky items,Human waste,Hazardous materials (e.g., propane tanks)",0.0
2022UOF-1269-2902-29489,Level 2 - Use of Force,2022-11-10 06:29:00,5708,30362,White,Female,2022,11,22-00290868,2022-11-19 09:20:23,Closed,WEST,CASCADE/EASTLAKE,7.0,98109.0,47.61885183,-122.32900831,Yes,No,Other (please explain in the Description),"Bulky items,Garbage/Loose litter",1.0
2022UOF-1269-2902-29489,Level 2 - Use of Force,2022-11-10 06:29:00,5708,30362,White,Female,2022,11,22-00297799,2022-11-30 18:55:59,Closed,NORTH,CEDAR PARK/MEADOWBROOK,5.0,98125.0,47.71459275,-122.29129904,Yes,Yes,No blockage,Garbage/Loose litter,0.0
2022UOF-1269-2902-29489,Level 2 - Use of Force,2022-11-10 06:29:00,5708,30362,White,Female,2022,11,22-00291120,2022-11-19 16:36:11,Closed,NORTH,BALLARD,6.0,98107.0,47.66698983,-122.37284266,Unknown,No,No blockage,Garbage/Loose litter,1.0
2022UOF-1269-2902-29489,Level 2 - Use of Force,2022-11-10 06:29:00,5708,30362,White,Female,2022,11,22-00291149,2022-11-19 17:24:38,Closed,WEST,QUEEN ANNE,7.0,98109.0,47.64834739,-122.35387992,Yes,Yes,"Sidewalk,Other (please explain in the Description)","Garbage/Loose litter,Human waste",1.0
2022UOF-1269-2902-29489,Level 2 - Use of Force,2022-11-10 06:29:00,5708,30362,White,Female,2022,11,22-00291192,2022-11-19 22:39:06,Closed,NORTH,FREMONT,6.0,98107.0,47.66309672,-122.36511507,Yes,Yes,Sidewalk,"Garbage/Loose litter,Hazardous materials (e.g., propane tanks),Bulky items",1.0
2022UOF-1269-2902-29489,Level 2 - Use of Force,2022-11-10 06:29:00,5708,30362,White,Female,2022,11,22-00291193,2022-11-19 22:57:15,Closed,EAST,CAPITOL HILL,3.0,98122.0,47.61772376,-122.31767957,Yes,No,Sidewalk,Garbage/Loose litter,1.0
2022UOF-1269-2902-29489,Level 2 - Use of Force,2022-11-10 06:29:00,5708,30362,White,Female,2022,11,22-00291241,2022-11-20 09:06:02,Closed,NORTH,BALLARD,6.0,98107.0,47.66547702,-122.38026426,Yes,Yes,"Sidewalk,Bike lane","Garbage/Loose litter,Hazardous materials (e.g., propane tanks),Bulky items,Other (please explain in the Description)",1.0
2022UOF-1269-2902-29489,Level 2 - Use of Force,2022-11-10 06:29:00,5708,30362,White,Female,2022,11,22-00291318,2022-11-20 11:49:45,Closed,NORTH,WHITTIER HEIGHTS,6.0,98117.0,47.68959856,-122.37517708,Yes,Yes,"Bike lane,Sidewalk","Garbage/Loose litter,Bulky items",1.0
2022UOF-1269-2902-29489,Level 2 - Use of Force,2022-11-10 06:29:00,5708,30362,White,Female,2022,11,22-00291381,2022-11-20 13:46:42,Closed,NORTH,NORTH BEACH/BLUE RIDGE,6.0,98117.0,47.69354032,-122.37579693,Yes,No,"Other (please explain in the Description),Sidewalk",Garbage/Loose litter,1.0
2022UOF-1269-2902-29489,Level 2 - Use of Force,2022-11-10 06:29:00,5708,30362,White,Female,2022,11,22-00291413,2022-11-20 14:51:17,Closed,WEST,CASCADE/EASTLAKE,4.0,98102.0,47.6324583,-122.32657841,Yes,Yes,Sidewalk,"Garbage/Loose litter,Needles/Sharps,Hazardous materials (e.g., propane tanks),Bulky items,Human waste",1.0
2022UOF-1269-2902-29489,Level 2 - Use of Force,2022-11-10 06:29:00,5708,30362,White,Female,2022,11,22-00291435,2022-11-20 15:23:26,Closed,NORTH,BALLARD,6.0,98107.0,47.66808073,-122.36884772,Yes,Yellow,"Sidewalk,Construction project","Hazardous materials (e.g., propane tanks),Bulky items,Other (please explain in the Description)",1.0
2022UOF-1269-2902-29489,Level 2 - Use of Force,2022-11-10 06:29:00,5708,30362,White,Female,2022,11,22-00291524,2022-11-20 21:00:34,Closed,NORTH,WHITTIER HEIGHTS,6.0,98117.0,47.68907519,-122.37577166,Yes,Yes,Sidewalk,"Garbage/Loose litter,Bulky items",1.0
2022UOF-1269-2902-29489,Level 2 - Use of Force,2022-11-10 06:29:00,5708,30362,White,Female,2022,11,22-00291704,2022-11-21 08:50:55,Closed,NORTH,WALLINGFORD,4.0,98105.0,47.66383314,-122.32047807,Unknown,No,No blockage,"Garbage/Loose litter,Bulky items",0.0
2022UOF-1269-2902-29489,Level 2 - Use of Force,2022-11-10 06:29:00,5708,30362,White,Female,2022,11,22-00291923,2022-11-21 11:18:26,Closed,NORTH,LAURELHURST/SAND POINT,4.0,98115.0,47.6835061,-122.26324711,Yes,Yes,Recreation amenity,Needles/Sharps,0.0
2022UOF-1269-2902-29489,Level 2 - Use of Force,2022-11-10 06:29:00,5708,30362,White,Female,2022,11,22-00291955,2022-11-21 11:34:27,Closed,EAST,CASCADE/EASTLAKE,3.0,98102.0,47.6330384,-122.32286942,Yes,Yes,"Sidewalk,Bike lane","Human waste,Bulky items,Hazardous materials (e.g., propane tanks),Needles/Sharps,Garbage/Loose litter",0.0
2022UOF-1269-2902-29489,Level 2 - Use of Force,2022-11-10 06:29:00,5708,30362,White,Female,2022,11,22-00292038,2022-11-21 12:45:09,Closed,NORTH,WHITTIER HEIGHTS,6.0,98117.0,47.6892945,-122.37576702,No,No,Sidewalk,Other (please explain in the Description),0.0
2022UOF-1269-2902-29489,Level 2 - Use of Force,2022-11-10 06:29:00,5708,30362,White,Female,2022,11,22-00292052,2022-11-21 12:55:15,Closed,SOUTHWEST,NORTH DELRIDGE,1.0,98126.0,47.57630759,-122.37171613,Yes,Yes,"Sidewalk,Bike lane,Recreation amenity","Bulky items,Garbage/Loose litter,Human waste,Hazardous materials (e.g., propane tanks)",0.0
2022UOF-1269-2902-29489,Level 2 - Use of Force,2022-11-10 06:29:00,5708,30362,White,Female,2022,11,22-00292270,2022-11-21 15:22:45,Closed,WEST,QUEEN ANNE,7.0,98119.0,47.6556665,-122.37478432,Yes,No,Other (please explain in the Description),Garbage/Loose litter,0.0
2022UOF-1269-2902-29489,Level 2 - Use of Force,2022-11-10 06:29:00,5708,30362,White,Female,2022,11,22-00292413,2022-11-21 17:57:52,Closed,NORTH,HALLER LAKE,5.0,98133.0,47.72222148,-122.34218162,Yes,Yes,Sidewalk,"Garbage/Loose litter,Bulky items",0.0
2022UOF-1269-2902-29489,Level 2 - Use of Force,2022-11-10 06:29:00,5708,30362,White,Female,2022,11,22-00292511,2022-11-22 05:40:15,Closed,NORTH,GREEN LAKE,4.0,98115.0,47.6767784,-122.31989877,Yes,Yes,Sidewalk,"Garbage/Loose litter,Bulky items,Human waste",0.0
2022UOF-1269-2902-29489,Level 2 - Use of Force,2022-11-10 06:29:00,5708,30362,White,Female,2022,11,22-00292568,2022-11-22 07:37:19,Closed,NORTH,NORTHGATE/MAPLE LEAF,5.0,98133.0,47.70902232,-122.33349619,Yes,No,Sidewalk,Garbage/Loose litter,0.0
2022UOF-1269-2902-29489,Level 2 - Use of Force,2022-11-10 06:29:00,5708,30362,White,Female,2022,11,22-00292603,2022-11-22 08:18:02,Closed,NORTH,NORTH BEACH/BLUE RIDGE,6.0,98117.0,47.69987171,-122.36622724,Yes,Yes,Sidewalk,"Garbage/Loose litter,Needles/Sharps,Hazardous materials (e.g., propane tanks),Bulky items,Other (please explain in the Description)",0.0
2022UOF-1269-2902-29489,Level 2 - Use of Force,2022-11-10 06:29:00,5708,30362,White,Female,2022,11,22-00292755,2022-11-22 10:35:13,Closed,SOUTHWEST,HIGHLAND PARK,1.0,98106.0,47.52269861,-122.35375755,Yes,Yes,Sidewalk,"Garbage/Loose litter,Bulky items",0.0
2022UOF-1269-2902-29489,Level 2 - Use of Force,2022-11-10 06:29:00,5708,30362,White,Female,2022,11,22-00293022,2022-11-22 14:05:14,Closed,NORTH,BALLARD,6.0,98107.0,47.66698983,-122.37284266,Yes,Yes,Entrance to business,"Human waste,Needles/Sharps,Garbage/Loose litter",0.0
2022UOF-1269-2902-29489,Level 2 - Use of Force,2022-11-10 06:29:00,5708,30362,White,Female,2022,11,22-00293129,2022-11-22 15:03:40,Closed,WEST,CASCADE/EASTLAKE,4.0,98102.0,47.6324583,-122.32657841,Yes,Yes,No blockage,"Garbage/Loose litter,Needles/Sharps,Hazardous materials (e.g., propane tanks),Bulky items,Human waste",0.0
2022UOF-1269-2902-29489,Level 2 - Use of Force,2022-11-10 06:29:00,5708,30362,White,Female,2022,11,22-00293249,2022-11-22 17:02:45,Closed,WEST,CASCADE/EASTLAKE,7.0,98109.0,47.62525762,-122.34019167,Yes,Yes,"Sidewalk,Bike lane,Recreation amenity,Construction project,Entrance to business,Entrance to residence","Needles/Sharps,Hazardous materials (e.g., propane tanks),Bulky items,Human waste",0.0
2022UOF-1269-2902-29489,Level 2 - Use of Force,2022-11-10 06:29:00,5708,30362,White,Female,2022,11,22-00293283,2022-11-22 18:29:25,Closed,NORTH,BALLARD,6.0,98107.0,47.65966471,-122.36656477,Yes,Yes,Sidewalk,"Garbage/Loose litter,Other (please explain in the Description)",0.0
2022UOF-1269-2902-29489,Level 2 - Use of Force,2022-11-10 06:29:00,5708,30362,White,Female,2022,11,22-00293411,2022-11-23 08:41:12,Closed,WEST,INTERBAY,7.0,98119.0,47.64119893,-122.37706462,Yes,No,No blockage,Garbage/Loose litter,0.0
2022UOF-1269-2902-29489,Level 2 - Use of Force,2022-11-10 06:29:00,5708,30362,White,Female,2022,11,22-00293483,2022-11-23 09:45:49,Closed,NORTH,BALLARD,6.0,98107.0,47.6586069,-122.36590669,No,No,Sidewalk,"Garbage/Loose litter,Hazardous materials (e.g., propane tanks),Needles/Sharps",0.0
2022UOF-1269-2902-29489,Level 2 - Use of Force,2022-11-10 06:29:00,5708,30362,White,Female,2022,11,22-00293543,2022-11-23 10:26:07,Closed,EAST,CAPITOL HILL,3.0,98122.0,47.61772046,-122.31799027,Unknown,No,Recreation amenity,"Garbage/Loose litter,Bulky items",0.0
2022UOF-1269-2902-29489,Level 2 - Use of Force,2022-11-10 06:29:00,5708,30362,White,Female,2022,11,22-00293669,2022-11-23 11:40:48,Closed,NORTH,BROADVIEW/BITTER LAKE,5.0,98133.0,47.72160047,-122.34761282,Yes,Yes,Sidewalk,"Garbage/Loose litter,Bulky items,Human waste",0.0
2022UOF-1269-2902-29489,Level 2 - Use of Force,2022-11-10 06:29:00,5708,30362,White,Female,2022,11,22-00293756,2022-11-23 12:37:26,Closed,SOUTHWEST,NORTH DELRIDGE,1.0,98126.0,47.58023323,-122.37298938,Unknown,Yes,Sidewalk,Garbage/Loose litter,0.0
2022UOF-1269-2902-29489,Level 2 - Use of Force,2022-11-10 06:29:00,5708,30362,White,Female,2022,11,22-00293762,2022-11-23 12:41:24,Closed,EAST,CAPITOL HILL,3.0,98122.0,47.61775471,-122.31735129,Yes,No,"Sidewalk,Entrance to business,Entrance to residence","Garbage/Loose litter,Needles/Sharps,Hazardous materials (e.g., propane tanks),Bulky items,Human waste",0.0
2022UOF-1269-2902-29489,Level 2 - Use of Force,2022-11-10 06:29:00,5708,30362,White,Female,2022,11,22-00294094,2022-11-24 09:23:21,Closed,SOUTHWEST,RIVERVIEW,1.0,98106.0,47.55204351,-122.35231903,Yes,Yes,Sidewalk,"Garbage/Loose litter,Hazardous materials (e.g., propane tanks),Bulky items,Human waste,Other (please explain in the Description)",0.0
2022UOF-1269-2902-29489,Level 2 - Use of Force,2022-11-10 06:29:00,5708,30362,White,Female,2022,11,22-00294266,2022-11-25 03:37:41,Closed,WEST,CASCADE/EASTLAKE,7.0,98109.0,47.62529407,-122.34087697,Yes,Yes,"Sidewalk,Bike lane","Garbage/Loose litter,Hazardous materials (e.g., propane tanks),Bulky items,Human waste,Other (please explain in the Description)",0.0
2022UOF-1269-2902-29489,Level 2 - Use of Force,2022-11-10 06:29:00,5708,30362,White,Female,2022,11,22-00294288,2022-11-25 08:09:44,Closed,SOUTH,COLUMBIA CITY,2.0,98118.0,47.5374318,-122.2810329,Unknown,No,Sidewalk,Other (please explain in the Description),0.0
2022UOF-1269-2902-29489,Level 2 - Use of Force,2022-11-10 06:29:00,5708,30362,White,Female,2022,11,22-00294537,2022-11-26 09:17:16,Closed,EAST,CAPITOL HILL,3.0,98102.0,47.62333188,-122.31807365,Yes,No,Sidewalk,"Human waste,Bulky items,Garbage/Loose litter",1.0
2022UOF-1269-2902-29489,Level 2 - Use of Force,2022-11-10 06:29:00,5708,30362,White,Female,2022,11,22-00294618,2022-11-26 11:38:22,Closed,WEST,MONTLAKE/PORTAGE BAY,4.0,98102.0,47.64838612,-122.32314286,Yes,Yes,No blockage,Garbage/Loose litter,1.0
2022UOF-1269-2902-29489,Level 2 - Use of Force,2022-11-10 06:29:00,5708,30362,White,Female,2022,11,22-00294750,2022-11-26 14:55:51,Closed,EAST,CAPITOL HILL,3.0,98102.0,47.62479695,-122.32232496,Unknown,Unknown,Sidewalk,Bulky items,1.0
2022UOF-1269-2902-29489,Level 2 - Use of Force,2022-11-10 06:29:00,5708,30362,White,Female,2022,11,22-00294950,2022-11-27 00:12:06,Closed,EAST,CAPITOL HILL,3.0,98122.0,47.61775471,-122.31735129,Yes,No,"Sidewalk,Entrance to business,Entrance to residence","Garbage/Loose litter,Needles/Sharps,Hazardous materials (e.g., propane tanks),Bulky items,Human waste",1.0
2022UOF-1269-2902-29489,Level 2 - Use of Force,2022-11-10 06:29:00,5708,30362,White,Female,2022,11,22-00295128,2022-11-27 12:33:46,Closed,NORTH,WEDGWOOD/VIEW RIDGE,5.0,98115.0,47.69798026,-122.30488728,Yes,Yes,No blockage,Bulky items,1.0
2022UOF-1269-2902-29489,Level 2 - Use of Force,2022-11-10 06:29:00,5708,30362,White,Female,2022,11,22-00295640,2022-11-28 10:54:47,Closed,NORTH,OLYMPIC HILLS/VICTORY HEIGHTS,5.0,98125.0,47.72858795,-122.31662475,Yes,Unknown,Recreation amenity,Bulky items,0.0
2022UOF-1269-2902-29489,Level 2 - Use of Force,2022-11-10 06:29:00,5708,30362,White,Female,2022,11,22-00295762,2022-11-28 12:21:30,Closed,SOUTH,NORTH BEACON HILL/JEFFERSON PARK,2.0,98108.0,47.56220941,-122.30533465,Yes,Yes,No blockage,"Garbage/Loose litter,Bulky items",0.0
2022UOF-1269-2902-29489,Level 2 - Use of Force,2022-11-10 06:29:00,5708,30362,White,Female,2022,11,22-00295833,2022-11-28 13:34:06,Closed,SOUTHWEST,RIVERVIEW,1.0,98106.0,47.54022632,-122.34391703,Unknown,Yes,Other (please explain in the Description),Garbage/Loose litter,0.0
2022UOF-1269-2902-29489,Level 2 - Use of Force,2022-11-10 06:29:00,5708,30362,White,Female,2022,11,22-00295901,2022-11-28 14:36:45,Closed,NORTH,UNIVERSITY DISTRICT,4.0,98105.0,47.66182263,-122.31112745,Yes,No,Other (please explain in the Description),Garbage/Loose litter,0.0
2022UOF-1269-2902-29489,Level 2 - Use of Force,2022-11-10 06:29:00,5708,30362,White,Female,2022,11,22-00295916,2022-11-28 14:57:10,Closed,NORTH,BALLARD,6.0,98107.0,47.66539942,-122.38007763,Yes,No,"Sidewalk,Entrance to business,Other (please explain in the Description)","Garbage/Loose litter,Needles/Sharps,Hazardous materials (e.g., propane tanks),Bulky items,Human waste",0.0
2022UOF-1269-2902-29489,Level 2 - Use of Force,2022-11-10 06:29:00,5708,30362,White,Female,2022,11,22-00296073,2022-11-28 18:18:42,Closed,SOUTHWEST,NORTH DELRIDGE,1.0,98126.0,47.57630759,-122.37171613,Yes,Yes,Bike lane,Other (please explain in the Description),0.0
2022UOF-1269-2902-29489,Level 2 - Use of Force,2022-11-10 06:29:00,5708,30362,White,Female,2022,11,22-00296087,2022-11-28 19:23:12,Closed,EAST,CAPITOL HILL,3.0,98102.0,47.62479695,-122.32232496,Unknown,Unknown,Sidewalk,Garbage/Loose litter,0.0
2022UOF-1269-2902-29489,Level 2 - Use of Force,2022-11-10 06:29:00,5708,30362,White,Female,2022,11,22-00296186,2022-11-29 06:39:29,Closed,SOUTHWEST,NORTH DELRIDGE,1.0,98126.0,47.57669786,-122.37175963,Yes,Yes,"Sidewalk,Bike lane","Garbage/Loose litter,Needles/Sharps,Hazardous materials (e.g., propane tanks),Bulky items,Human waste",0.0
2022UOF-1269-2902-29489,Level 2 - Use of Force,2022-11-10 06:29:00,5708,30362,White,Female,2022,11,22-00296353,2022-11-29 10:21:29,Closed,SOUTHWEST,RIVERVIEW,1.0,98106.0,47.53931864,-122.35757916,Unknown,Yes,Sidewalk,"Garbage/Loose litter,Hazardous materials (e.g., propane tanks)",0.0
2022UOF-1269-2902-29489,Level 2 - Use of Force,2022-11-10 06:29:00,5708,30362,White,Female,2022,11,22-00296448,2022-11-29 12:04:27,Closed,NORTH,NORTH BEACH/BLUE RIDGE,6.0,98117.0,47.70000135,-122.36586487,Yes,Yes,Sidewalk,Bulky items,0.0
2022UOF-1269-2902-29489,Level 2 - Use of Force,2022-11-10 06:29:00,5708,30362,White,Female,2022,11,22-00296684,2022-11-29 15:33:23,Closed,WEST,QUEEN ANNE,7.0,98109.0,47.6248547,-122.35580914,Yes,No,Sidewalk,Garbage/Loose litter,0.0
2022UOF-1269-2902-29489,Level 2 - Use of Force,2022-11-10 06:29:00,5708,30362,White,Female,2022,11,22-00297014,2022-11-30 08:55:51,Closed,NORTH,BALLARD,6.0,98107.0,47.66497426,-122.38047476,Yes,Unknown,Sidewalk,"Garbage/Loose litter,Bulky items",0.0
2022UOF-1269-2902-29489,Level 2 - Use of Force,2022-11-10 06:29:00,5708,30362,White,Female,2022,11,22-00297058,2022-11-30 09:18:08,Closed,NORTH,GREEN LAKE,6.0,98103.0,47.68205183,-122.33103273,Unknown,No,Recreation amenity,Garbage/Loose litter,0.0
2022UOF-1269-2902-29489,Level 2 - Use of Force,2022-11-10 06:29:00,5708,30362,White,Female,2022,11,22-00297096,2022-11-30 09:34:12,Closed,WEST,CASCADE/EASTLAKE,7.0,98109.0,47.62429039,-122.34395156,No,No,Sidewalk,"Garbage/Loose litter,Bulky items",0.0
2022UOF-1269-2902-29489,Level 2 - Use of Force,2022-11-10 06:29:00,5708,30362,White,Female,2022,11,22-00297403,2022-11-30 13:13:10,Closed,WEST,INTERBAY,7.0,98119.0,47.64052645,-122.37583113,Yes,Yes,Other (please explain in the Description),"Hazardous materials (e.g., propane tanks),Bulky items,Garbage/Loose litter",0.0
2022UOF-1269-2902-29489,Level 2 - Use of Force,2022-11-10 06:29:00,5708,30362,White,Female,2022,11,22-00297582,2022-11-30 15:38:31,Closed,WEST,QUEEN ANNE,7.0,98109.0,47.62487381,-122.35382676,Unknown,No,Sidewalk,Garbage/Loose litter,0.0
2022UOF-1269-2902-29489,Level 2 - Use of Force,2022-11-10 06:29:00,5708,30362,White,Female,2022,11,22-00297588,2022-11-30 15:44:29,Closed,EAST,MONTLAKE/PORTAGE BAY,3.0,98112.0,47.62605313,-122.29494215,Yes,Unknown,Other (please explain in the Description),"Garbage/Loose litter,Hazardous materials (e.g., propane tanks),Needles/Sharps,Bulky items,Other (please explain in the Description)",0.0
2022UOF-1269-2902-29489,Level 2 - Use of Force,2022-11-10 06:29:00,5708,30362,White,Female,2022,11,22-00297592,2022-11-30 15:46:29,Closed,EAST,MONTLAKE/PORTAGE BAY,3.0,98112.0,47.62606806,-122.29494179,Yes,Unknown,Other (please explain in the Description),"Garbage/Loose litter,Needles/Sharps,Hazardous materials (e.g., propane tanks),Bulky items,Human waste,Other (please explain in the Description)",0.0
2022UOF-1269-2902-29489,Level 2 - Use of Force,2022-11-10 06:29:00,5708,30362,White,Female,2022,11,22-00297597,2022-11-30 15:50:31,Closed,EAST,MILLER PARK,3.0,98112.0,47.62607034,-122.29541264,Yes,Yes,Other (please explain in the Description),"Other (please explain in the Description),Garbage/Loose litter,Needles/Sharps,Hazardous materials (e.g., propane tanks),Bulky items,Human waste",0.0
2022UOF-1269-2902-29489,Level 2 - Use of Force,2022-11-10 06:29:00,5708,30362,White,Female,2022,11,22-00297634,2022-11-30 16:00:43,Closed,EAST,MONTLAKE/PORTAGE BAY,3.0,98112.0,47.62599344,-122.29494363,Yes,Yes,Other (please explain in the Description),"Garbage/Loose litter,Needles/Sharps,Bulky items,Hazardous materials (e.g., propane tanks),Human waste,Other (please explain in the Description)",0.0
2022UOF-1269-2902-29489,Level 2 - Use of Force,2022-11-10 06:29:00,5708,30362,White,Female,2022,11,22-00297656,2022-11-30 16:08:40,Closed,WEST,QUEEN ANNE,7.0,98109.0,47.6248547,-122.35580914,Yes,No,Sidewalk,Garbage/Loose litter,0.0
2022UOF-1269-2902-29489,Level 2 - Use of Force,2022-11-10 06:29:00,5708,30362,White,Female,2022,11,22-00297769,2022-11-30 18:01:33,Closed,NORTH,BALLARD,6.0,98107.0,47.66423609,-122.3805158,Yes,Yes,"Sidewalk,Entrance to business","Garbage/Loose litter,Needles/Sharps,Hazardous materials (e.g., propane tanks),Bulky items,Human waste",0.0
2022UOF-1269-2902-29489,Level 2 - Use of Force,2022-11-10 06:29:00,5708,30362,White,Female,2022,11,22-00276625,2022-11-01 07:19:12,Closed,WEST,FIRST HILL,3.0,98104.0,47.60576821,-122.32877556,Yes,No,Other (please explain in the Description),"Garbage/Loose litter,Bulky items,Other (please explain in the Description)",0.0
2022UOF-1269-2902-29489,Level 2 - Use of Force,2022-11-10 06:29:00,5708,30362,White,Female,2022,11,22-00276630,2022-11-01 07:21:39,Closed,SOUTH,GEORGETOWN,2.0,98108.0,47.54675541,-122.31425921,Yes,Yes,"Sidewalk,Entrance to business","Garbage/Loose litter,Bulky items",0.0
2022UOF-1269-2902-29489,Level 2 - Use of Force,2022-11-10 06:29:00,5708,30362,White,Female,2022,11,22-00276866,2022-11-01 10:12:53,Closed,WEST,QUEEN ANNE,7.0,98109.0,47.62528352,-122.3556621,Yes,No,Sidewalk,"Garbage/Loose litter,Human waste",0.0
2022UOF-1269-2902-29489,Level 2 - Use of Force,2022-11-10 06:29:00,5708,30362,White,Female,2022,11,22-00277125,2022-11-01 12:50:17,Closed,WEST,QUEEN ANNE,7.0,98109.0,47.64574461,-122.34815659,Yes,No,No blockage,Garbage/Loose litter,0.0
2022UOF-1269-2902-29489,Level 2 - Use of Force,2022-11-10 06:29:00,5708,30362,White,Female,2022,11,22-00277163,2022-11-01 13:12:24,Closed,NORTH,BALLARD,6.0,98107.0,47.66325434,-122.36954557,No,No,No blockage,"Garbage/Loose litter,Bulky items",0.0
2022UOF-1269-2902-29489,Level 2 - Use of Force,2022-11-10 06:29:00,5708,30362,White,Female,2022,11,22-00277375,2022-11-01 16:03:42,Closed,WEST,BELLTOWN,7.0,98121.0,47.61383809,-122.35093026,Yes,No,Sidewalk,Human waste,0.0
2022UOF-1269-2902-29489,Level 2 - Use of Force,2022-11-10 06:29:00,5708,30362,White,Female,2022,11,22-00277484,2022-11-01 17:20:16,Closed,WEST,CASCADE/EASTLAKE,7.0,98101.0,47.61588537,-122.33539744,Yes,No,Recreation amenity,Human waste,0.0
2022UOF-1269-2902-29489,Level 2 - Use of Force,2022-11-10 06:29:00,5708,30362,White,Female,2022,11,22-00277795,2022-11-02 08:41:21,Closed,NORTH,GREENWOOD/PHINNEY RIDGE,6.0,98117.0,47.69084508,-122.35832403,Unknown,No,Sidewalk,"Garbage/Loose litter,Bulky items",0.0
2022UOF-1269-2902-29489,Level 2 - Use of Force,2022-11-10 06:29:00,5708,30362,White,Female,2022,11,22-00277934,2022-11-02 10:14:02,Closed,NORTH,WALLINGFORD,4.0,98105.0,47.66187925,-122.32110344,Yes,Yes,Sidewalk,Garbage/Loose litter,0.0
2022UOF-1269-2902-29489,Level 2 - Use of Force,2022-11-10 06:29:00,5708,30362,White,Female,2022,11,22-00277956,2022-11-02 10:30:12,Closed,SOUTH,SOUTH BEACON HILL/NEWHOLLY,2.0,98118.0,47.52736301,-122.28134589,Yes,Yes,Other (please explain in the Description),Garbage/Loose litter,0.0
2022UOF-1269-2902-29489,Level 2 - Use of Force,2022-11-10 06:29:00,5708,30362,White,Female,2022,11,22-00278017,2022-11-02 11:06:27,Closed,NORTH,BROADVIEW/BITTER LAKE,5.0,98133.0,47.72941223,-122.34885668,No,No,Sidewalk,Bulky items,0.0
2022UOF-1269-2902-29489,Level 2 - Use of Force,2022-11-10 06:29:00,5708,30362,White,Female,2022,11,22-00278167,2022-11-02 12:45:13,Closed,WEST,CASCADE/EASTLAKE,7.0,98109.0,47.62529407,-122.34087697,Yes,No,"Sidewalk,Construction project","Garbage/Loose litter,Needles/Sharps,Hazardous materials (e.g., propane tanks),Bulky items,Human waste",0.0
2022UOF-1269-2902-29489,Level 2 - Use of Force,2022-11-10 06:29:00,5708,30362,White,Female,2022,11,22-00278206,2022-11-02 13:03:21,Closed,SOUTHWEST,NORTH DELRIDGE,1.0,98126.0,47.55392142,-122.36971078,Yes,Yes,"Sidewalk,Bike lane,Recreation amenity,Construction project",Garbage/Loose litter,0.0
2022UOF-1269-2902-29489,Level 2 - Use of Force,2022-11-10 06:29:00,5708,30362,White,Female,2022,11,22-00278271,2022-11-02 13:27:31,Closed,NORTH,LICTON SPRINGS,5.0,98103.0,47.69871702,-122.34276081,Yes,Yes,Other (please explain in the Description),Other (please explain in the Description),0.0
2022UOF-1269-2902-29489,Level 2 - Use of Force,2022-11-10 06:29:00,5708,30362,White,Female,2022,11,22-00278292,2022-11-02 13:33:43,Closed,SOUTHWEST,NORTH DELRIDGE,1.0,98126.0,47.57669786,-122.37175963,Yes,Yes,Recreation amenity,"Garbage/Loose litter,Needles/Sharps,Hazardous materials (e.g., propane tanks),Bulky items,Human waste",0.0
2022UOF-1269-2902-29489,Level 2 - Use of Force,2022-11-10 06:29:00,5708,30362,White,Female,2022,11,22-00278486,2022-11-02 15:22:26,Closed,WEST,CASCADE/EASTLAKE,7.0,98109.0,47.62094151,-122.33328446,Yes,No,Sidewalk,Garbage/Loose litter,0.0
2022UOF-1269-2902-29489,Level 2 - Use of Force,2022-11-10 06:29:00,5708,30362,White,Female,2022,11,22-00278799,2022-11-02 21:15:05,Closed,NORTH,HALLER LAKE,5.0,98125.0,47.71974158,-122.32817744,Yes,Yes,Sidewalk,Garbage/Loose litter,0.0
2022UOF-1269-2902-29489,Level 2 - Use of Force,2022-11-10 06:29:00,5708,30362,White,Female,2022,11,22-00278974,2022-11-03 08:42:24,Closed,WEST,CASCADE/EASTLAKE,7.0,98109.0,47.61842339,-122.35075119,Yes,No,"Sidewalk,Recreation amenity","Garbage/Loose litter,Bulky items",0.0
2022UOF-1269-2902-29489,Level 2 - Use of Force,2022-11-10 06:29:00,5708,30362,White,Female,2022,11,22-00279038,2022-11-03 09:22:42,Closed,WEST,CASCADE/EASTLAKE,7.0,98109.0,47.62529407,-122.34087697,Yes,Yes,"Sidewalk,Bike lane,Recreation amenity,Construction project,Entrance to business,Entrance to residence","Garbage/Loose litter,Needles/Sharps,Hazardous materials (e.g., propane tanks),Bulky items,Human waste",0.0
2022UOF-1269-2902-29489,Level 2 - Use of Force,2022-11-10 06:29:00,5708,30362,White,Female,2022,11,22-00279158,2022-11-03 10:25:06,Closed,EAST,CENTRAL AREA/SQUIRE PARK,3.0,98122.0,47.60933529,-122.30057865,Yes,Yes,Sidewalk,"Hazardous materials (e.g., propane tanks)",0.0
2022UOF-1269-2902-29489,Level 2 - Use of Force,2022-11-10 06:29:00,5708,30362,White,Female,2022,11,22-00279321,2022-11-03 13:18:39,Closed,NORTH,WALLINGFORD,4.0,98105.0,47.65583476,-122.32502312,Yes,Unknown,Other (please explain in the Description),Garbage/Loose litter,0.0
2022UOF-1269-2902-29489,Level 2 - Use of Force,2022-11-10 06:29:00,5708,30362,White,Female,2022,11,22-00279849,2022-11-04 08:47:22,Closed,EAST,CAPITOL HILL,3.0,98122.0,47.61777236,-122.3166353,Yes,No,Sidewalk,"Garbage/Loose litter,Needles/Sharps,Hazardous materials (e.g., propane tanks),Bulky items,Human waste",0.0
2022UOF-1269-2902-29489,Level 2 - Use of Force,2022-11-10 06:29:00,5708,30362,White,Female,2022,11,22-00279900,2022-11-04 09:31:41,Closed,WEST,QUEEN ANNE,7.0,98109.0,47.62487381,-122.35382676,Yes,No,Sidewalk,"Bulky items,Other (please explain in the Description),Garbage/Loose litter",0.0
2022UOF-1269-2902-29489,Level 2 - Use of Force,2022-11-10 06:29:00,5708,30362,White,Female,2022,11,22-00279946,2022-11-04 10:07:58,Closed,NORTH,OLYMPIC HILLS/VICTORY HEIGHTS,5.0,98125.0,47.72891583,-122.31227199,No,No,Recreation amenity,Bulky items,0.0
2022UOF-1269-2902-29489,Level 2 - Use of Force,2022-11-10 06:29:00,5708,30362,White,Female,2022,11,22-00279992,2022-11-04 10:40:13,Closed,WEST,QUEEN ANNE,7.0,98109.0,47.6319936,-122.34309595,Yes,No,"Sidewalk,Recreation amenity",Garbage/Loose litter,0.0
2022UOF-1269-2902-29489,Level 2 - Use of Force,2022-11-10 06:29:00,5708,30362,White,Female,2022,11,22-00280287,2022-11-04 14:49:13,Closed,SOUTHWEST,SOUTH PARK,1.0,98108.0,47.5384942,-122.33510981,Yes,Yes,No blockage,"Human waste,Bulky items,Hazardous materials (e.g., propane tanks),Garbage/Loose litter",0.0
2022UOF-1269-2902-29489,Level 2 - Use of Force,2022-11-10 06:29:00,5708,30362,White,Female,2022,11,22-00280310,2022-11-04 15:01:15,Closed,NORTH,HALLER LAKE,5.0,98133.0,47.72183143,-122.34327646,Yes,Yes,"Sidewalk,Entrance to business","Garbage/Loose litter,Needles/Sharps,Hazardous materials (e.g., propane tanks),Bulky items,Human waste",0.0
2022UOF-1269-2902-29489,Level 2 - Use of Force,2022-11-10 06:29:00,5708,30362,White,Female,2022,11,22-00280330,2022-11-04 15:19:21,Closed,NORTH,WHITTIER HEIGHTS,6.0,98117.0,47.68907519,-122.37577166,Yes,Yes,Sidewalk,Garbage/Loose litter,0.0
2022UOF-1269-2902-29489,Level 2 - Use of Force,2022-11-10 06:29:00,5708,30362,White,Female,2022,11,22-00280335,2022-11-04 15:29:25,Closed,EAST,CAPITOL HILL,3.0,98102.0,47.62120779,-122.3261889,Yes,No,Entrance to residence,Human waste,0.0
2022UOF-1269-2902-29489,Level 2 - Use of Force,2022-11-10 06:29:00,5708,30362,White,Female,2022,11,22-00280357,2022-11-04 15:53:42,Closed,SOUTHWEST,ALKI/ADMIRAL,1.0,98126.0,47.58654741,-122.37804317,Yes,Yes,Bike lane,"Garbage/Loose litter,Bulky items,Hazardous materials (e.g., propane tanks)",0.0
2022UOF-1269-2902-29489,Level 2 - Use of Force,2022-11-10 06:29:00,5708,30362,White,Female,2022,11,22-00280429,2022-11-04 16:53:30,Closed,SOUTH,MT. BAKER/NORTH RAINIER,3.0,98144.0,47.58251237,-122.29606034,Yes,Yes,No blockage,Garbage/Loose litter,0.0
2022UOF-1269-2902-29489,Level 2 - Use of Force,2022-11-10 06:29:00,5708,30362,White,Female,2022,11,22-00280607,2022-11-05 09:11:34,Closed,EAST,CASCADE/EASTLAKE,3.0,98102.0,47.63239348,-122.32256066,Yes,Yes,Bike lane,Garbage/Loose litter,1.0
2022UOF-1269-2902-29489,Level 2 - Use of Force,2022-11-10 06:29:00,5708,30362,White,Female,2022,11,22-00280710,2022-11-05 11:16:30,Closed,WEST,CASCADE/EASTLAKE,4.0,98102.0,47.6324583,-122.32657841,Yes,Yes,Sidewalk,"Garbage/Loose litter,Needles/Sharps,Hazardous materials (e.g., propane tanks),Bulky items,Other (please explain in the Description)",1.0
2022UOF-1269-2902-29489,Level 2 - Use of Force,2022-11-10 06:29:00,5708,30362,White,Female,2022,11,22-00280740,2022-11-05 12:06:57,Closed,EAST,CENTRAL AREA/SQUIRE PARK,3.0,98122.0,47.61540502,-122.30719934,Yes,No,No blockage,Garbage/Loose litter,1.0
2022UOF-1269-2902-29489,Level 2 - Use of Force,2022-11-10 06:29:00,5708,30362,White,Female,2022,11,22-00280774,2022-11-05 12:55:15,Closed,EAST,CAPITOL HILL,3.0,98122.0,47.61776274,-122.31832136,Yes,No,Recreation amenity,"Garbage/Loose litter,Bulky items",1.0
2022UOF-1269-2902-29489,Level 2 - Use of Force,2022-11-10 06:29:00,5708,30362,White,Female,2022,11,22-00280956,2022-11-05 17:01:07,Closed,EAST,NORTH BEACON HILL/JEFFERSON PARK,3.0,98144.0,47.59096337,-122.3076384,Yes,No,"Sidewalk,Bike lane","Garbage/Loose litter,Needles/Sharps,Bulky items,Human waste",1.0
2022UOF-1269-2902-29489,Level 2 - Use of Force,2022-11-10 06:29:00,5708,30362,White,Female,2022,11,22-00281005,2022-11-05 19:46:28,Closed,EAST,JUDKINS PARK,3.0,98144.0,47.60048876,-122.3113724,Yes,Yes,"Sidewalk,Recreation amenity,Entrance to business,Entrance to residence","Garbage/Loose litter,Needles/Sharps,Hazardous materials (e.g., propane tanks),Bulky items,Human waste",1.0
2022UOF-1269-2902-29489,Level 2 - Use of Force,2022-11-10 06:29:00,5708,30362,White,Female,2022,11,22-00281085,2022-11-06 08:24:10,Closed,WEST,CASCADE/EASTLAKE,7.0,98109.0,47.62529407,-122.34087697,Yes,No,"Sidewalk,Construction project","Garbage/Loose litter,Needles/Sharps,Hazardous materials (e.g., propane tanks),Bulky items,Human waste",1.0
2022UOF-1269-2902-29489,Level 2 - Use of Force,2022-11-10 06:29:00,5708,30362,White,Female,2022,11,22-00281094,2022-11-06 09:00:31,Closed,SOUTHWEST,SOUTH PARK,1.0,98108.0,47.52415029,-122.31568603,Yes,White,Sidewalk,Bulky items,1.0
2022UOF-1269-2902-29489,Level 2 - Use of Force,2022-11-10 06:29:00,5708,30362,White,Female,2022,11,22-00281123,2022-11-06 09:46:51,Closed,WEST,PIONEER SQUARE/INTERNATIONAL DISTRICT,7.0,98104.0,47.60026852,-122.33312521,Yes,No,Recreation amenity,"Garbage/Loose litter,Needles/Sharps,Bulky items,Human waste",1.0
2022UOF-1269-2902-29489,Level 2 - Use of Force,2022-11-10 06:29:00,5708,30362,White,Female,2022,11,22-00281135,2022-11-06 10:13:02,Closed,NORTH,BALLARD,6.0,98107.0,47.66317537,-122.37282743,Yes,Yes,Sidewalk,"Garbage/Loose litter,Bulky items",1.0
2022UOF-1269-2902-29489,Level 2 - Use of Force,2022-11-10 06:29:00,5708,30362,White,Female,2022,11,22-00281165,2022-11-06 10:47:15,Closed,NORTH,BROADVIEW/BITTER LAKE,5.0,98133.0,47.71785336,-122.34856738,Yes,No,No blockage,Garbage/Loose litter,1.0
2022UOF-1269-2902-29489,Level 2 - Use of Force,2022-11-10 06:29:00,5708,30362,White,Female,2022,11,22-00281166,2022-11-06 10:49:16,Closed,NORTH,WALLINGFORD,4.0,98103.0,47.65929841,-122.33772655,Unknown,Yes,Recreation amenity,"Garbage/Loose litter,Needles/Sharps,Hazardous materials (e.g., propane tanks)",1.0
2022UOF-1269-2902-29489,Level 2 - Use of Force,2022-11-10 06:29:00,5708,30362,White,Female,2022,11,22-00281216,2022-11-06 11:37:38,Closed,EAST,CENTRAL AREA/SQUIRE PARK,3.0,98122.0,47.60933529,-122.30057865,Yes,Yes,"Sidewalk,Recreation amenity,Entrance to residence,Entrance to business","Garbage/Loose litter,Needles/Sharps,Hazardous materials (e.g., propane tanks),Human waste,Bulky items",1.0
2022UOF-1269-2902-29489,Level 2 - Use of Force,2022-11-10 06:29:00,5708,30362,White,Female,2022,11,22-00281242,2022-11-06 12:15:56,Closed,NORTH,GREENWOOD/PHINNEY RIDGE,6.0,98117.0,47.69084508,-122.35832403,No,No,Sidewalk,Bulky items,1.0
2022UOF-1269-2902-29489,Level 2 - Use of Force,2022-11-10 06:29:00,5708,30362,White,Female,2022,11,22-00281246,2022-11-06 12:17:59,Closed,EAST,CENTRAL AREA/SQUIRE PARK,3.0,98122.0,47.61727427,-122.30994859,Yes,Yes,Sidewalk,"Garbage/Loose litter,Needles/Sharps,Hazardous materials (e.g., propane tanks),Bulky items,Human waste",1.0
2022UOF-1269-2902-29489,Level 2 - Use of Force,2022-11-10 06:29:00,5708,30362,White,Female,2022,11,22-00281278,2022-11-06 13:00:16,Closed,NORTH,BALLARD,6.0,98107.0,47.65904954,-122.36594896,Yes,Unknown,"Recreation amenity,Bike lane,Sidewalk","Garbage/Loose litter,Bulky items,Hazardous materials (e.g., propane tanks)",1.0
2022UOF-1269-2902-29489,Level 2 - Use of Force,2022-11-10 06:29:00,5708,30362,White,Female,2022,11,22-00281313,2022-11-06 14:10:49,Closed,SOUTHWEST,NORTH DELRIDGE,1.0,98106.0,47.5599289,-122.36260387,Yes,Yes,Other (please explain in the Description),Garbage/Loose litter,1.0
2022UOF-1269-2902-29489,Level 2 - Use of Force,2022-11-10 06:29:00,5708,30362,White,Female,2022,11,22-00281345,2022-11-06 14:49:08,Closed,NORTH,BROADVIEW/BITTER LAKE,5.0,98133.0,47.72160047,-122.34761282,Yes,Yes,Sidewalk,"Garbage/Loose litter,Needles/Sharps",1.0
2022UOF-1269-2902-29489,Level 2 - Use of Force,2022-11-10 06:29:00,5708,30362,White,Female,2022,11,22-00281357,2022-11-06 15:27:24,Closed,EAST,MADRONA/LESCHI,3.0,98122.0,47.61070771,-122.28276224,Yes,No,Other (please explain in the Description),Garbage/Loose litter,1.0
2022UOF-1269-2902-29489,Level 2 - Use of Force,2022-11-10 06:29:00,5708,30362,White,Female,2022,11,22-00281444,2022-11-06 18:06:36,Closed,SOUTHWEST,ROXHILL/WESTWOOD,1.0,98106.0,47.52451398,-122.364239,Yes,No,No blockage,Garbage/Loose litter,1.0
2022UOF-1269-2902-29489,Level 2 - Use of Force,2022-11-10 06:29:00,5708,30362,White,Female,2022,11,22-00281464,2022-11-06 18:59:00,Closed,NORTH,HALLER LAKE,5.0,98133.0,47.72194814,-122.34403191,Yes,Yes,Other (please explain in the Description),"Bulky items,Human waste,Hazardous materials (e.g., propane tanks),Garbage/Loose litter",1.0
2022UOF-1269-2902-29489,Level 2 - Use of Force,2022-11-10 06:29:00,5708,30362,White,Female,2022,11,22-00281507,2022-11-06 22:02:23,Closed,EAST,CENTRAL AREA/SQUIRE PARK,3.0,98122.0,47.61052964,-122.30860407,Yes,No,No blockage,"Bulky items,Garbage/Loose litter",1.0
2022UOF-1269-2902-29489,Level 2 - Use of Force,2022-11-10 06:29:00,5708,30362,White,Female,2022,11,22-00281644,2022-11-07 08:35:12,Closed,SOUTHWEST,ROXHILL/WESTWOOD,1.0,98126.0,47.52459344,-122.36766749,Yes,Yes,Sidewalk,"Garbage/Loose litter,Hazardous materials (e.g., propane tanks)",0.0
2022UOF-1269-2902-29489,Level 2 - Use of Force,2022-11-10 06:29:00,5708,30362,White,Female,2022,11,22-00281870,2022-11-07 10:44:11,Closed,SOUTHWEST,NORTH DELRIDGE,1.0,98106.0,47.57057451,-122.35708353,Yes,Yes,No blockage,"Garbage/Loose litter,Needles/Sharps,Hazardous materials (e.g., propane tanks),Bulky items,Human waste",0.0
2022UOF-1269-2902-29489,Level 2 - Use of Force,2022-11-10 06:29:00,5708,30362,White,Female,2022,11,22-00281937,2022-11-07 11:38:40,Closed,WEST,INTERBAY,7.0,98119.0,47.63377152,-122.37559113,Yes,No,No blockage,"Human waste,Bulky items,Hazardous materials (e.g., propane tanks),Needles/Sharps,Garbage/Loose litter",0.0
2022UOF-1269-2902-29489,Level 2 - Use of Force,2022-11-10 06:29:00,5708,30362,White,Female,2022,11,22-00282009,2022-11-07 12:35:02,Closed,SOUTH,NORTH BEACON HILL/JEFFERSON PARK,2.0,98144.0,47.59468801,-122.31695012,Yes,Unknown,Other (please explain in the Description),Other (please explain in the Description),0.0
2022UOF-1269-2902-29489,Level 2 - Use of Force,2022-11-10 06:29:00,5708,30362,White,Female,2022,11,22-00282138,2022-11-07 14:48:03,Closed,WEST,CASCADE/EASTLAKE,4.0,98102.0,47.6324583,-122.32657841,Yes,Yes,"Sidewalk,Entrance to business,Other (please explain in the Description)","Garbage/Loose litter,Needles/Sharps,Hazardous materials (e.g., propane tanks),Bulky items,Human waste",0.0
2022UOF-1269-2902-29489,Level 2 - Use of Force,2022-11-10 06:29:00,5708,30362,White,Female,2022,11,22-00282149,2022-11-07 14:56:07,Closed,NORTH,BALLARD,6.0,98107.0,47.6639338,-122.37031958,Yes,Yellow,Sidewalk,"Bulky items,Garbage/Loose litter",0.0
2022UOF-1269-2902-29489,Level 2 - Use of Force,2022-11-10 06:29:00,5708,30362,White,Female,2022,11,22-00282186,2022-11-07 15:24:20,Closed,SOUTHWEST,NORTH DELRIDGE,1.0,98126.0,47.58380171,-122.37451272,Unknown,Yes,"Sidewalk,Bike lane","Garbage/Loose litter,Needles/Sharps,Hazardous materials (e.g., propane tanks),Bulky items",0.0
2022UOF-1269-2902-29489,Level 2 - Use of Force,2022-11-10 06:29:00,5708,30362,White,Female,2022,11,22-00282372,2022-11-07 19:16:07,Closed,NORTH,WHITTIER HEIGHTS,6.0,98117.0,47.68994468,-122.3752917,Unknown,Yes,Sidewalk,Garbage/Loose litter,0.0
2022UOF-1269-2902-29489,Level 2 - Use of Force,2022-11-10 06:29:00,5708,30362,White,Female,2022,11,22-00282537,2022-11-08 08:06:03,Closed,SOUTHWEST,ROXHILL/WESTWOOD,1.0,98126.0,47.52249058,-122.37027015,Yes,White,Sidewalk,Garbage/Loose litter,0.0
2022UOF-1269-2902-29489,Level 2 - Use of Force,2022-11-10 06:29:00,5708,30362,White,Female,2022,11,22-00282584,2022-11-08 08:46:23,Closed,NORTH,FREMONT,6.0,98107.0,47.66389182,-122.36423396,Yes,Silver,Bike lane,Garbage/Loose litter,0.0
2022UOF-1269-2902-29489,Level 2 - Use of Force,2022-11-10 06:29:00,5708,30362,White,Female,2022,11,22-00282709,2022-11-08 10:08:57,Closed,EAST,MADRONA/LESCHI,3.0,98122.0,47.61058546,-122.28277608,Yes,No,Recreation amenity,Garbage/Loose litter,0.0
2022UOF-1269-2902-29489,Level 2 - Use of Force,2022-11-10 06:29:00,5708,30362,White,Female,2022,11,22-00282818,2022-11-08 11:11:29,Closed,NORTH,WHITTIER HEIGHTS,6.0,98117.0,47.6778837,-122.37741497,Yes,No,Sidewalk,Bulky items,0.0
2022UOF-1269-2902-29489,Level 2 - Use of Force,2022-11-10 06:29:00,5708,30362,White,Female,2022,11,22-00282827,2022-11-08 11:23:31,Closed,EAST,MADRONA/LESCHI,3.0,98122.0,47.61130669,-122.28253306,Yes,Unknown,Recreation amenity,"Garbage/Loose litter,Needles/Sharps,Bulky items",0.0
2022UOF-1269-2902-29489,Level 2 - Use of Force,2022-11-10 06:29:00,5708,30362,White,Female,2022,11,22-00282933,2022-11-08 12:51:25,Closed,WEST,PIONEER SQUARE/INTERNATIONAL DISTRICT,7.0,98104.0,47.60026852,-122.33312521,Yes,No,Recreation amenity,Garbage/Loose litter,0.0
2022UOF-1269-2902-29489,Level 2 - Use of Force,2022-11-10 06:29:00,5708,30362,White,Female,2022,11,22-00282994,2022-11-08 13:43:36,Closed,NORTH,BALLARD,6.0,98107.0,47.65904954,-122.36594896,Yes,No,No blockage,"Garbage/Loose litter,Bulky items",0.0
2022UOF-1269-2902-29489,Level 2 - Use of Force,2022-11-10 06:29:00,5708,30362,White,Female,2022,11,22-00283150,2022-11-08 14:28:13,Closed,WEST,INTERBAY,7.0,98119.0,47.62913733,-122.37101825,Yes,Yes,"Sidewalk,Other (please explain in the Description)","Garbage/Loose litter,Needles/Sharps,Hazardous materials (e.g., propane tanks),Bulky items,Human waste",0.0
2022UOF-1269-2902-29489,Level 2 - Use of Force,2022-11-10 06:29:00,5708,30362,White,Female,2022,11,22-00283153,2022-11-08 14:29:57,Closed,SOUTHWEST,SOUTH PARK,1.0,98108.0,47.52747987,-122.31574814,Yes,No,Construction project,"Garbage/Loose litter,Hazardous materials (e.g., propane tanks),Bulky items,Human waste,Needles/Sharps",0.0
2022UOF-1269-2902-29489,Level 2 - Use of Force,2022-11-10 06:29:00,5708,30362,White,Female,2022,11,22-00283227,2022-11-08 15:40:29,Closed,EAST,CAPITOL HILL,3.0,98102.0,47.62120779,-122.3261889,Yes,Yes,Entrance to residence,"Garbage/Loose litter,Hazardous materials (e.g., propane tanks),Bulky items,Human waste",0.0
2022UOF-1269-2902-29489,Level 2 - Use of Force,2022-11-10 06:29:00,5708,30362,White,Female,2022,11,22-00283300,2022-11-08 16:34:54,Closed,NORTH,GREEN LAKE,6.0,98115.0,47.68242053,-122.32905021,Yes,No,"Other (please explain in the Description),No blockage","Garbage/Loose litter,Bulky items",0.0
2022UOF-1269-2902-29489,Level 2 - Use of Force,2022-11-10 06:29:00,5708,30362,White,Female,2022,11,22-00283319,2022-11-08 16:54:13,Closed,NORTH,WEDGWOOD/VIEW RIDGE,4.0,98115.0,47.68813593,-122.29476091,Yes,No,Recreation amenity,Other (please explain in the Description),0.0
2022UOF-1269-2902-29489,Level 2 - Use of Force,2022-11-10 06:29:00,5708,30362,White,Female,2022,11,22-00283359,2022-11-08 18:09:38,Closed,NORTH,FREMONT,6.0,98107.0,47.66309672,-122.36511507,Yes,Yes,Sidewalk,Garbage/Loose litter,0.0
2022UOF-1269-2902-29489,Level 2 - Use of Force,2022-11-10 06:29:00,5708,30362,White,Female,2022,11,22-00283384,2022-11-08 19:06:04,Closed,NORTH,LICTON SPRINGS,5.0,98133.0,47.70584924,-122.34977133,Unknown,White,Sidewalk,"Garbage/Loose litter,Human waste,Bulky items",0.0
2022UOF-1269-2902-29489,Level 2 - Use of Force,2022-11-10 06:29:00,5708,30362,White,Female,2022,11,22-00283434,2022-11-08 23:11:57,Closed,NORTH,BROADVIEW/BITTER LAKE,5.0,98133.0,47.72175431,-122.34798127,Yes,Yes,"Sidewalk,Entrance to business","Garbage/Loose litter,Hazardous materials (e.g., propane tanks),Bulky items,Other (please explain in the Description)",0.0
2022UOF-1269-2902-29489,Level 2 - Use of Force,2022-11-10 06:29:00,5708,30362,White,Female,2022,11,22-00283436,2022-11-08 23:46:13,Closed,NORTH,BALLARD,6.0,98107.0,47.66384617,-122.37015787,Yes,Yellow,Sidewalk,Garbage/Loose litter,0.0
2022UOF-1269-2902-29489,Level 2 - Use of Force,2022-11-10 06:29:00,5708,30362,White,Female,2022,11,22-00283597,2022-11-09 09:19:46,Closed,NORTH,GREEN LAKE,4.0,98115.0,47.67841666,-122.31949051,Yes,Yes,No blockage,Garbage/Loose litter,0.0
2022UOF-1269-2902-29489,Level 2 - Use of Force,2022-11-10 06:29:00,5708,30362,White,Female,2022,11,22-00283636,2022-11-09 09:37:52,Closed,EAST,CAPITOL HILL,3.0,98102.0,47.62353964,-122.31824303,Yes,No,Recreation amenity,Garbage/Loose litter,0.0
2022UOF-1269-2902-29489,Level 2 - Use of Force,2022-11-10 06:29:00,5708,30362,White,Female,2022,11,22-00283737,2022-11-09 10:48:17,Closed,NORTH,BALLARD,6.0,98107.0,47.66547702,-122.38026426,Yes,Yes,Sidewalk,"Garbage/Loose litter,Hazardous materials (e.g., propane tanks),Bulky items",0.0
2022UOF-1269-2902-29489,Level 2 - Use of Force,2022-11-10 06:29:00,5708,30362,White,Female,2022,11,22-00283749,2022-11-09 10:58:21,Closed,SOUTH,DUWAMISH/SODO,2.0,98134.0,47.57525467,-122.33564563,Unknown,Yes,Entrance to business,Garbage/Loose litter,0.0
2022UOF-1269-2902-29489,Level 2 - Use of Force,2022-11-10 06:29:00,5708,30362,White,Female,2022,11,22-00283817,2022-11-09 11:46:57,Closed,NORTH,FREMONT,6.0,98107.0,47.66300308,-122.36416613,Yes,Yes,No blockage,"Garbage/Loose litter,Needles/Sharps,Hazardous materials (e.g., propane tanks)",0.0
2022UOF-1269-2902-29489,Level 2 - Use of Force,2022-11-10 06:29:00,5708,30362,White,Female,2022,11,22-00283967,2022-11-09 13:37:47,Closed,SOUTHWEST,NORTH DELRIDGE,1.0,98126.0,47.58386771,-122.37505009,Yes,Yes,Bike lane,Garbage/Loose litter,0.0
2022UOF-1269-2902-29489,Level 2 - Use of Force,2022-11-10 06:29:00,5708,30362,White,Female,2022,11,22-00283969,2022-11-09 13:41:38,Closed,SOUTHWEST,HIGH POINT,1.0,98126.0,47.55369382,-122.36801665,Yes,White,"Sidewalk,Bike lane,Recreation amenity,Construction project",Garbage/Loose litter,0.0
2022UOF-1269-2902-29489,Level 2 - Use of Force,2022-11-10 06:29:00,5708,30362,White,Female,2022,11,22-00284026,2022-11-09 14:38:08,Closed,NORTH,BALLARD,6.0,98107.0,47.66259897,-122.36916636,Unknown,Yes,Sidewalk,"Garbage/Loose litter,Needles/Sharps,Hazardous materials (e.g., propane tanks),Bulky items,Human waste",0.0
2022UOF-1269-2902-29489,Level 2 - Use of Force,2022-11-10 06:29:00,5708,30362,White,Female,2022,11,22-00284035,2022-11-09 14:58:11,Closed,NORTH,FREMONT,6.0,98107.0,47.66312572,-122.36423589,Yes,Yes,Sidewalk,"Garbage/Loose litter,Needles/Sharps,Hazardous materials (e.g., propane tanks),Bulky items,Human waste",0.0
2022UOF-1269-2902-29489,Level 2 - Use of Force,2022-11-10 06:29:00,5708,30362,White,Female,2022,11,22-00284194,2022-11-09 17:21:19,Closed,SOUTH,GEORGETOWN,2.0,98108.0,47.5529724,-122.32472155,Yes,Yes,Other (please explain in the Description),"Hazardous materials (e.g., propane tanks)",0.0
2022UOF-1269-2902-29489,Level 2 - Use of Force,2022-11-10 06:29:00,5708,30362,White,Female,2022,11,22-00284252,2022-11-09 20:02:31,Closed,NORTH,CEDAR PARK/MEADOWBROOK,5.0,98125.0,47.72032874,-122.29212987,Yes,Yes,Sidewalk,"Garbage/Loose litter,Bulky items,Needles/Sharps",0.0
2022UOF-1269-2902-29489,Level 2 - Use of Force,2022-11-10 06:29:00,5708,30362,White,Female,2022,11,22-00284259,2022-11-09 20:44:50,Closed,NORTH,HALLER LAKE,5.0,98125.0,47.7210635,-122.32922899,Yes,Yes,Recreation amenity,"Garbage/Loose litter,Bulky items",0.0
2022UOF-1269-2902-29489,Level 2 - Use of Force,2022-11-10 06:29:00,5708,30362,White,Female,2022,11,22-00284324,2022-11-10 07:01:35,Closed,NORTH,CEDAR PARK/MEADOWBROOK,5.0,98125.0,47.72108708,-122.29216989,Yes,Yes,Sidewalk,"Garbage/Loose litter,Needles/Sharps,Hazardous materials (e.g., propane tanks),Bulky items,Human waste",0.0
2022UOF-1269-2902-29489,Level 2 - Use of Force,2022-11-10 06:29:00,5708,30362,White,Female,2022,11,22-00284419,2022-11-10 08:54:24,Closed,WEST,CASCADE/EASTLAKE,7.0,98109.0,47.61842339,-122.35075119,Unknown,No,Sidewalk,Garbage/Loose litter,0.0
2022UOF-1269-2902-29489,Level 2 - Use of Force,2022-11-10 06:29:00,5708,30362,White,Female,2022,11,22-00284630,2022-11-10 11:37:39,Closed,SOUTHWEST,RIVERVIEW,1.0,98106.0,47.54647558,-122.35520995,Unknown,Yes,Sidewalk,"Garbage/Loose litter,Bulky items",0.0
2022UOF-1269-2902-29489,Level 2 - Use of Force,2022-11-10 06:29:00,5708,30362,White,Female,2022,11,22-00284837,2022-11-10 14:28:58,Closed,NORTH,BALLARD,6.0,98107.0,47.67070957,-122.38449553,Unknown,Unknown,Sidewalk,Garbage/Loose litter,0.0
2022UOF-1269-2902-29489,Level 2 - Use of Force,2022-11-10 06:29:00,5708,30362,White,Female,2022,11,22-00284897,2022-11-10 15:29:26,Closed,WEST,QUEEN ANNE,7.0,98109.0,47.63242869,-122.34382904,Yes,No,"Sidewalk,Bike lane,Entrance to residence","Needles/Sharps,Bulky items,Human waste,Garbage/Loose litter",0.0
2022UOF-1269-2902-29489,Level 2 - Use of Force,2022-11-10 06:29:00,5708,30362,White,Female,2022,11,22-00285003,2022-11-10 17:38:25,Closed,SOUTHWEST,HIGH POINT,1.0,98126.0,47.55369559,-122.36871089,Yes,Yes,Recreation amenity,"Garbage/Loose litter,Hazardous materials (e.g., propane tanks)",0.0
2022UOF-1269-2902-29489,Level 2 - Use of Force,2022-11-10 06:29:00,5708,30362,White,Female,2022,11,22-00285014,2022-11-10 18:40:55,Closed,SOUTHWEST,NORTH DELRIDGE,1.0,98126.0,47.57519388,-122.37142949,Yes,Yes,Other (please explain in the Description),Bulky items,0.0
2022UOF-1269-2902-29489,Level 2 - Use of Force,2022-11-10 06:29:00,5708,30362,White,Female,2022,11,22-00285079,2022-11-10 22:10:30,Closed,WEST,PIONEER SQUARE/INTERNATIONAL DISTRICT,2.0,98144.0,47.59618108,-122.31756979,Unknown,No,No blockage,Garbage/Loose litter,0.0
2022UOF-1269-2902-29489,Level 2 - Use of Force,2022-11-10 06:29:00,5708,30362,White,Female,2022,11,22-00285158,2022-11-11 08:35:18,Closed,SOUTH,COLUMBIA CITY,2.0,98144.0,47.57182633,-122.29638914,Unknown,No,Sidewalk,Bulky items,0.0
2022UOF-1269-2902-29489,Level 2 - Use of Force,2022-11-10 06:29:00,5708,30362,White,Female,2022,11,22-00285160,2022-11-11 08:41:18,Closed,SOUTHWEST,SOUTH PARK,1.0,98108.0,47.52747987,-122.31574814,Yes,No,No blockage,"Garbage/Loose litter,Needles/Sharps,Hazardous materials (e.g., propane tanks),Bulky items,Human waste",0.0
2022UOF-1269-2902-29489,Level 2 - Use of Force,2022-11-10 06:29:00,5708,30362,White,Female,2022,11,22-00285168,2022-11-11 08:55:27,Closed,NORTH,WALLINGFORD,4.0,98105.0,47.65930131,-122.31906333,No,No,Recreation amenity,Garbage/Loose litter,0.0
2022UOF-1269-2902-29489,Level 2 - Use of Force,2022-11-10 06:29:00,5708,30362,White,Female,2022,11,22-00285192,2022-11-11 09:19:36,Closed,NORTH,BALLARD,6.0,98107.0,47.66259897,-122.36916636,Yes,Yes,"Sidewalk,Bike lane","Garbage/Loose litter,Needles/Sharps,Hazardous materials (e.g., propane tanks),Bulky items,Human waste",0.0
2022UOF-1269-2902-29489,Level 2 - Use of Force,2022-11-10 06:29:00,5708,30362,White,Female,2022,11,22-00285242,2022-11-11 10:26:13,Closed,WEST,INTERBAY,7.0,98119.0,47.62913733,-122.37101825,Yes,Yes,No blockage,"Garbage/Loose litter,Needles/Sharps,Hazardous materials (e.g., propane tanks),Bulky items,Other (please explain in the Description)",0.0
2022UOF-1269-2902-29489,Level 2 - Use of Force,2022-11-10 06:29:00,5708,30362,White,Female,2022,11,22-00285285,2022-11-11 11:12:30,Closed,SOUTH,SOUTH BEACON HILL/NEWHOLLY,2.0,98118.0,47.52677277,-122.28074198,Yes,Yes,"Sidewalk,Bike lane,Recreation amenity,Other (please explain in the Description)","Garbage/Loose litter,Hazardous materials (e.g., propane tanks),Bulky items",0.0
2022UOF-1269-2902-29489,Level 2 - Use of Force,2022-11-10 06:29:00,5708,30362,White,Female,2022,11,22-00285341,2022-11-11 12:51:19,Closed,WEST,QUEEN ANNE,7.0,98109.0,47.6319936,-122.34309595,Yes,No,Sidewalk,"Garbage/Loose litter,Needles/Sharps",0.0
2022UOF-1269-2902-29489,Level 2 - Use of Force,2022-11-10 06:29:00,5708,30362,White,Female,2022,11,22-00285355,2022-11-11 13:25:29,Closed,EAST,CAPITOL HILL,3.0,98122.0,47.61426548,-122.31977186,Unknown,No,Other (please explain in the Description),"Garbage/Loose litter,Needles/Sharps",0.0
2022UOF-1269-2902-29489,Level 2 - Use of Force,2022-11-10 06:29:00,5708,30362,White,Female,2022,11,22-00285373,2022-11-11 13:53:44,Closed,EAST,CAPITOL HILL,3.0,98122.0,47.61775471,-122.31735129,Yes,No,Sidewalk,"Bulky items,Garbage/Loose litter",0.0
2022UOF-1269-2902-29489,Level 2 - Use of Force,2022-11-10 06:29:00,5708,30362,White,Female,2022,11,22-00285461,2022-11-11 17:04:48,Closed,SOUTH,NORTH BEACON HILL/JEFFERSON PARK,2.0,98108.0,47.56023847,-122.30552012,Yes,Yes,Other (please explain in the Description),Needles/Sharps,0.0
2022UOF-1269-2902-29489,Level 2 - Use of Force,2022-11-10 06:29:00,5708,30362,White,Female,2022,11,22-00285492,2022-11-12 06:13:14,Closed,SOUTHWEST,SOUTH PARK,1.0,98108.0,47.52157659,-122.33455943,Yes,Yes,No blockage,"Garbage/Loose litter,Bulky items,Hazardous materials (e.g., propane tanks)",1.0
2022UOF-1269-2902-29489,Level 2 - Use of Force,2022-11-10 06:29:00,5708,30362,White,Female,2022,11,22-00285584,2022-11-12 06:21:16,Closed,EAST,CAPITOL HILL,3.0,98122.0,47.61775471,-122.31735129,Yes,Yes,"Sidewalk,Entrance to residence,Entrance to business","Garbage/Loose litter,Needles/Sharps,Hazardous materials (e.g., propane tanks),Human waste,Bulky items",1.0
2022UOF-1269-2902-29489,Level 2 - Use of Force,2022-11-10 06:29:00,5708,30362,White,Female,2022,11,22-00285647,2022-11-12 08:19:29,Closed,SOUTHWEST,ARBOR HEIGHTS,1.0,98146.0,47.50975047,-122.38463262,Yes,Unknown,"No blockage,Other (please explain in the Description)","None,Other (please explain in the Description)",1.0
2022UOF-1269-2902-29489,Level 2 - Use of Force,2022-11-10 06:29:00,5708,30362,White,Female,2022,11,22-00285859,2022-11-12 13:52:42,Closed,WEST,PIONEER SQUARE/INTERNATIONAL DISTRICT,2.0,98104.0,47.59956014,-122.32235691,Yes,No,No blockage,"Garbage/Loose litter,Bulky items",1.0
2022UOF-1269-2902-29489,Level 2 - Use of Force,2022-11-10 06:29:00,5708,30362,White,Female,2022,11,22-00285884,2022-11-12 14:45:06,Closed,NORTH,BALLARD,6.0,98107.0,47.66279835,-122.36895857,Yes,Yes,Sidewalk,"Garbage/Loose litter,Needles/Sharps,Hazardous materials (e.g., propane tanks),Bulky items,Human waste",1.0
2022UOF-1269-2902-29489,Level 2 - Use of Force,2022-11-10 06:29:00,5708,30362,White,Female,2022,11,22-00285942,2022-11-12 16:23:51,Closed,WEST,CASCADE/EASTLAKE,7.0,98109.0,47.62525762,-122.34019167,Yes,Yes,"Sidewalk,Bike lane,Recreation amenity,Construction project,Entrance to business,Entrance to residence","Garbage/Loose litter,Needles/Sharps,Hazardous materials (e.g., propane tanks),Bulky items,Human waste",1.0
2022UOF-1269-2902-29489,Level 2 - Use of Force,2022-11-10 06:29:00,5708,30362,White,Female,2022,11,22-00285974,2022-11-12 18:06:38,Closed,WEST,QUEEN ANNE,7.0,98109.0,47.64834739,-122.35387992,Yes,Yes,"Sidewalk,Other (please explain in the Description)",Garbage/Loose litter,1.0
2022UOF-1269-2902-29489,Level 2 - Use of Force,2022-11-10 06:29:00,5708,30362,White,Female,2022,11,22-00286010,2022-11-12 22:04:32,Closed,NORTH,GREENWOOD/PHINNEY RIDGE,6.0,98117.0,47.69034198,-122.36192887,Yes,Yes,Entrance to residence,"Garbage/Loose litter,Needles/Sharps,Hazardous materials (e.g., propane tanks),Bulky items",1.0
2022UOF-1269-2902-29489,Level 2 - Use of Force,2022-11-10 06:29:00,5708,30362,White,Female,2022,11,22-00286068,2022-11-13 08:53:26,Closed,WEST,INTERBAY,7.0,98119.0,47.64073865,-122.37674305,Yes,Yes,Sidewalk,"Garbage/Loose litter,Bulky items",1.0
2022UOF-1269-2902-29489,Level 2 - Use of Force,2022-11-10 06:29:00,5708,30362,White,Female,2022,11,22-00286110,2022-11-13 10:16:03,Closed,NORTH,BALLARD,6.0,98107.0,47.66276676,-122.37301837,Yes,Yes,Entrance to business,"Garbage/Loose litter,Bulky items",1.0
2022UOF-1269-2902-29489,Level 2 - Use of Force,2022-11-10 06:29:00,5708,30362,White,Female,2022,11,22-00286142,2022-11-13 11:10:28,Closed,WEST,QUEEN ANNE,7.0,98109.0,47.62528352,-122.3556621,Yes,No,Sidewalk,"Hazardous materials (e.g., propane tanks),Garbage/Loose litter,Needles/Sharps,Bulky items,Human waste",1.0
2022UOF-1269-2902-29489,Level 2 - Use of Force,2022-11-10 06:29:00,5708,30362,White,Female,2022,11,22-00286145,2022-11-13 11:12:28,Closed,EAST,JUDKINS PARK,3.0,98144.0,47.60048876,-122.3113724,Yes,Yes,"Construction project,Sidewalk,Entrance to residence","Human waste,Needles/Sharps,Garbage/Loose litter",1.0
2022UOF-1269-2902-29489,Level 2 - Use of Force,2022-11-10 06:29:00,5708,30362,White,Female,2022,11,22-00286173,2022-11-13 11:32:43,Closed,EAST,CENTRAL AREA/SQUIRE PARK,3.0,98122.0,47.61428627,-122.31123403,Yes,No,Sidewalk,Garbage/Loose litter,1.0
2022UOF-1269-2902-29489,Level 2 - Use of Force,2022-11-10 06:29:00,5708,30362,White,Female,2022,11,22-00286278,2022-11-13 14:05:51,Closed,SOUTHWEST,RIVERVIEW,1.0,98106.0,47.53655678,-122.35524978,Unknown,Brown,"Sidewalk,Bike lane","Garbage/Loose litter,Other (please explain in the Description)",1.0
2022UOF-1269-2902-29489,Level 2 - Use of Force,2022-11-10 06:29:00,5708,30362,White,Female,2022,11,22-00286360,2022-11-13 15:40:31,Closed,NORTH,FREMONT,6.0,98107.0,47.66312572,-122.36423589,Yes,Yes,Sidewalk,"Garbage/Loose litter,Needles/Sharps,Hazardous materials (e.g., propane tanks),Bulky items,Human waste",1.0
2022UOF-1269-2902-29489,Level 2 - Use of Force,2022-11-10 06:29:00,5708,30362,White,Female,2022,11,22-00286367,2022-11-13 15:48:35,Closed,SOUTHWEST,HIGHLAND PARK,1.0,98106.0,47.51901738,-122.3543399,Yes,Yes,Other (please explain in the Description),"Garbage/Loose litter,Hazardous materials (e.g., propane tanks)",1.0
2022UOF-1269-2902-29489,Level 2 - Use of Force,2022-11-10 06:29:00,5708,30362,White,Female,2022,11,22-00286418,2022-11-13 17:47:30,Closed,NORTH,GREENWOOD/PHINNEY RIDGE,6.0,98117.0,47.69048194,-122.3619151,Yes,Yes,Entrance to business,"Hazardous materials (e.g., propane tanks)",1.0
2022UOF-1269-2902-29489,Level 2 - Use of Force,2022-11-10 06:29:00,5708,30362,White,Female,2022,11,22-00286431,2022-11-13 18:35:52,Closed,NORTH,BALLARD,6.0,98107.0,47.66201408,-122.37682096,Yes,Unknown,Sidewalk,"Garbage/Loose litter,Bulky items",1.0
2022UOF-1269-2902-29489,Level 2 - Use of Force,2022-11-10 06:29:00,5708,30362,White,Female,2022,11,22-00286440,2022-11-13 18:58:02,Closed,EAST,CAPITOL HILL,3.0,98122.0,47.61775471,-122.31735129,Yes,Yes,Sidewalk,"Garbage/Loose litter,Needles/Sharps,Hazardous materials (e.g., propane tanks),Bulky items,Human waste",1.0
2022UOF-1269-2902-29489,Level 2 - Use of Force,2022-11-10 06:29:00,5708,30362,White,Female,2022,11,22-00286441,2022-11-13 19:00:03,Closed,NORTH,FREMONT,6.0,98107.0,47.66312572,-122.36423589,Yes,Yes,Sidewalk,Garbage/Loose litter,1.0
2022UOF-1269-2902-29489,Level 2 - Use of Force,2022-11-10 06:29:00,5708,30362,White,Female,2022,11,22-00286489,2022-11-13 21:26:05,Closed,EAST,MADRONA/LESCHI,3.0,98144.0,47.59544383,-122.29562981,Yes,Yes,No blockage,Other (please explain in the Description),1.0
2022UOF-1269-2902-29489,Level 2 - Use of Force,2022-11-10 06:29:00,5708,30362,White,Female,2022,11,22-00286591,2022-11-14 07:50:52,Closed,NORTH,WALLINGFORD,4.0,98105.0,47.66950045,-122.31799359,Unknown,No,No blockage,Bulky items,0.0
2022UOF-1269-2902-29489,Level 2 - Use of Force,2022-11-10 06:29:00,5708,30362,White,Female,2022,11,22-00286646,2022-11-14 09:09:28,Closed,WEST,CASCADE/EASTLAKE,7.0,98109.0,47.62382086,-122.34407433,Unknown,No,Sidewalk,"Garbage/Loose litter,Bulky items",0.0
2022UOF-1269-2902-29489,Level 2 - Use of Force,2022-11-10 06:29:00,5708,30362,White,Female,2022,11,22-00286712,2022-11-14 10:11:57,Closed,NORTH,OLYMPIC HILLS/VICTORY HEIGHTS,5.0,98125.0,47.72858795,-122.31662475,Yes,Unknown,Recreation amenity,Bulky items,0.0
2022UOF-1269-2902-29489,Level 2 - Use of Force,2022-11-10 06:29:00,5708,30362,White,Female,2022,11,22-00286741,2022-11-14 10:30:03,Closed,NORTH,BALLARD,6.0,98107.0,47.6586069,-122.36590669,Yes,Unknown,"Sidewalk,Entrance to business","Garbage/Loose litter,Needles/Sharps,Hazardous materials (e.g., propane tanks),Bulky items,Human waste",0.0
2022UOF-1269-2902-29489,Level 2 - Use of Force,2022-11-10 06:29:00,5708,30362,White,Female,2022,11,22-00286797,2022-11-14 11:08:20,Closed,WEST,BELLTOWN,7.0,98121.0,47.61371114,-122.34623628,Yes,No,Sidewalk,"Hazardous materials (e.g., propane tanks)",0.0
2022UOF-1269-2902-29489,Level 2 - Use of Force,2022-11-10 06:29:00,5708,30362,White,Female,2022,11,22-00286817,2022-11-14 11:26:29,Closed,EAST,CENTRAL AREA/SQUIRE PARK,3.0,98122.0,47.61711471,-122.31045294,Yes,Yes,Sidewalk,"Garbage/Loose litter,Needles/Sharps,Hazardous materials (e.g., propane tanks),Bulky items,Human waste",0.0
2022UOF-1269-2902-29489,Level 2 - Use of Force,2022-11-10 06:29:00,5708,30362,White,Female,2022,11,22-00287033,2022-11-14 14:07:44,Closed,SOUTHWEST,HIGHLAND PARK,1.0,98108.0,47.52010883,-122.33384272,Yes,Yes,Other (please explain in the Description),Garbage/Loose litter,0.0
2022UOF-1269-2902-29489,Level 2 - Use of Force,2022-11-10 06:29:00,5708,30362,White,Female,2022,11,22-00287046,2022-11-14 14:17:47,Closed,SOUTHWEST,WEST SEATTLE JUNCTION/GENESEE HILL,1.0,98116.0,47.56128088,-122.38575043,No,No,No blockage,Garbage/Loose litter,0.0
2022UOF-1269-2902-29489,Level 2 - Use of Force,2022-11-10 06:29:00,5708,30362,White,Female,2022,11,22-00287088,2022-11-14 14:54:04,Closed,SOUTHWEST,NORTH DELRIDGE,1.0,98126.0,47.57630759,-122.37171613,Yes,Yes,"Recreation amenity,No blockage","Hazardous materials (e.g., propane tanks),Garbage/Loose litter",0.0
2022UOF-1269-2902-29489,Level 2 - Use of Force,2022-11-10 06:29:00,5708,30362,White,Female,2022,11,22-00287108,2022-11-14 15:12:13,Closed,WEST,CASCADE/EASTLAKE,7.0,98109.0,47.62525762,-122.34019167,Yes,Yes,"Sidewalk,Bike lane,Recreation amenity,Construction project,Entrance to business,Entrance to residence","Garbage/Loose litter,Needles/Sharps,Hazardous materials (e.g., propane tanks),Bulky items,Human waste",0.0
2022UOF-1269-2902-29489,Level 2 - Use of Force,2022-11-10 06:29:00,5708,30362,White,Female,2022,11,22-00287222,2022-11-14 16:44:54,Closed,NORTH,NORTH BEACH/BLUE RIDGE,6.0,98117.0,47.69987171,-122.36622724,Unknown,Yes,Other (please explain in the Description),"Hazardous materials (e.g., propane tanks)",0.0
2022UOF-1269-2902-29489,Level 2 - Use of Force,2022-11-10 06:29:00,5708,30362,White,Female,2022,11,22-00287304,2022-11-14 18:39:47,Closed,EAST,CENTRAL AREA/SQUIRE PARK,3.0,98122.0,47.61671868,-122.30979748,Yes,Yes,Sidewalk,Garbage/Loose litter,0.0
2022UOF-1269-2902-29489,Level 2 - Use of Force,2022-11-10 06:29:00,5708,30362,White,Female,2022,11,22-00287333,2022-11-14 19:54:22,Closed,NORTH,FREMONT,6.0,98107.0,47.66310462,-122.36441281,Yes,Yes,No blockage,"Garbage/Loose litter,Bulky items",0.0
2022UOF-1269-2902-29489,Level 2 - Use of Force,2022-11-10 06:29:00,5708,30362,White,Female,2022,11,22-00287464,2022-11-15 08:36:11,Closed,SOUTH,COLUMBIA CITY,2.0,98118.0,47.5374318,-122.2810329,Yes,No,Other (please explain in the Description),Garbage/Loose litter,0.0
2022UOF-1269-2902-29489,Level 2 - Use of Force,2022-11-10 06:29:00,5708,30362,White,Female,2022,11,22-00287528,2022-11-15 09:20:33,Closed,EAST,MILLER PARK,3.0,98112.0,47.62262645,-122.31242513,Yes,No,Sidewalk,Garbage/Loose litter,0.0
2022UOF-1269-2902-29489,Level 2 - Use of Force,2022-11-10 06:29:00,5708,30362,White,Female,2022,11,22-00287539,2022-11-15 09:31:13,Closed,SOUTHWEST,HIGHLAND PARK,1.0,98106.0,47.51901738,-122.3543399,Yes,Yes,"Other (please explain in the Description),Sidewalk","Garbage/Loose litter,Hazardous materials (e.g., propane tanks),Human waste,Other (please explain in the Description)",0.0
2022UOF-1269-2902-29489,Level 2 - Use of Force,2022-11-10 06:29:00,5708,30362,White,Female,2022,11,22-00287784,2022-11-15 12:13:56,Closed,NORTH,FREMONT,6.0,98107.0,47.66808679,-122.36354084,No,Yes,No blockage,"Garbage/Loose litter,None",0.0
2022UOF-1269-2902-29489,Level 2 - Use of Force,2022-11-10 06:29:00,5708,30362,White,Female,2022,11,22-00287844,2022-11-15 12:52:08,Closed,SOUTHWEST,HIGHLAND PARK,1.0,98106.0,47.51935936,-122.35426492,Yes,Yes,Sidewalk,"Human waste,Bulky items,Hazardous materials (e.g., propane tanks),Garbage/Loose litter",0.0
2022UOF-1269-2902-29489,Level 2 - Use of Force,2022-11-10 06:29:00,5708,30362,White,Female,2022,11,22-00287889,2022-11-15 13:30:27,Closed,SOUTHWEST,WEST SEATTLE JUNCTION/GENESEE HILL,1.0,98116.0,47.56122667,-122.38247342,Yes,Unknown,"Recreation amenity,Sidewalk",Other (please explain in the Description),0.0
2022UOF-1269-2902-29489,Level 2 - Use of Force,2022-11-10 06:29:00,5708,30362,White,Female,2022,11,22-00287996,2022-11-15 15:05:12,Closed,SOUTH,NORTH BEACON HILL/JEFFERSON PARK,2.0,98144.0,47.57143296,-122.2971226,Unknown,No,"No blockage,Recreation amenity","Hazardous materials (e.g., propane tanks),Bulky items,Garbage/Loose litter",0.0
2022UOF-1269-2902-29489,Level 2 - Use of Force,2022-11-10 06:29:00,5708,30362,White,Female,2022,11,22-00288010,2022-11-15 15:09:13,Closed,EAST,MILLER PARK,3.0,98112.0,47.62607034,-122.29541264,Yes,Yes,Recreation amenity,"Human waste,Bulky items,Hazardous materials (e.g., propane tanks),Garbage/Loose litter,Needles/Sharps",0.0
2022UOF-1269-2902-29489,Level 2 - Use of Force,2022-11-10 06:29:00,5708,30362,White,Female,2022,11,22-00288130,2022-11-15 16:47:56,Closed,WEST,QUEEN ANNE,7.0,98109.0,47.62551579,-122.34063597,Yes,No,"Sidewalk,Bike lane,Construction project","Garbage/Loose litter,Needles/Sharps,Hazardous materials (e.g., propane tanks),Bulky items,Human waste",0.0
2022UOF-1269-2902-29489,Level 2 - Use of Force,2022-11-10 06:29:00,5708,30362,White,Female,2022,11,22-00288263,2022-11-15 23:27:05,Closed,NORTH,BALLARD,6.0,98107.0,47.66984389,-122.38420423,Yes,Unknown,"Sidewalk,Entrance to business,Other (please explain in the Description),Recreation amenity","Garbage/Loose litter,Bulky items,Other (please explain in the Description),Human waste,Needles/Sharps,Hazardous materials (e.g., propane tanks)",0.0
2022UOF-1269-2902-29489,Level 2 - Use of Force,2022-11-10 06:29:00,5708,30362,White,Female,2022,11,22-00288311,2022-11-16 07:38:06,Closed,NORTH,HALLER LAKE,5.0,98133.0,47.72228505,-122.34289532,Yes,Yes,"Sidewalk,Other (please explain in the Description)","Garbage/Loose litter,Needles/Sharps,Hazardous materials (e.g., propane tanks),Bulky items",0.0
2022UOF-1269-2902-29489,Level 2 - Use of Force,2022-11-10 06:29:00,5708,30362,White,Female,2022,11,22-00288539,2022-11-16 10:49:50,Closed,SOUTHWEST,NORTH DELRIDGE,1.0,98126.0,47.58266407,-122.37329671,Yes,Yes,Bike lane,"Bulky items,Garbage/Loose litter",0.0
2022UOF-1269-2902-29489,Level 2 - Use of Force,2022-11-10 06:29:00,5708,30362,White,Female,2022,11,22-00288769,2022-11-16 13:40:21,Closed,NORTH,GREENWOOD/PHINNEY RIDGE,6.0,98117.0,47.69034198,-122.36192887,Yes,Yes,No blockage,"Needles/Sharps,Garbage/Loose litter,Hazardous materials (e.g., propane tanks),Human waste",0.0
2022UOF-1269-2902-29489,Level 2 - Use of Force,2022-11-10 06:29:00,5708,30362,White,Female,2022,11,22-00288886,2022-11-16 15:17:18,Closed,WEST,CASCADE/EASTLAKE,7.0,98109.0,47.6206667,-122.3333503,Yes,No,Sidewalk,Garbage/Loose litter,0.0
2022UOF-1269-2902-29489,Level 2 - Use of Force,2022-11-10 06:29:00,5708,30362,White,Female,2022,11,22-00288912,2022-11-16 15:35:17,Closed,WEST,INTERBAY,7.0,98119.0,47.62913733,-122.37101825,Unknown,Yes,No blockage,"Hazardous materials (e.g., propane tanks),Garbage/Loose litter,Bulky items",0.0
2022UOF-1269-2902-29489,Level 2 - Use of Force,2022-11-10 06:29:00,5708,30362,White,Female,2022,11,22-00288917,2022-11-16 15:39:28,Closed,SOUTH,BEACON HILL,2.0,98118.0,47.54625229,-122.2878327,Yes,Unknown,"No blockage,Other (please explain in the Description)","Garbage/Loose litter,Needles/Sharps,Human waste",0.0
2022UOF-1269-2902-29489,Level 2 - Use of Force,2022-11-10 06:29:00,5708,30362,White,Female,2022,11,22-00288970,2022-11-16 16:25:41,Closed,SOUTHWEST,HIGHLAND PARK,1.0,98106.0,47.51903124,-122.35375974,Yes,Yes,Sidewalk,"Hazardous materials (e.g., propane tanks),Garbage/Loose litter",0.0
2022UOF-1269-2902-29489,Level 2 - Use of Force,2022-11-10 06:29:00,5708,30362,White,Female,2022,11,22-00288976,2022-11-16 16:33:45,Closed,NORTH,NORTH BEACH/BLUE RIDGE,6.0,98117.0,47.69354032,-122.37579693,Yes,No,Sidewalk,"Garbage/Loose litter,Bulky items,Human waste",0.0
2022UOF-1269-2902-29489,Level 2 - Use of Force,2022-11-10 06:29:00,5708,30362,White,Female,2022,11,22-00289013,2022-11-16 17:18:09,Closed,SOUTHWEST,HIGHLAND PARK,1.0,98106.0,47.52299605,-122.35371186,Unknown,Yes,"Sidewalk,Bike lane","Garbage/Loose litter,Hazardous materials (e.g., propane tanks),Bulky items",0.0
2022UOF-1269-2902-29489,Level 2 - Use of Force,2022-11-10 06:29:00,5708,30362,White,Female,2022,11,22-00289327,2022-11-17 08:54:14,Closed,NORTH,BALLARD,6.0,98107.0,47.65904954,-122.36594896,Yes,No,Sidewalk,"Garbage/Loose litter,Other (please explain in the Description)",0.0
2022UOF-1269-2902-29489,Level 2 - Use of Force,2022-11-10 06:29:00,5708,30362,White,Female,2022,11,22-00289379,2022-11-17 09:40:21,Closed,SOUTH,DUWAMISH/SODO,2.0,98134.0,47.5605416,-122.33867677,Yes,Yes,Sidewalk,"Garbage/Loose litter,Needles/Sharps,Hazardous materials (e.g., propane tanks),Bulky items,Human waste",0.0
2022UOF-1269-2902-29489,Level 2 - Use of Force,2022-11-10 06:29:00,5708,30362,White,Female,2022,11,22-00289458,2022-11-17 10:41:53,Closed,SOUTHWEST,NORTH DELRIDGE,1.0,98126.0,47.57483431,-122.371273,Yes,Yes,"Sidewalk,Other (please explain in the Description)","Garbage/Loose litter,Bulky items,Other (please explain in the Description)",0.0
2022UOF-1269-2902-29489,Level 2 - Use of Force,2022-11-10 06:29:00,5708,30362,White,Female,2022,11,22-00289686,2022-11-17 13:48:38,Closed,WEST,PIONEER SQUARE/INTERNATIONAL DISTRICT,2.0,98104.0,47.6003708,-122.32454743,No,No,Other (please explain in the Description),Garbage/Loose litter,0.0
2022UOF-1269-2902-29489,Level 2 - Use of Force,2022-11-10 06:29:00,5708,30362,White,Female,2022,11,22-00289803,2022-11-17 15:09:21,Closed,WEST,QUEEN ANNE,7.0,98109.0,47.62560217,-122.34865199,Yes,No,Sidewalk,Garbage/Loose litter,0.0
2022UOF-1269-2902-29489,Level 2 - Use of Force,2022-11-10 06:29:00,5708,30362,White,Female,2022,11,22-00289867,2022-11-17 15:43:40,Closed,SOUTH,NORTH BEACON HILL/JEFFERSON PARK,2.0,98144.0,47.59394228,-122.31657131,Unknown,Unknown,Other (please explain in the Description),Other (please explain in the Description),0.0
2022UOF-1269-2902-29489,Level 2 - Use of Force,2022-11-10 06:29:00,5708,30362,White,Female,2022,11,22-00289982,2022-11-17 18:45:03,Closed,WEST,MONTLAKE/PORTAGE BAY,4.0,98102.0,47.64772732,-122.32317903,Yes,No,No blockage,"Garbage/Loose litter,Human waste",0.0
2022UOF-1269-2902-29489,Level 2 - Use of Force,2022-11-10 06:29:00,5708,30362,White,Female,2022,11,22-00290003,2022-11-17 19:53:36,Closed,NORTH,NORTH BEACH/BLUE RIDGE,6.0,98117.0,47.69987171,-122.36622724,Yes,Yes,Bike lane,Other (please explain in the Description),0.0
2022UOF-1269-2902-29489,Level 2 - Use of Force,2022-11-10 06:29:00,5708,30362,White,Female,2022,11,22-00290009,2022-11-17 20:21:50,Closed,NORTH,NORTH BEACH/BLUE RIDGE,6.0,98117.0,47.69377033,-122.37506523,Yes,No,Entrance to business,"Bulky items,Garbage/Loose litter,Hazardous materials (e.g., propane tanks)",0.0
2022UOF-1269-2902-29489,Level 2 - Use of Force,2022-11-10 06:29:00,5708,30362,White,Female,2022,11,22-00290380,2022-11-18 11:42:19,Closed,NORTH,OLYMPIC HILLS/VICTORY HEIGHTS,5.0,98125.0,47.72957874,-122.31321081,Yes,Unknown,"Sidewalk,Recreation amenity","Garbage/Loose litter,Needles/Sharps,Hazardous materials (e.g., propane tanks),Bulky items,Human waste,Other (please explain in the Description)",0.0
2022UOF-1269-2902-29489,Level 2 - Use of Force,2022-11-10 06:29:00,5708,30362,White,Female,2022,11,22-00290615,2022-11-18 15:14:11,Closed,NORTH,NORTH BEACH/BLUE RIDGE,6.0,98117.0,47.69987171,-122.36622724,Yes,Yes,"Sidewalk,Bike lane,Recreation amenity","Garbage/Loose litter,Hazardous materials (e.g., propane tanks),Bulky items",0.0
2022UOF-1269-2902-29489,Level 2 - Use of Force,2022-11-10 06:29:00,5708,30362,White,Female,2022,11,22-00290852,2022-11-19 08:58:16,Closed,EAST,CAPITOL HILL,3.0,98122.0,47.61775471,-122.31735129,Yes,No,"Sidewalk,Entrance to business,Entrance to residence","Garbage/Loose litter,Hazardous materials (e.g., propane tanks),Needles/Sharps,Bulky items,Human waste",1.0
2022UOF-1269-2902-29489,Level 2 - Use of Force,2022-11-10 06:29:00,5708,30362,White,Female,2022,11,22-00291075,2022-11-19 14:57:22,Closed,SOUTHWEST,ROXHILL/WESTWOOD,1.0,98126.0,47.52459395,-122.36747276,Yes,Yes,Sidewalk,"Garbage/Loose litter,Hazardous materials (e.g., propane tanks),Bulky items,Human waste",1.0
2022UOF-1269-2902-29489,Level 2 - Use of Force,2022-11-10 06:29:00,5708,30362,White,Female,2022,11,22-00291177,2022-11-19 20:05:51,Closed,NORTH,NORTH BEACH/BLUE RIDGE,6.0,98117.0,47.69354032,-122.37579693,Yes,Yes,Sidewalk,"Garbage/Loose litter,Bulky items,Human waste,Hazardous materials (e.g., propane tanks)",1.0
2022UOF-1269-2902-29489,Level 2 - Use of Force,2022-11-10 06:29:00,5708,30362,White,Female,2022,11,22-00291182,2022-11-19 20:54:16,Closed,NORTH,HALLER LAKE,5.0,98133.0,47.72222148,-122.34218162,Yes,Yes,"Construction project,Recreation amenity,Entrance to business","Garbage/Loose litter,Needles/Sharps,Hazardous materials (e.g., propane tanks),Bulky items,Human waste",1.0
2022UOF-1269-2902-29489,Level 2 - Use of Force,2022-11-10 06:29:00,5708,30362,White,Female,2022,11,22-00291198,2022-11-20 00:38:09,Closed,EAST,CAPITOL HILL,3.0,98122.0,47.61775471,-122.31735129,Unknown,Unknown,"Sidewalk,Bike lane,Entrance to business,Entrance to residence","Human waste,Bulky items,Hazardous materials (e.g., propane tanks),Needles/Sharps,Garbage/Loose litter",1.0
2022UOF-1269-2902-29489,Level 2 - Use of Force,2022-11-10 06:29:00,5708,30362,White,Female,2022,11,22-00291234,2022-11-20 08:55:49,Closed,WEST,INTERBAY,7.0,98119.0,47.64024794,-122.37661774,Yes,Yes,Sidewalk,"Garbage/Loose litter,Bulky items",1.0
2022UOF-1269-2902-29489,Level 2 - Use of Force,2022-11-10 06:29:00,5708,30362,White,Female,2022,11,22-00291250,2022-11-20 09:26:19,Closed,WEST,CASCADE/EASTLAKE,7.0,98109.0,47.62529407,-122.34087697,Yes,No,Sidewalk,"Garbage/Loose litter,Needles/Sharps,Hazardous materials (e.g., propane tanks),Bulky items,Human waste",1.0
2022UOF-1269-2902-29489,Level 2 - Use of Force,2022-11-10 06:29:00,5708,30362,White,Female,2022,11,22-00291346,2022-11-20 12:28:02,Closed,EAST,MADRONA/LESCHI,3.0,98122.0,47.60607948,-122.28385604,Yes,Yes,Other (please explain in the Description),Bulky items,1.0
2022UOF-1269-2902-29489,Level 2 - Use of Force,2022-11-10 06:29:00,5708,30362,White,Female,2022,11,22-00291352,2022-11-20 12:40:12,Closed,EAST,CASCADE/EASTLAKE,3.0,98102.0,47.63286836,-122.32306038,Yes,Yes,"Sidewalk,Bike lane,Entrance to residence","Bulky items,Garbage/Loose litter",1.0
2022UOF-1269-2902-29489,Level 2 - Use of Force,2022-11-10 06:29:00,5708,30362,White,Female,2022,11,22-00291429,2022-11-20 15:19:27,Closed,WEST,CASCADE/EASTLAKE,4.0,98102.0,47.6324583,-122.32657841,Yes,Yes,"Sidewalk,Bike lane,Recreation amenity,Construction project,Entrance to business,Entrance to residence","Garbage/Loose litter,Needles/Sharps,Hazardous materials (e.g., propane tanks),Bulky items,Human waste",1.0
2022UOF-1269-2902-29489,Level 2 - Use of Force,2022-11-10 06:29:00,5708,30362,White,Female,2022,11,22-00291442,2022-11-20 15:31:29,Closed,SOUTH,NORTH BEACON HILL/JEFFERSON PARK,3.0,98144.0,47.58946274,-122.30873223,Yes,Unknown,No blockage,Other (please explain in the Description),1.0
2022UOF-1269-2902-29489,Level 2 - Use of Force,2022-11-10 06:29:00,5708,30362,White,Female,2022,11,22-00291467,2022-11-20 16:38:09,Closed,SOUTH,SEWARD PARK,2.0,98118.0,47.54963526,-122.25627348,Yes,Yes,Recreation amenity,"Hazardous materials (e.g., propane tanks)",1.0
2022UOF-1269-2902-29489,Level 2 - Use of Force,2022-11-10 06:29:00,5708,30362,White,Female,2022,11,22-00291729,2022-11-21 09:09:10,Closed,WEST,CASCADE/EASTLAKE,7.0,98109.0,47.62525762,-122.34019167,Yes,Yes,"Sidewalk,Bike lane,Recreation amenity,Construction project,Entrance to business,Entrance to residence","Garbage/Loose litter,Needles/Sharps,Hazardous materials (e.g., propane tanks),Bulky items,Human waste",0.0
2022UOF-1269-2902-29489,Level 2 - Use of Force,2022-11-10 06:29:00,5708,30362,White,Female,2022,11,22-00292049,2022-11-21 12:53:14,Closed,EAST,CENTRAL AREA/SQUIRE PARK,3.0,98122.0,47.61746938,-122.3090726,Yes,Yes,"Sidewalk,Construction project,Entrance to business,Entrance to residence,Other (please explain in the Description)","Garbage/Loose litter,Needles/Sharps,Hazardous materials (e.g., propane tanks),Bulky items,Human waste",0.0
2022UOF-1269-2902-29489,Level 2 - Use of Force,2022-11-10 06:29:00,5708,30362,White,Female,2022,11,22-00292057,2022-11-21 12:57:20,Closed,SOUTH,SOUTH BEACON HILL/NEWHOLLY,2.0,98118.0,47.5272836,-122.28072122,Yes,Yes,"Sidewalk,Recreation amenity,Bike lane","Garbage/Loose litter,Hazardous materials (e.g., propane tanks),Bulky items,Human waste,Other (please explain in the Description)",0.0
2022UOF-1269-2902-29489,Level 2 - Use of Force,2022-11-10 06:29:00,5708,30362,White,Female,2022,11,22-00292122,2022-11-21 13:45:42,Closed,WEST,FIRST HILL,7.0,98101.0,47.6090163,-122.33119874,No,No,Other (please explain in the Description),Garbage/Loose litter,0.0
2022UOF-1269-2902-29489,Level 2 - Use of Force,2022-11-10 06:29:00,5708,30362,White,Female,2022,11,22-00292454,2022-11-21 19:42:41,Closed,NORTH,BALLARD,6.0,98107.0,47.66349296,-122.36883703,Unknown,No,"Sidewalk,Recreation amenity",Garbage/Loose litter,0.0
2022UOF-1269-2902-29489,Level 2 - Use of Force,2022-11-10 06:29:00,5708,30362,White,Female,2022,11,22-00292523,2022-11-22 06:26:40,Closed,SOUTHWEST,ROXHILL/WESTWOOD,1.0,98106.0,47.52425755,-122.36515848,Yes,No,Sidewalk,"Garbage/Loose litter,Human waste",0.0
2022UOF-1269-2902-29489,Level 2 - Use of Force,2022-11-10 06:29:00,5708,30362,White,Female,2022,11,22-00292643,2022-11-22 08:52:02,Closed,NORTH,NORTH BEACH/BLUE RIDGE,6.0,98117.0,47.69415167,-122.37644754,Yes,No,"Other (please explain in the Description),Entrance to business",Garbage/Loose litter,0.0
2022UOF-1269-2902-29489,Level 2 - Use of Force,2022-11-10 06:29:00,5708,30362,White,Female,2022,11,22-00292663,2022-11-22 09:14:30,Closed,SOUTHWEST,NORTH DELRIDGE,1.0,98126.0,47.57630759,-122.37171613,Yes,Yes,"Bike lane,Sidewalk","Bulky items,Other (please explain in the Description)",0.0
2022UOF-1269-2902-29489,Level 2 - Use of Force,2022-11-10 06:29:00,5708,30362,White,Female,2022,11,22-00292818,2022-11-22 11:23:37,Closed,NORTH,GREEN LAKE,4.0,98115.0,47.67744135,-122.31987978,Yes,No,No blockage,"Garbage/Loose litter,Needles/Sharps,Hazardous materials (e.g., propane tanks),Bulky items,Human waste",0.0
2022UOF-1269-2902-29489,Level 2 - Use of Force,2022-11-10 06:29:00,5708,30362,White,Female,2022,11,22-00292856,2022-11-22 12:04:06,Closed,WEST,QUEEN ANNE,7.0,98109.0,47.64930757,-122.3573627,Unknown,Yes,"Other (please explain in the Description),Sidewalk",Garbage/Loose litter,0.0
2022UOF-1269-2902-29489,Level 2 - Use of Force,2022-11-10 06:29:00,5708,30362,White,Female,2022,11,22-00292881,2022-11-22 12:22:14,Closed,NORTH,BALLARD,6.0,98107.0,47.66516733,-122.37987963,Yes,Yes,Sidewalk,"Garbage/Loose litter,Needles/Sharps,Hazardous materials (e.g., propane tanks),Bulky items,Human waste",0.0
2022UOF-1269-2902-29489,Level 2 - Use of Force,2022-11-10 06:29:00,5708,30362,White,Female,2022,11,22-00292910,2022-11-22 12:47:29,Closed,NORTH,WALLINGFORD,4.0,98105.0,47.66556946,-122.32040244,Yes,No,Sidewalk,Garbage/Loose litter,0.0
2022UOF-1269-2902-29489,Level 2 - Use of Force,2022-11-10 06:29:00,5708,30362,White,Female,2022,11,22-00293096,2022-11-22 14:43:30,Closed,EAST,MADRONA/LESCHI,3.0,98144.0,47.59560505,-122.29607066,Yes,Yes,"Sidewalk,Entrance to business","Garbage/Loose litter,Needles/Sharps,Hazardous materials (e.g., propane tanks),Bulky items,Human waste",0.0
2022UOF-1269-2902-29489,Level 2 - Use of Force,2022-11-10 06:29:00,5708,30362,White,Female,2022,11,22-00293321,2022-11-22 21:38:57,Closed,WEST,QUEEN ANNE,7.0,98109.0,47.6222788,-122.35594861,Yes,Unknown,"Entrance to business,Entrance to residence,Sidewalk",Garbage/Loose litter,0.0
2022UOF-1269-2902-29489,Level 2 - Use of Force,2022-11-10 06:29:00,5708,30362,White,Female,2022,11,22-00293333,2022-11-22 22:53:29,Closed,SOUTHWEST,HIGHLAND PARK,1.0,98106.0,47.51752318,-122.34897926,No,No,Sidewalk,Garbage/Loose litter,0.0
2022UOF-1269-2902-29489,Level 2 - Use of Force,2022-11-10 06:29:00,5708,30362,White,Female,2022,11,22-00293348,2022-11-23 05:47:41,Closed,NORTH,BALLARD,6.0,98107.0,47.66279835,-122.36895857,Yes,Yes,Other (please explain in the Description),"Garbage/Loose litter,Needles/Sharps,Hazardous materials (e.g., propane tanks),Bulky items,Human waste",0.0
2022UOF-1269-2902-29489,Level 2 - Use of Force,2022-11-10 06:29:00,5708,30362,White,Female,2022,11,22-00293527,2022-11-23 10:16:02,Closed,WEST,CASCADE/EASTLAKE,7.0,98101.0,47.61443814,-122.33799193,Yes,No,Sidewalk,Bulky items,0.0
2022UOF-1269-2902-29489,Level 2 - Use of Force,2022-11-10 06:29:00,5708,30362,White,Female,2022,11,22-00293656,2022-11-23 11:28:46,Closed,NORTH,GREEN LAKE,6.0,98115.0,47.67951021,-122.32491978,Unknown,No,No blockage,Garbage/Loose litter,0.0
2022UOF-1269-2902-29489,Level 2 - Use of Force,2022-11-10 06:29:00,5708,30362,White,Female,2022,11,22-00293692,2022-11-23 11:59:04,Closed,EAST,CENTRAL AREA/SQUIRE PARK,3.0,98122.0,47.61661648,-122.3102706,Yes,Yes,Sidewalk,Garbage/Loose litter,0.0
2022UOF-1269-2902-29489,Level 2 - Use of Force,2022-11-10 06:29:00,5708,30362,White,Female,2022,11,22-00293783,2022-11-23 12:57:35,Closed,EAST,CENTRAL AREA/SQUIRE PARK,3.0,98122.0,47.61671868,-122.30979748,Unknown,Yes,Sidewalk,"Garbage/Loose litter,Hazardous materials (e.g., propane tanks),Bulky items",0.0
2022UOF-1269-2902-29489,Level 2 - Use of Force,2022-11-10 06:29:00,5708,30362,White,Female,2022,11,22-00293897,2022-11-23 15:04:37,Closed,NORTH,NORTH BEACH/BLUE RIDGE,6.0,98117.0,47.69407585,-122.37513902,Yes,No,No blockage,"Garbage/Loose litter,Hazardous materials (e.g., propane tanks),Bulky items",0.0
2022UOF-1269-2902-29489,Level 2 - Use of Force,2022-11-10 06:29:00,5708,30362,White,Female,2022,11,22-00294164,2022-11-24 12:48:52,Closed,EAST,CAPITOL HILL,3.0,98122.0,47.61421224,-122.31929528,Yes,No,Recreation amenity,"Hazardous materials (e.g., propane tanks),Other (please explain in the Description)",0.0
2022UOF-1269-2902-29489,Level 2 - Use of Force,2022-11-10 06:29:00,5708,30362,White,Female,2022,11,22-00294187,2022-11-24 14:19:34,Closed,NORTH,WEDGWOOD/VIEW RIDGE,4.0,98115.0,47.69031619,-122.26708123,Unknown,Yes,Recreation amenity,Garbage/Loose litter,0.0
2022UOF-1269-2902-29489,Level 2 - Use of Force,2022-11-10 06:29:00,5708,30362,White,Female,2022,11,22-00294224,2022-11-24 16:12:26,Closed,EAST,MONTLAKE/PORTAGE BAY,3.0,98112.0,47.64137378,-122.2929614,Yes,No,No blockage,Garbage/Loose litter,0.0
2022UOF-1269-2902-29489,Level 2 - Use of Force,2022-11-10 06:29:00,5708,30362,White,Female,2022,11,22-00294431,2022-11-25 15:33:09,Closed,SOUTHWEST,RIVERVIEW,1.0,98106.0,47.54569711,-122.35521591,Yes,Yes,"Sidewalk,Bike lane","Garbage/Loose litter,Bulky items,Hazardous materials (e.g., propane tanks)",0.0
2022UOF-1269-2902-29489,Level 2 - Use of Force,2022-11-10 06:29:00,5708,30362,White,Female,2022,11,22-00294459,2022-11-25 19:24:54,Closed,NORTH,FREMONT,6.0,98103.0,47.65286487,-122.34764755,Yes,Unknown,Other (please explain in the Description),Other (please explain in the Description),0.0
2022UOF-1269-2902-29489,Level 2 - Use of Force,2022-11-10 06:29:00,5708,30362,White,Female,2022,11,22-00294501,2022-11-26 00:39:18,Closed,WEST,QUEEN ANNE,7.0,98109.0,47.6248547,-122.35580914,Yes,No,"Sidewalk,Entrance to business","Garbage/Loose litter,Needles/Sharps,Bulky items",1.0
2022UOF-1269-2902-29489,Level 2 - Use of Force,2022-11-10 06:29:00,5708,30362,White,Female,2022,11,22-00294509,2022-11-26 07:30:27,Closed,NORTH,LAURELHURST/SAND POINT,4.0,98115.0,47.68805477,-122.26559892,Yes,Yes,"Sidewalk,Entrance to business,Other (please explain in the Description),Recreation amenity","Garbage/Loose litter,Needles/Sharps,Hazardous materials (e.g., propane tanks),Bulky items,Human waste,Other (please explain in the Description)",1.0
2022UOF-1269-2902-29489,Level 2 - Use of Force,2022-11-10 06:29:00,5708,30362,White,Female,2022,11,22-00294543,2022-11-26 09:29:22,Closed,EAST,CAPITOL HILL,3.0,98102.0,47.62495279,-122.32177931,Yes,No,Sidewalk,Garbage/Loose litter,1.0
2022UOF-1269-2902-29489,Level 2 - Use of Force,2022-11-10 06:29:00,5708,30362,White,Female,2022,11,22-00294586,2022-11-26 10:45:56,Closed,WEST,QUEEN ANNE,7.0,98109.0,47.64834739,-122.35387992,Yes,Yes,"Sidewalk,Bike lane","Garbage/Loose litter,Hazardous materials (e.g., propane tanks)",1.0
2022UOF-1269-2902-29489,Level 2 - Use of Force,2022-11-10 06:29:00,5708,30362,White,Female,2022,11,22-00294671,2022-11-26 12:56:57,Closed,WEST,DOWNTOWN COMMERCIAL CORE,7.0,98104.0,47.60318067,-122.33206196,Yes,No,"Sidewalk,Entrance to business","Garbage/Loose litter,Needles/Sharps,Bulky items,Human waste",1.0
2022UOF-1269-2902-29489,Level 2 - Use of Force,2022-11-10 06:29:00,5708,30362,White,Female,2022,11,22-00294688,2022-11-26 13:13:05,Closed,SOUTHWEST,ALKI/ADMIRAL,1.0,98116.0,47.57969342,-122.40963093,Unknown,Unknown,Recreation amenity,Human waste,1.0
2022UOF-1269-2902-29489,Level 2 - Use of Force,2022-11-10 06:29:00,5708,30362,White,Female,2022,11,22-00294710,2022-11-26 13:39:17,Closed,WEST,MAGNOLIA,7.0,98199.0,47.63209184,-122.39041895,Yes,Yes,Recreation amenity,Other (please explain in the Description),1.0
2022UOF-1269-2902-29489,Level 2 - Use of Force,2022-11-10 06:29:00,5708,30362,White,Female,2022,11,22-00294747,2022-11-26 14:43:45,Closed,NORTH,NORTH BEACH/BLUE RIDGE,6.0,98117.0,47.69354032,-122.37579693,Yes,Unknown,Sidewalk,"Garbage/Loose litter,Needles/Sharps,Hazardous materials (e.g., propane tanks),Bulky items,Human waste",1.0
2022UOF-1269-2902-29489,Level 2 - Use of Force,2022-11-10 06:29:00,5708,30362,White,Female,2022,11,22-00294874,2022-11-26 18:59:43,Closed,NORTH,HALLER LAKE,5.0,98133.0,47.72665871,-122.34418172,Yes,Yes,Sidewalk,Garbage/Loose litter,1.0
2022UOF-1269-2902-29489,Level 2 - Use of Force,2022-11-10 06:29:00,5708,30362,White,Female,2022,11,22-00294901,2022-11-26 21:32:53,Closed,EAST,CAPITOL HILL,3.0,98102.0,47.62495279,-122.32177931,Yes,Unknown,Sidewalk,Other (please explain in the Description),1.0
2022UOF-1269-2902-29489,Level 2 - Use of Force,2022-11-10 06:29:00,5708,30362,White,Female,2022,11,22-00294977,2022-11-27 07:59:41,Closed,EAST,CAPITOL HILL,3.0,98102.0,47.62479695,-122.32232496,Yes,No,Sidewalk,Bulky items,1.0
2022UOF-1269-2902-29489,Level 2 - Use of Force,2022-11-10 06:29:00,5708,30362,White,Female,2022,11,22-00295010,2022-11-27 09:16:19,Closed,SOUTHWEST,ROXHILL/WESTWOOD,1.0,98126.0,47.52459517,-122.36699985,Yes,Yes,Sidewalk,"Garbage/Loose litter,Hazardous materials (e.g., propane tanks),Bulky items",1.0
2022UOF-1269-2902-29489,Level 2 - Use of Force,2022-11-10 06:29:00,5708,30362,White,Female,2022,11,22-00295050,2022-11-27 10:38:54,Closed,WEST,QUEEN ANNE,7.0,98119.0,47.65190418,-122.36020898,Yes,No,"Sidewalk,Bike lane,Recreation amenity,Entrance to business",Garbage/Loose litter,1.0
2022UOF-1269-2902-29489,Level 2 - Use of Force,2022-11-10 06:29:00,5708,30362,White,Female,2022,11,22-00295082,2022-11-27 11:27:15,Closed,SOUTHWEST,RIVERVIEW,1.0,98106.0,47.54412153,-122.35517427,Unknown,Yes,"Other (please explain in the Description),No blockage,Sidewalk",Bulky items,1.0
2022UOF-1269-2902-29489,Level 2 - Use of Force,2022-11-10 06:29:00,5708,30362,White,Female,2022,11,22-00295226,2022-11-27 15:49:15,Closed,NORTH,BALLARD,6.0,98107.0,47.66567175,-122.38042412,Yes,Unknown,"Sidewalk,Entrance to business","Garbage/Loose litter,Needles/Sharps,Hazardous materials (e.g., propane tanks),Bulky items,Human waste,Other (please explain in the Description)",1.0
2022UOF-1269-2902-29489,Level 2 - Use of Force,2022-11-10 06:29:00,5708,30362,White,Female,2022,11,22-00295281,2022-11-27 17:52:12,Closed,NORTH,NORTHGATE/MAPLE LEAF,5.0,98115.0,47.69375455,-122.30931066,Yes,Yes,Sidewalk,Garbage/Loose litter,1.0
2022UOF-1269-2902-29489,Level 2 - Use of Force,2022-11-10 06:29:00,5708,30362,White,Female,2022,11,22-00295313,2022-11-27 19:47:05,Closed,WEST,QUEEN ANNE,7.0,98109.0,47.62430528,-122.35642308,Yes,No,Entrance to business,Garbage/Loose litter,1.0
2022UOF-1269-2902-29489,Level 2 - Use of Force,2022-11-10 06:29:00,5708,30362,White,Female,2022,11,22-00295384,2022-11-28 07:20:56,Closed,SOUTHWEST,RIVERVIEW,1.0,98106.0,47.54630651,-122.35520817,Yes,Yes,"Sidewalk,Other (please explain in the Description)",Bulky items,0.0
2022UOF-1269-2902-29489,Level 2 - Use of Force,2022-11-10 06:29:00,5708,30362,White,Female,2022,11,22-00295416,2022-11-28 08:13:21,Closed,NORTH,OLYMPIC HILLS/VICTORY HEIGHTS,5.0,98125.0,47.72957874,-122.31321081,Yes,No,Recreation amenity,"Garbage/Loose litter,Needles/Sharps,Hazardous materials (e.g., propane tanks),Bulky items,Human waste",0.0
2022UOF-1269-2902-29489,Level 2 - Use of Force,2022-11-10 06:29:00,5708,30362,White,Female,2022,11,22-00295424,2022-11-28 08:23:34,Closed,NORTH,OLYMPIC HILLS/VICTORY HEIGHTS,5.0,98125.0,47.72957051,-122.31398891,Yes,No,Recreation amenity,"Garbage/Loose litter,Needles/Sharps,Hazardous materials (e.g., propane tanks),Bulky items,Human waste",0.0
2022UOF-1269-2902-29489,Level 2 - Use of Force,2022-11-10 06:29:00,5708,30362,White,Female,2022,11,22-00295431,2022-11-28 08:27:38,Closed,EAST,MADRONA/LESCHI,3.0,98144.0,47.59848769,-122.29465444,Yes,Yes,No blockage,"Hazardous materials (e.g., propane tanks),Garbage/Loose litter,Human waste",0.0
2022UOF-1269-2902-29489,Level 2 - Use of Force,2022-11-10 06:29:00,5708,30362,White,Female,2022,11,22-00295705,2022-11-28 11:37:13,Closed,SOUTH,NORTH BEACON HILL/JEFFERSON PARK,2.0,98108.0,47.5655303,-122.30632509,Yes,Yes,Other (please explain in the Description),"Garbage/Loose litter,Needles/Sharps,Hazardous materials (e.g., propane tanks),Bulky items,Human waste",0.0
2022UOF-1269-2902-29489,Level 2 - Use of Force,2022-11-10 06:29:00,5708,30362,White,Female,2022,11,22-00295743,2022-11-28 12:03:23,Closed,SOUTH,NORTH BEACON HILL/JEFFERSON PARK,2.0,98108.0,47.56503216,-122.30617652,Yes,Yes,Other (please explain in the Description),"Garbage/Loose litter,Needles/Sharps,Hazardous materials (e.g., propane tanks),Bulky items,Human waste",0.0
2022UOF-1269-2902-29489,Level 2 - Use of Force,2022-11-10 06:29:00,5708,30362,White,Female,2022,11,22-00295892,2022-11-28 14:24:42,Closed,WEST,INTERBAY,7.0,98199.0,47.63240462,-122.39045973,Yes,Yes,Other (please explain in the Description),Garbage/Loose litter,0.0
2022UOF-1269-2902-29489,Level 2 - Use of Force,2022-11-10 06:29:00,5708,30362,White,Female,2022,11,22-00295907,2022-11-28 14:45:03,Closed,NORTH,NORTH BEACH/BLUE RIDGE,6.0,98177.0,47.70172716,-122.36577459,Unknown,Yes,Sidewalk,"Bulky items,Hazardous materials (e.g., propane tanks)",0.0
2022UOF-1269-2902-29489,Level 2 - Use of Force,2022-11-10 06:29:00,5708,30362,White,Female,2022,11,22-00296022,2022-11-28 16:33:56,Closed,NORTH,GREEN LAKE,6.0,98115.0,47.67921957,-122.32581812,Unknown,No,Recreation amenity,Garbage/Loose litter,0.0
2022UOF-1269-2902-29489,Level 2 - Use of Force,2022-11-10 06:29:00,5708,30362,White,Female,2022,11,22-00296083,2022-11-28 18:59:02,Closed,EAST,MADRONA/LESCHI,3.0,98144.0,47.59786427,-122.29533265,Unknown,Yes,No blockage,Other (please explain in the Description),0.0
2022UOF-1269-2902-29489,Level 2 - Use of Force,2022-11-10 06:29:00,5708,30362,White,Female,2022,11,22-00296123,2022-11-28 21:58:25,Closed,NORTH,LAURELHURST/SAND POINT,4.0,98115.0,47.6835061,-122.26324711,Yes,Yes,"Recreation amenity,Entrance to business","Garbage/Loose litter,Needles/Sharps,Hazardous materials (e.g., propane tanks),Bulky items,Human waste",0.0
2022UOF-1269-2902-29489,Level 2 - Use of Force,2022-11-10 06:29:00,5708,30362,White,Female,2022,11,22-00296232,2022-11-29 08:16:24,Closed,EAST,CAPITOL HILL,3.0,98112.0,47.62292813,-122.31306228,Yes,Yes,"Sidewalk,Entrance to business","Garbage/Loose litter,Needles/Sharps,Human waste",0.0
2022UOF-1269-2902-29489,Level 2 - Use of Force,2022-11-10 06:29:00,5708,30362,White,Female,2022,11,22-00296310,2022-11-29 09:35:05,Closed,EAST,CAPITOL HILL,3.0,98102.0,47.62479695,-122.32232496,Yes,No,"Sidewalk,Other (please explain in the Description)","Garbage/Loose litter,Other (please explain in the Description)",0.0
2022UOF-1269-2902-29489,Level 2 - Use of Force,2022-11-10 06:29:00,5708,30362,White,Female,2022,11,22-00296365,2022-11-29 10:43:39,Closed,EAST,MADRONA/LESCHI,3.0,98144.0,47.59816098,-122.29338053,Yes,Yes,No blockage,"Other (please explain in the Description),None",0.0
2022UOF-1269-2902-29489,Level 2 - Use of Force,2022-11-10 06:29:00,5708,30362,White,Female,2022,11,22-00296721,2022-11-29 16:09:50,Closed,NORTH,BALLARD,6.0,98107.0,47.66367111,-122.38002901,Yes,Yes,Sidewalk,Garbage/Loose litter,0.0
2022UOF-1269-2902-29489,Level 2 - Use of Force,2022-11-10 06:29:00,5708,30362,White,Female,2022,11,22-00296779,2022-11-29 17:24:14,Closed,EAST,CAPITOL HILL,3.0,98122.0,47.61775471,-122.31735129,Yes,No,"Sidewalk,Entrance to business,Entrance to residence","Garbage/Loose litter,Needles/Sharps,Hazardous materials (e.g., propane tanks),Bulky items,Human waste",0.0
2022UOF-1269-2902-29489,Level 2 - Use of Force,2022-11-10 06:29:00,5708,30362,White,Female,2022,11,22-00297264,2022-11-30 11:28:18,Closed,WEST,DOWNTOWN COMMERCIAL CORE,7.0,98104.0,47.60284374,-122.33183891,Yes,No,Sidewalk,Garbage/Loose litter,0.0
2022UOF-1269-2902-29489,Level 2 - Use of Force,2022-11-10 06:29:00,5708,30362,White,Female,2022,11,22-00297619,2022-11-30 15:58:41,Closed,EAST,MILLER PARK,3.0,98112.0,47.62607034,-122.29541264,Yes,Yes,Other (please explain in the Description),"Garbage/Loose litter,Needles/Sharps,Hazardous materials (e.g., propane tanks),Bulky items,Human waste",0.0
2022UOF-1269-2902-29489,Level 2 - Use of Force,2022-11-10 06:29:00,5708,30362,White,Female,2022,11,22-00297654,2022-11-30 16:06:40,Closed,NORTH,LAURELHURST/SAND POINT,4.0,98115.0,47.6841978,-122.26392237,Yes,Yes,Other (please explain in the Description),Garbage/Loose litter,0.0
2022UOF-1269-2902-29489,Level 2 - Use of Force,2022-11-10 06:29:00,5708,30362,White,Female,2022,11,22-00297688,2022-11-30 16:34:53,Closed,WEST,DOWNTOWN COMMERCIAL CORE,7.0,98104.0,47.60459137,-122.33336768,Yes,No,Sidewalk,"Human waste,Garbage/Loose litter",0.0
2022UOF-1269-2902-29489,Level 2 - Use of Force,2022-11-10 06:29:00,5708,30362,White,Female,2022,11,22-00297739,2022-11-30 17:15:13,Closed,WEST,CASCADE/EASTLAKE,4.0,98102.0,47.6324583,-122.32657841,Yes,Yes,No blockage,"Garbage/Loose litter,Needles/Sharps,Hazardous materials (e.g., propane tanks),Bulky items,Human waste",0.0
2022UOF-1269-2902-29489,Level 2 - Use of Force,2022-11-10 06:29:00,5708,30362,White,Female,2022,11,22-00297770,2022-11-30 18:05:35,Closed,NORTH,NORTH BEACH/BLUE RIDGE,6.0,98117.0,47.69987171,-122.36622724,Yes,Yes,"Sidewalk,Other (please explain in the Description),Bike lane","Garbage/Loose litter,Needles/Sharps,Hazardous materials (e.g., propane tanks),Bulky items,Human waste",0.0
2022UOF-1269-2902-29489,Level 2 - Use of Force,2022-11-10 06:29:00,5708,30362,White,Female,2022,11,22-00297842,2022-11-30 20:42:54,Closed,EAST,MILLER PARK,3.0,98112.0,47.62262645,-122.31242513,Yes,No,Sidewalk,"Garbage/Loose litter,Other (please explain in the Description)",0.0
2022UOF-1269-2902-29489,Level 2 - Use of Force,2022-11-10 06:29:00,5708,30362,White,Female,2022,11,22-00276645,2022-11-01 07:43:47,Closed,SOUTHWEST,NORTH DELRIDGE,1.0,98106.0,47.5699756,-122.35638532,Yes,Yes,"Sidewalk,Bike lane,Entrance to business,Other (please explain in the Description)","Garbage/Loose litter,Needles/Sharps,Hazardous materials (e.g., propane tanks),Bulky items,Human waste,Other (please explain in the Description)",0.0
2022UOF-1269-2902-29489,Level 2 - Use of Force,2022-11-10 06:29:00,5708,30362,White,Female,2022,11,22-00276792,2022-11-01 09:20:33,Closed,EAST,CENTRAL AREA/SQUIRE PARK,3.0,98122.0,47.60933529,-122.30057865,Unknown,Yes,Sidewalk,Garbage/Loose litter,0.0
2022UOF-1269-2902-29489,Level 2 - Use of Force,2022-11-10 06:29:00,5708,30362,White,Female,2022,11,22-00276856,2022-11-01 10:06:50,Closed,NORTH,GREEN LAKE,6.0,98103.0,47.68221643,-122.34208251,Yes,No,Recreation amenity,Garbage/Loose litter,0.0
2022UOF-1269-2902-29489,Level 2 - Use of Force,2022-11-10 06:29:00,5708,30362,White,Female,2022,11,22-00276872,2022-11-01 10:16:55,Closed,WEST,QUEEN ANNE,7.0,98109.0,47.62528352,-122.3556621,Yes,Unknown,"Sidewalk,Entrance to business","Garbage/Loose litter,Hazardous materials (e.g., propane tanks),Bulky items,Human waste",0.0
2022UOF-1269-2902-29489,Level 2 - Use of Force,2022-11-10 06:29:00,5708,30362,White,Female,2022,11,22-00277228,2022-11-01 14:12:51,Closed,SOUTHWEST,ROXHILL/WESTWOOD,1.0,98106.0,47.52815535,-122.35538431,Yes,Yes,Sidewalk,"Garbage/Loose litter,Hazardous materials (e.g., propane tanks)",0.0
2022UOF-1269-2902-29489,Level 2 - Use of Force,2022-11-10 06:29:00,5708,30362,White,Female,2022,11,22-00277267,2022-11-01 14:43:06,Closed,WEST,CASCADE/EASTLAKE,7.0,98109.0,47.62529407,-122.34087697,Yes,No,"Sidewalk,Construction project","Garbage/Loose litter,Needles/Sharps,Hazardous materials (e.g., propane tanks),Bulky items,Human waste",0.0
2022UOF-1269-2902-29489,Level 2 - Use of Force,2022-11-10 06:29:00,5708,30362,White,Female,2022,11,22-00277313,2022-11-01 15:19:22,Closed,NORTH,BROADVIEW/BITTER LAKE,5.0,98133.0,47.72160047,-122.34761282,Yes,Yes,Sidewalk,"Garbage/Loose litter,Needles/Sharps,Hazardous materials (e.g., propane tanks),Human waste",0.0
2022UOF-1269-2902-29489,Level 2 - Use of Force,2022-11-10 06:29:00,5708,30362,White,Female,2022,11,22-00277466,2022-11-01 16:56:04,Closed,EAST,CASCADE/EASTLAKE,3.0,98102.0,47.63286836,-122.32306038,Yes,Yes,Sidewalk,"Garbage/Loose litter,Needles/Sharps,Hazardous materials (e.g., propane tanks),Bulky items,Human waste",0.0
2022UOF-1269-2902-29489,Level 2 - Use of Force,2022-11-10 06:29:00,5708,30362,White,Female,2022,11,22-00277490,2022-11-01 17:30:20,Closed,SOUTH,SOUTH BEACON HILL/NEWHOLLY,2.0,98118.0,47.52062468,-122.28095663,Yes,Yes,Other (please explain in the Description),"Hazardous materials (e.g., propane tanks)",0.0
2022UOF-1269-2902-29489,Level 2 - Use of Force,2022-11-10 06:29:00,5708,30362,White,Female,2022,11,22-00277566,2022-11-01 18:42:58,Closed,NORTH,LAURELHURST/SAND POINT,4.0,98115.0,47.68173042,-122.26408221,Yes,No,No blockage,"Garbage/Loose litter,Human waste",0.0
2022UOF-1269-2902-29489,Level 2 - Use of Force,2022-11-10 06:29:00,5708,30362,White,Female,2022,11,22-00277575,2022-11-01 18:59:03,Closed,SOUTHWEST,SOUTH PARK,1.0,98108.0,47.52873784,-122.31892788,Unknown,Yes,Other (please explain in the Description),"Garbage/Loose litter,Hazardous materials (e.g., propane tanks),Bulky items",0.0
2022UOF-1269-2902-29489,Level 2 - Use of Force,2022-11-10 06:29:00,5708,30362,White,Female,2022,11,22-00277608,2022-11-01 20:09:33,Closed,SOUTHWEST,NORTH DELRIDGE,1.0,98126.0,47.56099124,-122.37566014,Yes,No,No blockage,Garbage/Loose litter,0.0
2022UOF-1269-2902-29489,Level 2 - Use of Force,2022-11-10 06:29:00,5708,30362,White,Female,2022,11,22-00277637,2022-11-01 21:44:16,Closed,WEST,CASCADE/EASTLAKE,7.0,98109.0,47.62529407,-122.34087697,Yes,Yes,"Sidewalk,Bike lane","Garbage/Loose litter,Needles/Sharps,Hazardous materials (e.g., propane tanks),Bulky items,Human waste",0.0
2022UOF-1269-2902-29489,Level 2 - Use of Force,2022-11-10 06:29:00,5708,30362,White,Female,2022,11,22-00277730,2022-11-02 07:34:47,Closed,EAST,CENTRAL AREA/SQUIRE PARK,3.0,98122.0,47.61727427,-122.30994859,Yes,Yes,"Sidewalk,Entrance to residence","Garbage/Loose litter,Needles/Sharps,Hazardous materials (e.g., propane tanks),Bulky items,Human waste,Other (please explain in the Description)",0.0
2022UOF-1269-2902-29489,Level 2 - Use of Force,2022-11-10 06:29:00,5708,30362,White,Female,2022,11,22-00277751,2022-11-02 08:03:00,Closed,SOUTHWEST,NORTH DELRIDGE,1.0,98106.0,47.5699756,-122.35638532,Yes,Yes,"Sidewalk,Bike lane,Entrance to business,Other (please explain in the Description)","Garbage/Loose litter,Needles/Sharps,Hazardous materials (e.g., propane tanks),Bulky items,Human waste,Other (please explain in the Description)",0.0
2022UOF-1269-2902-29489,Level 2 - Use of Force,2022-11-10 06:29:00,5708,30362,White,Female,2022,11,22-00277844,2022-11-02 09:17:38,Closed,SOUTH,NORTH BEACON HILL/JEFFERSON PARK,3.0,98144.0,47.58988594,-122.3065947,Yes,Yes,"Sidewalk,Bike lane,Recreation amenity,Construction project,Entrance to business,Entrance to residence","Garbage/Loose litter,Needles/Sharps,Hazardous materials (e.g., propane tanks),Bulky items,Human waste",0.0
2022UOF-1269-2902-29489,Level 2 - Use of Force,2022-11-10 06:29:00,5708,30362,White,Female,2022,11,22-00278001,2022-11-02 10:54:24,Closed,NORTH,NORTH BEACH/BLUE RIDGE,6.0,98117.0,47.69407585,-122.37513902,Yes,Yes,Entrance to business,"Garbage/Loose litter,Bulky items",0.0
2022UOF-1269-2902-29489,Level 2 - Use of Force,2022-11-10 06:29:00,5708,30362,White,Female,2022,11,22-00278037,2022-11-02 11:28:36,Closed,SOUTHWEST,ROXHILL/WESTWOOD,1.0,98106.0,47.5211624,-122.35539104,Yes,Yes,No blockage,"Garbage/Loose litter,Hazardous materials (e.g., propane tanks),Bulky items",0.0
2022UOF-1269-2902-29489,Level 2 - Use of Force,2022-11-10 06:29:00,5708,30362,White,Female,2022,11,22-00278058,2022-11-02 11:38:46,Closed,SOUTHWEST,NORTH DELRIDGE,1.0,98126.0,47.58386771,-122.37505009,Yes,Yes,Bike lane,"Garbage/Loose litter,Bulky items",0.0
2022UOF-1269-2902-29489,Level 2 - Use of Force,2022-11-10 06:29:00,5708,30362,White,Female,2022,11,22-00278185,2022-11-02 12:53:15,Closed,EAST,NORTH BEACON HILL/JEFFERSON PARK,3.0,98144.0,47.59333172,-122.30727051,Yes,Yes,Sidewalk,Garbage/Loose litter,0.0
2022UOF-1269-2902-29489,Level 2 - Use of Force,2022-11-10 06:29:00,5708,30362,White,Female,2022,11,22-00278459,2022-11-02 15:04:15,Closed,WEST,CASCADE/EASTLAKE,7.0,98109.0,47.6206667,-122.3333503,Yes,Unknown,Sidewalk,Garbage/Loose litter,0.0
2022UOF-1269-2902-29489,Level 2 - Use of Force,2022-11-10 06:29:00,5708,30362,White,Female,2022,11,22-00278621,2022-11-02 16:51:05,Closed,SOUTHWEST,NORTH DELRIDGE,1.0,98126.0,47.57669786,-122.37175963,Yes,Yes,"Sidewalk,Bike lane,Recreation amenity","Garbage/Loose litter,Hazardous materials (e.g., propane tanks),Bulky items",0.0
2022UOF-1269-2902-29489,Level 2 - Use of Force,2022-11-10 06:29:00,5708,30362,White,Female,2022,11,22-00278708,2022-11-02 17:49:31,Closed,SOUTH,BEACON HILL,2.0,98118.0,47.54690506,-122.28776621,Yes,Unknown,No blockage,"Garbage/Loose litter,Bulky items,Human waste",0.0
2022UOF-1269-2902-29489,Level 2 - Use of Force,2022-11-10 06:29:00,5708,30362,White,Female,2022,11,22-00279336,2022-11-03 13:03:49,Closed,NORTH,BALLARD,6.0,98107.0,47.6695958,-122.37306888,Yes,No,"Sidewalk,Other (please explain in the Description)",Garbage/Loose litter,0.0
2022UOF-1269-2902-29489,Level 2 - Use of Force,2022-11-10 06:29:00,5708,30362,White,Female,2022,11,22-00279664,2022-11-04 00:03:20,Closed,SOUTH,GEORGETOWN,2.0,98108.0,47.55120816,-122.32199602,Yes,No,Other (please explain in the Description),"Garbage/Loose litter,Hazardous materials (e.g., propane tanks),Bulky items",0.0
2022UOF-1269-2902-29489,Level 2 - Use of Force,2022-11-10 06:29:00,5708,30362,White,Female,2022,11,22-00279833,2022-11-04 08:29:15,Closed,WEST,MONTLAKE/PORTAGE BAY,4.0,98102.0,47.64838612,-122.32314286,Unknown,No,No blockage,"Garbage/Loose litter,None",0.0
2022UOF-1269-2902-29489,Level 2 - Use of Force,2022-11-10 06:29:00,5708,30362,White,Female,2022,11,22-00280007,2022-11-04 10:48:16,Closed,WEST,QUEEN ANNE,7.0,98109.0,47.63242869,-122.34382904,Yes,No,"Sidewalk,Other (please explain in the Description)","Garbage/Loose litter,Needles/Sharps,Bulky items,Human waste",0.0
2022UOF-1269-2902-29489,Level 2 - Use of Force,2022-11-10 06:29:00,5708,30362,White,Female,2022,11,22-00280054,2022-11-04 11:26:34,Closed,NORTH,GREENWOOD/PHINNEY RIDGE,6.0,98103.0,47.69229668,-122.35692033,Unknown,Unknown,No blockage,Garbage/Loose litter,0.0
2022UOF-1269-2902-29489,Level 2 - Use of Force,2022-11-10 06:29:00,5708,30362,White,Female,2022,11,22-00280221,2022-11-04 14:03:23,Closed,NORTH,FREMONT,4.0,98103.0,47.64584128,-122.33596382,Yes,Yes,Other (please explain in the Description),Other (please explain in the Description),0.0
2022UOF-1269-2902-29489,Level 2 - Use of Force,2022-11-10 06:29:00,5708,30362,White,Female,2022,11,22-00280235,2022-11-04 14:12:51,Closed,SOUTHWEST,HIGHLAND PARK,1.0,98106.0,47.52086166,-122.35374278,Yes,Yes,Sidewalk,"Bulky items,Human waste,Garbage/Loose litter,Hazardous materials (e.g., propane tanks)",0.0
2022UOF-1269-2902-29489,Level 2 - Use of Force,2022-11-10 06:29:00,5708,30362,White,Female,2022,11,22-00280282,2022-11-04 14:49:11,Closed,WEST,QUEEN ANNE,7.0,98109.0,47.6486463,-122.35434834,Yes,Yes,Sidewalk,Garbage/Loose litter,0.0
2022UOF-1269-2902-29489,Level 2 - Use of Force,2022-11-10 06:29:00,5708,30362,White,Female,2022,11,22-00280365,2022-11-04 16:01:40,Closed,SOUTH,NORTH BEACON HILL/JEFFERSON PARK,3.0,98144.0,47.58953135,-122.3028339,Yes,No,No blockage,"Garbage/Loose litter,Needles/Sharps,Hazardous materials (e.g., propane tanks),Bulky items,Human waste",0.0
2022UOF-1269-2902-29489,Level 2 - Use of Force,2022-11-10 06:29:00,5708,30362,White,Female,2022,11,22-00280474,2022-11-04 18:10:41,Closed,NORTH,CEDAR PARK/MEADOWBROOK,5.0,98125.0,47.72746494,-122.29119317,Unknown,Yes,"Sidewalk,Other (please explain in the Description)","Bulky items,Garbage/Loose litter",0.0
2022UOF-1269-2902-29489,Level 2 - Use of Force,2022-11-10 06:29:00,5708,30362,White,Female,2022,11,22-00280478,2022-11-04 18:18:43,Closed,EAST,CENTRAL AREA/SQUIRE PARK,3.0,98122.0,47.61671868,-122.30979748,Yes,No,Sidewalk,"Garbage/Loose litter,Bulky items",0.0
2022UOF-1269-2902-29489,Level 2 - Use of Force,2022-11-10 06:29:00,5708,30362,White,Female,2022,11,22-00280511,2022-11-04 19:47:25,Closed,EAST,CASCADE/EASTLAKE,3.0,98102.0,47.6330384,-122.32286942,Yes,Yes,"Sidewalk,Bike lane","Garbage/Loose litter,Hazardous materials (e.g., propane tanks),Bulky items",0.0
2022UOF-1269-2902-29489,Level 2 - Use of Force,2022-11-10 06:29:00,5708,30362,White,Female,2022,11,22-00280578,2022-11-05 08:13:05,Closed,EAST,CENTRAL AREA/SQUIRE PARK,3.0,98122.0,47.60944436,-122.29987431,Yes,Yes,Sidewalk,"Garbage/Loose litter,Bulky items,Hazardous materials (e.g., propane tanks)",1.0
2022UOF-1269-2902-29489,Level 2 - Use of Force,2022-11-10 06:29:00,5708,30362,White,Female,2022,11,22-00280662,2022-11-05 10:20:05,Closed,EAST,CASCADE/EASTLAKE,3.0,98102.0,47.63239348,-122.32256066,Yes,Yes,Other (please explain in the Description),"Bulky items,Other (please explain in the Description)",1.0
2022UOF-1269-2902-29489,Level 2 - Use of Force,2022-11-10 06:29:00,5708,30362,White,Female,2022,11,22-00280758,2022-11-05 12:43:12,Closed,EAST,CENTRAL AREA/SQUIRE PARK,3.0,98122.0,47.61728085,-122.3104416,Yes,No,Sidewalk,"Garbage/Loose litter,Bulky items",1.0
2022UOF-1269-2902-29489,Level 2 - Use of Force,2022-11-10 06:29:00,5708,30362,White,Female,2022,11,22-00280784,2022-11-05 13:17:26,Closed,WEST,QUEEN ANNE,7.0,98109.0,47.64500059,-122.34862913,Yes,No,No blockage,Garbage/Loose litter,1.0
2022UOF-1269-2902-29489,Level 2 - Use of Force,2022-11-10 06:29:00,5708,30362,White,Female,2022,11,22-00280851,2022-11-05 14:38:06,Closed,NORTH,BALLARD,6.0,98107.0,47.66547702,-122.38026426,Yes,No,Sidewalk,"Garbage/Loose litter,Bulky items",1.0
2022UOF-1269-2902-29489,Level 2 - Use of Force,2022-11-10 06:29:00,5708,30362,White,Female,2022,11,22-00280936,2022-11-05 16:26:52,Closed,NORTH,GREENWOOD/PHINNEY RIDGE,5.0,98103.0,47.69711727,-122.35025685,No,No,No blockage,Human waste,1.0
2022UOF-1269-2902-29489,Level 2 - Use of Force,2022-11-10 06:29:00,5708,30362,White,Female,2022,11,22-00281002,2022-11-05 19:40:20,Closed,NORTH,BALLARD,6.0,98107.0,47.66567175,-122.38042412,Yes,Yes,Sidewalk,"Garbage/Loose litter,Needles/Sharps,Hazardous materials (e.g., propane tanks),Bulky items,Human waste",1.0
2022UOF-1269-2902-29489,Level 2 - Use of Force,2022-11-10 06:29:00,5708,30362,White,Female,2022,11,22-00281065,2022-11-06 05:46:58,Closed,NORTH,WEDGWOOD/VIEW RIDGE,5.0,98115.0,47.69451514,-122.27278186,Yes,Yes,Recreation amenity,"Needles/Sharps,Garbage/Loose litter",1.0
2022UOF-1269-2902-29489,Level 2 - Use of Force,2022-11-10 06:29:00,5708,30362,White,Female,2022,11,22-00281163,2022-11-06 10:41:15,Closed,NORTH,LAURELHURST/SAND POINT,4.0,98115.0,47.68228387,-122.26353846,Yes,No,Sidewalk,"Garbage/Loose litter,Needles/Sharps,Hazardous materials (e.g., propane tanks)",1.0
2022UOF-1269-2902-29489,Level 2 - Use of Force,2022-11-10 06:29:00,5708,30362,White,Female,2022,11,22-00281172,2022-11-06 10:57:22,Closed,SOUTH,GEORGETOWN,2.0,98108.0,47.5500615,-122.32146053,Unknown,No,No blockage,Other (please explain in the Description),1.0
2022UOF-1269-2902-29489,Level 2 - Use of Force,2022-11-10 06:29:00,5708,30362,White,Female,2022,11,22-00281205,2022-11-06 11:27:34,Closed,WEST,MONTLAKE/PORTAGE BAY,4.0,98102.0,47.64772732,-122.32317903,Yes,No,Construction project,"Garbage/Loose litter,Human waste,Needles/Sharps",1.0
2022UOF-1269-2902-29489,Level 2 - Use of Force,2022-11-10 06:29:00,5708,30362,White,Female,2022,11,22-00281220,2022-11-06 11:41:42,Closed,NORTH,GREEN LAKE,6.0,98115.0,47.68257566,-122.32972443,No,No,No blockage,Bulky items,1.0
2022UOF-1269-2902-29489,Level 2 - Use of Force,2022-11-10 06:29:00,5708,30362,White,Female,2022,11,22-00281274,2022-11-06 12:52:15,Closed,NORTH,BALLARD,6.0,98107.0,47.66190289,-122.37652816,Yes,Yes,"Sidewalk,Bike lane,Entrance to business,Recreation amenity","Garbage/Loose litter,Needles/Sharps,Hazardous materials (e.g., propane tanks),Bulky items,Human waste",1.0
2022UOF-1269-2902-29489,Level 2 - Use of Force,2022-11-10 06:29:00,5708,30362,White,Female,2022,11,22-00281381,2022-11-06 16:15:46,Closed,SOUTH,NORTH BEACON HILL/JEFFERSON PARK,2.0,98108.0,47.56217743,-122.30169706,Yes,No,Other (please explain in the Description),"Garbage/Loose litter,Hazardous materials (e.g., propane tanks),Human waste,Other (please explain in the Description)",1.0
2022UOF-1269-2902-29489,Level 2 - Use of Force,2022-11-10 06:29:00,5708,30362,White,Female,2022,11,22-00281599,2022-11-07 07:52:52,Closed,NORTH,BALLARD,6.0,98107.0,47.66384617,-122.37015787,Unknown,Yellow,Sidewalk,"Garbage/Loose litter,Bulky items",0.0
2022UOF-1269-2902-29489,Level 2 - Use of Force,2022-11-10 06:29:00,5708,30362,White,Female,2022,11,22-00281612,2022-11-07 08:11:03,Closed,SOUTHWEST,HIGH POINT,1.0,98106.0,47.54989442,-122.36504454,Unknown,Yes,Recreation amenity,Other (please explain in the Description),0.0
2022UOF-1269-2902-29489,Level 2 - Use of Force,2022-11-10 06:29:00,5708,30362,White,Female,2022,11,22-00281667,2022-11-07 08:47:22,Closed,SOUTH,COLUMBIA CITY,2.0,98144.0,47.57094458,-122.29654974,Yes,No,Other (please explain in the Description),Other (please explain in the Description),0.0
2022UOF-1269-2902-29489,Level 2 - Use of Force,2022-11-10 06:29:00,5708,30362,White,Female,2022,11,22-00281750,2022-11-07 09:39:41,Closed,EAST,CENTRAL AREA/SQUIRE PARK,3.0,98122.0,47.60923417,-122.30109335,No,Yes,"Sidewalk,Recreation amenity,Entrance to residence","Garbage/Loose litter,Needles/Sharps,Hazardous materials (e.g., propane tanks),Bulky items,Human waste",0.0
2022UOF-1269-2902-29489,Level 2 - Use of Force,2022-11-10 06:29:00,5708,30362,White,Female,2022,11,22-00281767,2022-11-07 09:47:45,Closed,WEST,CASCADE/EASTLAKE,7.0,98109.0,47.62382086,-122.34407433,Unknown,No,Sidewalk,"Garbage/Loose litter,Bulky items",0.0
2022UOF-1269-2902-29489,Level 2 - Use of Force,2022-11-10 06:29:00,5708,30362,White,Female,2022,11,22-00281875,2022-11-07 10:52:15,Closed,NORTH,BALLARD,6.0,98107.0,47.66698983,-122.37284266,Yes,Yes,"Entrance to business,Sidewalk","Garbage/Loose litter,Human waste",0.0
2022UOF-1269-2902-29489,Level 2 - Use of Force,2022-11-10 06:29:00,5708,30362,White,Female,2022,11,22-00281908,2022-11-07 11:18:27,Closed,NORTH,GREENWOOD/PHINNEY RIDGE,6.0,98117.0,47.69084508,-122.35832403,Yes,No,"Sidewalk,Entrance to business","Garbage/Loose litter,Hazardous materials (e.g., propane tanks)",0.0
2022UOF-1269-2902-29489,Level 2 - Use of Force,2022-11-10 06:29:00,5708,30362,White,Female,2022,11,22-00281997,2022-11-07 12:26:58,Closed,WEST,BELLTOWN,7.0,98121.0,47.61383809,-122.35093026,Yes,No,Sidewalk,"Hazardous materials (e.g., propane tanks),Other (please explain in the Description),Human waste,Garbage/Loose litter",0.0
2022UOF-1269-2902-29489,Level 2 - Use of Force,2022-11-10 06:29:00,5708,30362,White,Female,2022,11,22-00282172,2022-11-07 15:16:16,Closed,WEST,QUEEN ANNE,7.0,98109.0,47.64834739,-122.35387992,Yes,Yes,Sidewalk,"Garbage/Loose litter,Bulky items,Hazardous materials (e.g., propane tanks),Other (please explain in the Description)",0.0
2022UOF-1269-2902-29489,Level 2 - Use of Force,2022-11-10 06:29:00,5708,30362,White,Female,2022,11,22-00282181,2022-11-07 15:20:18,Closed,NORTH,WHITTIER HEIGHTS,6.0,98117.0,47.68994468,-122.3752917,Yes,Yes,Sidewalk,"Garbage/Loose litter,Bulky items",0.0
2022UOF-1269-2902-29489,Level 2 - Use of Force,2022-11-10 06:29:00,5708,30362,White,Female,2022,11,22-00282198,2022-11-07 15:38:30,Closed,NORTH,GREENWOOD/PHINNEY RIDGE,6.0,98103.0,47.69229668,-122.35692033,Yes,No,Sidewalk,Garbage/Loose litter,0.0
2022UOF-1269-2902-29489,Level 2 - Use of Force,2022-11-10 06:29:00,5708,30362,White,Female,2022,11,22-00282251,2022-11-07 16:25:00,Closed,SOUTHWEST,RIVERVIEW,1.0,98106.0,47.54863398,-122.3551871,Yes,Yes,"Sidewalk,Bike lane",Garbage/Loose litter,0.0
2022UOF-1269-2902-29489,Level 2 - Use of Force,2022-11-10 06:29:00,5708,30362,White,Female,2022,11,22-00282288,2022-11-07 17:05:06,Closed,SOUTH,SOUTH BEACON HILL/NEWHOLLY,2.0,98118.0,47.52079264,-122.277032,Yes,Yes,Sidewalk,"Garbage/Loose litter,Bulky items",0.0
2022UOF-1269-2902-29489,Level 2 - Use of Force,2022-11-10 06:29:00,5708,30362,White,Female,2022,11,22-00282404,2022-11-07 20:04:29,Closed,SOUTHWEST,HIGH POINT,1.0,98126.0,47.55361346,-122.36606709,Unknown,Yes,"Sidewalk,Bike lane,Recreation amenity","Garbage/Loose litter,Hazardous materials (e.g., propane tanks),Bulky items",0.0
2022UOF-1269-2902-29489,Level 2 - Use of Force,2022-11-10 06:29:00,5708,30362,White,Female,2022,11,22-00282510,2022-11-08 07:29:44,Closed,EAST,CASCADE/EASTLAKE,3.0,98102.0,47.63296252,-122.3229505,Yes,Yes,"Sidewalk,Bike lane,Entrance to residence,Other (please explain in the Description)","Garbage/Loose litter,Needles/Sharps,Hazardous materials (e.g., propane tanks),Bulky items,Other (please explain in the Description)",0.0
2022UOF-1269-2902-29489,Level 2 - Use of Force,2022-11-10 06:29:00,5708,30362,White,Female,2022,11,22-00282860,2022-11-08 11:48:43,Closed,SOUTHWEST,NORTH DELRIDGE,1.0,98126.0,47.57669786,-122.37175963,Yes,Yes,Sidewalk,"Hazardous materials (e.g., propane tanks),Garbage/Loose litter,Bulky items",0.0
2022UOF-1269-2902-29489,Level 2 - Use of Force,2022-11-10 06:29:00,5708,30362,White,Female,2022,11,22-00282981,2022-11-08 13:31:34,Closed,WEST,QUEEN ANNE,7.0,98109.0,47.62528352,-122.3556621,Yes,No,Sidewalk,Garbage/Loose litter,0.0
2022UOF-1269-2902-29489,Level 2 - Use of Force,2022-11-10 06:29:00,5708,30362,White,Female,2022,11,22-00283062,2022-11-08 14:21:07,Closed as Duplicate,WEST,QUEEN ANNE,7.0,98109.0,47.63243148,-122.34382912,Yes,No,Sidewalk,"Garbage/Loose litter,Needles/Sharps,Bulky items,Human waste",0.0
2022UOF-1269-2902-29489,Level 2 - Use of Force,2022-11-10 06:29:00,5708,30362,White,Female,2022,11,22-00283168,2022-11-08 14:46:09,Closed,WEST,PIONEER SQUARE/INTERNATIONAL DISTRICT,2.0,98144.0,47.59599478,-122.31881583,Yes,Yes,Other (please explain in the Description),Garbage/Loose litter,0.0
2022UOF-1269-2902-29489,Level 2 - Use of Force,2022-11-10 06:29:00,5708,30362,White,Female,2022,11,22-00283309,2022-11-08 16:42:58,Closed,NORTH,FREMONT,6.0,98107.0,47.66312572,-122.36423589,Yes,Yes,Sidewalk,"Hazardous materials (e.g., propane tanks)",0.0
2022UOF-1269-2902-29489,Level 2 - Use of Force,2022-11-10 06:29:00,5708,30362,White,Female,2022,11,22-00283315,2022-11-08 16:47:07,Closed,WEST,CASCADE/EASTLAKE,7.0,98109.0,47.62495567,-122.32923364,Yes,No,No blockage,"Garbage/Loose litter,Bulky items",0.0
2022UOF-1269-2902-29489,Level 2 - Use of Force,2022-11-10 06:29:00,5708,30362,White,Female,2022,11,22-00283325,2022-11-08 17:03:07,Closed,SOUTH,NORTH BEACON HILL/JEFFERSON PARK,2.0,98144.0,47.59459202,-122.31682324,Yes,Yes,"No blockage,Sidewalk","Bulky items,Hazardous materials (e.g., propane tanks)",0.0
2022UOF-1269-2902-29489,Level 2 - Use of Force,2022-11-10 06:29:00,5708,30362,White,Female,2022,11,22-00283329,2022-11-08 17:17:14,Closed,NORTH,BALLARD,6.0,98107.0,47.66487391,-122.38039809,Yes,No,Sidewalk,"Garbage/Loose litter,Needles/Sharps,Human waste",0.0
2022UOF-1269-2902-29489,Level 2 - Use of Force,2022-11-10 06:29:00,5708,30362,White,Female,2022,11,22-00283661,2022-11-09 09:57:58,Closed,WEST,PIONEER SQUARE/INTERNATIONAL DISTRICT,2.0,98104.0,47.59818751,-122.32218705,Yes,Unknown,"Sidewalk,Recreation amenity,Construction project,Entrance to business,Entrance to residence","Garbage/Loose litter,Needles/Sharps,Hazardous materials (e.g., propane tanks),Bulky items,Human waste",0.0
2022UOF-1269-2902-29489,Level 2 - Use of Force,2022-11-10 06:29:00,5708,30362,White,Female,2022,11,22-00283733,2022-11-09 10:46:16,Closed,NORTH,FREMONT,6.0,98107.0,47.66293022,-122.36607158,Yes,Yes,"Sidewalk,Other (please explain in the Description)","Garbage/Loose litter,Bulky items",0.0
2022UOF-1269-2902-29489,Level 2 - Use of Force,2022-11-10 06:29:00,5708,30362,White,Female,2022,11,22-00283868,2022-11-09 12:25:05,Closed,NORTH,FREMONT,6.0,98107.0,47.65983227,-122.36381448,Yes,Yes,Other (please explain in the Description),"Garbage/Loose litter,Hazardous materials (e.g., propane tanks),Bulky items,Other (please explain in the Description)",0.0
2022UOF-1269-2902-29489,Level 2 - Use of Force,2022-11-10 06:29:00,5708,30362,White,Female,2022,11,22-00284162,2022-11-09 16:53:06,Closed,NORTH,HALLER LAKE,5.0,98133.0,47.72656953,-122.34194067,Yes,Yes,Sidewalk,Bulky items,0.0
2022UOF-1269-2902-29489,Level 2 - Use of Force,2022-11-10 06:29:00,5708,30362,White,Female,2022,11,22-00284249,2022-11-09 19:58:30,Closed,EAST,CASCADE/EASTLAKE,3.0,98102.0,47.63296252,-122.3229505,Yes,Yes,"Sidewalk,Bike lane,Recreation amenity,Entrance to residence","Garbage/Loose litter,Needles/Sharps,Hazardous materials (e.g., propane tanks),Bulky items,Human waste",0.0
2022UOF-1269-2902-29489,Level 2 - Use of Force,2022-11-10 06:29:00,5708,30362,White,Female,2022,11,22-00284287,2022-11-09 23:22:02,Closed,WEST,CASCADE/EASTLAKE,7.0,98109.0,47.62529407,-122.34087697,Yes,Yes,"Sidewalk,Construction project","Garbage/Loose litter,Hazardous materials (e.g., propane tanks),Bulky items,Human waste",0.0
2022UOF-1269-2902-29489,Level 2 - Use of Force,2022-11-10 06:29:00,5708,30362,White,Female,2022,11,22-00284328,2022-11-10 07:09:36,Closed,NORTH,BROADVIEW/BITTER LAKE,5.0,98133.0,47.72173071,-122.34715955,Yes,Yes,"Sidewalk,Other (please explain in the Description)",Garbage/Loose litter,0.0
2022UOF-1269-2902-29489,Level 2 - Use of Force,2022-11-10 06:29:00,5708,30362,White,Female,2022,11,22-00284429,2022-11-10 09:04:29,Closed,WEST,CASCADE/EASTLAKE,7.0,98109.0,47.62382086,-122.34407433,Yes,No,Sidewalk,"Garbage/Loose litter,Bulky items",0.0
2022UOF-1269-2902-29489,Level 2 - Use of Force,2022-11-10 06:29:00,5708,30362,White,Female,2022,11,22-00284458,2022-11-10 09:18:36,Closed,NORTH,BROADVIEW/BITTER LAKE,5.0,98133.0,47.72160047,-122.34761282,Yes,Yes,"Sidewalk,Other (please explain in the Description)","Bulky items,Other (please explain in the Description)",0.0
2022UOF-1269-2902-29489,Level 2 - Use of Force,2022-11-10 06:29:00,5708,30362,White,Female,2022,11,22-00284619,2022-11-10 11:33:38,Closed,SOUTHWEST,RIVERVIEW,1.0,98106.0,47.5353196,-122.35000887,Unknown,Yes,Recreation amenity,"Garbage/Loose litter,Hazardous materials (e.g., propane tanks),Bulky items",0.0
2022UOF-1269-2902-29489,Level 2 - Use of Force,2022-11-10 06:29:00,5708,30362,White,Female,2022,11,22-00284834,2022-11-10 14:22:55,Closed,NORTH,GREEN LAKE,6.0,98103.0,47.67298053,-122.34429617,Yes,Yes,No blockage,"Hazardous materials (e.g., propane tanks)",0.0
2022UOF-1269-2902-29489,Level 2 - Use of Force,2022-11-10 06:29:00,5708,30362,White,Female,2022,11,22-00284946,2022-11-10 16:23:51,Closed,WEST,CASCADE/EASTLAKE,4.0,98102.0,47.6324583,-122.32657841,Yes,Yes,"Sidewalk,Bike lane,Recreation amenity,Entrance to business","Garbage/Loose litter,Needles/Sharps,Hazardous materials (e.g., propane tanks),Bulky items,Human waste",0.0
2022UOF-1269-2902-29489,Level 2 - Use of Force,2022-11-10 06:29:00,5708,30362,White,Female,2022,11,22-00284953,2022-11-10 16:25:54,Closed,EAST,CASCADE/EASTLAKE,3.0,98102.0,47.63199069,-122.32353916,Yes,Yes,Entrance to residence,"Hazardous materials (e.g., propane tanks)",0.0
2022UOF-1269-2902-29489,Level 2 - Use of Force,2022-11-10 06:29:00,5708,30362,White,Female,2022,11,22-00284997,2022-11-10 17:34:23,Closed,NORTH,WEDGWOOD/VIEW RIDGE,5.0,98125.0,47.70090195,-122.29041738,Yes,Yes,"Sidewalk,Bike lane,Entrance to residence",Human waste,0.0
2022UOF-1269-2902-29489,Level 2 - Use of Force,2022-11-10 06:29:00,5708,30362,White,Female,2022,11,22-00285068,2022-11-10 21:32:12,Closed,EAST,CAPITOL HILL,3.0,98122.0,47.61742538,-122.3166485,Yes,No,Sidewalk,Garbage/Loose litter,0.0
2022UOF-1269-2902-29489,Level 2 - Use of Force,2022-11-10 06:29:00,5708,30362,White,Female,2022,11,22-00285082,2022-11-10 22:24:36,Closed,SOUTHWEST,ROXHILL/WESTWOOD,1.0,98126.0,47.52301986,-122.36901786,Yes,Yes,Sidewalk,"Garbage/Loose litter,Hazardous materials (e.g., propane tanks),Human waste",0.0
2022UOF-1269-2902-29489,Level 2 - Use of Force,2022-11-10 06:29:00,5708,30362,White,Female,2022,11,22-00285338,2022-11-11 12:49:12,Closed,NORTH,BALLARD,6.0,98107.0,47.66276676,-122.37301837,Yes,Yes,Sidewalk,"Human waste,Bulky items,Needles/Sharps,Hazardous materials (e.g., propane tanks),Garbage/Loose litter,Other (please explain in the Description)",0.0
2022UOF-1269-2902-29489,Level 2 - Use of Force,2022-11-10 06:29:00,5708,30362,White,Female,2022,11,22-00285375,2022-11-11 13:57:45,Closed,SOUTHWEST,NORTH DELRIDGE,1.0,98126.0,47.57669786,-122.37175963,Yes,Yes,Sidewalk,"Hazardous materials (e.g., propane tanks),Garbage/Loose litter,Bulky items",0.0
2022UOF-1269-2902-29489,Level 2 - Use of Force,2022-11-10 06:29:00,5708,30362,White,Female,2022,11,22-00285416,2022-11-11 14:58:11,Closed,SOUTH,DUWAMISH/SODO,2.0,98134.0,47.58580097,-122.32310664,Yes,Yes,Recreation amenity,"Garbage/Loose litter,Needles/Sharps",0.0
2022UOF-1269-2902-29489,Level 2 - Use of Force,2022-11-10 06:29:00,5708,30362,White,Female,2022,11,22-00285439,2022-11-11 15:50:35,Closed,SOUTH,COLUMBIA CITY,2.0,98144.0,47.57094458,-122.29654974,Yes,Unknown,Sidewalk,Bulky items,0.0
2022UOF-1269-2902-29489,Level 2 - Use of Force,2022-11-10 06:29:00,5708,30362,White,Female,2022,11,22-00285540,2022-11-12 06:16:26,Closed,SOUTHWEST,ROXHILL/WESTWOOD,1.0,98126.0,47.52301986,-122.36901786,Unknown,Yes,"Sidewalk,Other (please explain in the Description)","Garbage/Loose litter,Needles/Sharps,Hazardous materials (e.g., propane tanks)",1.0
2022UOF-1269-2902-29489,Level 2 - Use of Force,2022-11-10 06:29:00,5708,30362,White,Female,2022,11,22-00285543,2022-11-12 06:16:33,Closed,EAST,CAPITOL HILL,3.0,98122.0,47.61772376,-122.31767957,Unknown,Yes,Sidewalk,"Other (please explain in the Description),Garbage/Loose litter,Needles/Sharps,Hazardous materials (e.g., propane tanks),Bulky items,Human waste",1.0
2022UOF-1269-2902-29489,Level 2 - Use of Force,2022-11-10 06:29:00,5708,30362,White,Female,2022,11,22-00285667,2022-11-12 09:09:52,Closed,WEST,CASCADE/EASTLAKE,7.0,98109.0,47.62525762,-122.34019167,Yes,Yes,"Sidewalk,Bike lane,Recreation amenity,Construction project,Entrance to business,Entrance to residence","Garbage/Loose litter,Needles/Sharps,Hazardous materials (e.g., propane tanks),Bulky items,Human waste",1.0
2022UOF-1269-2902-29489,Level 2 - Use of Force,2022-11-10 06:29:00,5708,30362,White,Female,2022,11,22-00285832,2022-11-12 13:12:07,Closed,WEST,QUEEN ANNE,7.0,98109.0,47.62560217,-122.34865199,Yes,No,Sidewalk,"Human waste,Needles/Sharps,Garbage/Loose litter",1.0
2022UOF-1269-2902-29489,Level 2 - Use of Force,2022-11-10 06:29:00,5708,30362,White,Female,2022,11,22-00285882,2022-11-12 14:43:05,Closed,NORTH,BALLARD,6.0,98107.0,47.66190289,-122.37652816,No,No,"Sidewalk,Bike lane",Bulky items,1.0
2022UOF-1269-2902-29489,Level 2 - Use of Force,2022-11-10 06:29:00,5708,30362,White,Female,2022,11,22-00285910,2022-11-12 15:27:26,Closed,NORTH,UNIVERSITY DISTRICT,4.0,98115.0,47.67360528,-122.30867107,Unknown,No,Recreation amenity,Garbage/Loose litter,1.0
2022UOF-1269-2902-29489,Level 2 - Use of Force,2022-11-10 06:29:00,5708,30362,White,Female,2022,11,22-00285919,2022-11-12 15:45:34,Closed,EAST,CAPITOL HILL,3.0,98122.0,47.61775471,-122.31735129,Yes,No,Sidewalk,"Garbage/Loose litter,Needles/Sharps,Bulky items,Human waste",1.0
2022UOF-1269-2902-29489,Level 2 - Use of Force,2022-11-10 06:29:00,5708,30362,White,Female,2022,11,22-00286042,2022-11-13 07:52:57,Closed,SOUTH,NORTH BEACON HILL/JEFFERSON PARK,2.0,98144.0,47.57143296,-122.2971226,Unknown,No,No blockage,"Garbage/Loose litter,Hazardous materials (e.g., propane tanks),Human waste,Bulky items,Needles/Sharps",1.0
2022UOF-1269-2902-29489,Level 2 - Use of Force,2022-11-10 06:29:00,5708,30362,White,Female,2022,11,22-00286120,2022-11-13 10:32:12,Closed,WEST,INTERBAY,7.0,98119.0,47.62913733,-122.37101825,Yes,Yes,No blockage,Garbage/Loose litter,1.0
2022UOF-1269-2902-29489,Level 2 - Use of Force,2022-11-10 06:29:00,5708,30362,White,Female,2022,11,22-00286322,2022-11-13 14:56:11,Closed,NORTH,NORTH BEACH/BLUE RIDGE,6.0,98117.0,47.69397587,-122.38931089,Unknown,No,No blockage,Garbage/Loose litter,1.0
2022UOF-1269-2902-29489,Level 2 - Use of Force,2022-11-10 06:29:00,5708,30362,White,Female,2022,11,22-00286401,2022-11-13 17:01:08,Closed,EAST,MONTLAKE/PORTAGE BAY,3.0,98102.0,47.6485854,-122.3222792,No,Unknown,Recreation amenity,Garbage/Loose litter,1.0
2022UOF-1269-2902-29489,Level 2 - Use of Force,2022-11-10 06:29:00,5708,30362,White,Female,2022,11,22-00286471,2022-11-13 20:32:47,Closed,SOUTHWEST,SOUTH PARK,1.0,98108.0,47.52873784,-122.31892788,Unknown,Yes,"Sidewalk,Entrance to residence,Other (please explain in the Description)","Garbage/Loose litter,Hazardous materials (e.g., propane tanks),Bulky items",1.0
2022UOF-1269-2902-29489,Level 2 - Use of Force,2022-11-10 06:29:00,5708,30362,White,Female,2022,11,22-00286759,2022-11-14 10:42:08,Closed,NORTH,BROADVIEW/BITTER LAKE,5.0,98133.0,47.72167635,-122.34683774,Yes,Yes,Sidewalk,"Garbage/Loose litter,Needles/Sharps,Hazardous materials (e.g., propane tanks),Bulky items,Human waste",0.0
2022UOF-1269-2902-29489,Level 2 - Use of Force,2022-11-10 06:29:00,5708,30362,White,Female,2022,11,22-00286857,2022-11-14 12:06:49,Closed,WEST,BELLTOWN,7.0,98121.0,47.61321809,-122.34565065,Yes,No,Other (please explain in the Description),"Garbage/Loose litter,Needles/Sharps,Bulky items,Human waste",0.0
2022UOF-1269-2902-29489,Level 2 - Use of Force,2022-11-10 06:29:00,5708,30362,White,Female,2022,11,22-00286897,2022-11-14 12:37:05,Closed,SOUTH,NORTH BEACON HILL/JEFFERSON PARK,2.0,98144.0,47.58075472,-122.31390021,Unknown,No,Other (please explain in the Description),Garbage/Loose litter,0.0
2022UOF-1269-2902-29489,Level 2 - Use of Force,2022-11-10 06:29:00,5708,30362,White,Female,2022,11,22-00287115,2022-11-14 15:22:21,Closed,NORTH,BALLARD,6.0,98107.0,47.6695958,-122.37306888,Unknown,Unknown,"Sidewalk,Entrance to business","Garbage/Loose litter,Needles/Sharps,Hazardous materials (e.g., propane tanks),Bulky items,Human waste",0.0
2022UOF-1269-2902-29489,Level 2 - Use of Force,2022-11-10 06:29:00,5708,30362,White,Female,2022,11,22-00287342,2022-11-14 20:28:37,Closed,SOUTHWEST,SOUTH PARK,1.0,98106.0,47.5398889,-122.3370642,Unknown,Yes,No blockage,Garbage/Loose litter,0.0
2022UOF-1269-2902-29489,Level 2 - Use of Force,2022-11-10 06:29:00,5708,30362,White,Female,2022,11,22-00287366,2022-11-14 22:21:29,Closed,WEST,CASCADE/EASTLAKE,7.0,98109.0,47.62529407,-122.34087697,Yes,Yes,Sidewalk,"Garbage/Loose litter,Bulky items,Human waste",0.0
2022UOF-1269-2902-29489,Level 2 - Use of Force,2022-11-10 06:29:00,5708,30362,White,Female,2022,11,22-00287373,2022-11-14 23:21:56,Closed,WEST,CASCADE/EASTLAKE,4.0,98102.0,47.6324583,-122.32657841,Yes,Yes,Sidewalk,"Garbage/Loose litter,Hazardous materials (e.g., propane tanks),Bulky items,Human waste",0.0
2022UOF-1269-2902-29489,Level 2 - Use of Force,2022-11-10 06:29:00,5708,30362,White,Female,2022,11,22-00287400,2022-11-15 06:45:22,Closed,SOUTH,NORTH BEACON HILL/JEFFERSON PARK,3.0,98144.0,47.58946274,-122.30873223,Yes,No,Bike lane,Garbage/Loose litter,0.0
2022UOF-1269-2902-29489,Level 2 - Use of Force,2022-11-10 06:29:00,5708,30362,White,Female,2022,11,22-00287593,2022-11-15 09:54:47,Closed,WEST,CASCADE/EASTLAKE,7.0,98109.0,47.62382086,-122.34407433,Unknown,No,Sidewalk,"Garbage/Loose litter,Bulky items",0.0
2022UOF-1269-2902-29489,Level 2 - Use of Force,2022-11-10 06:29:00,5708,30362,White,Female,2022,11,22-00287857,2022-11-15 13:04:13,Closed,SOUTH,SOUTH BEACON HILL/NEWHOLLY,2.0,98108.0,47.54658651,-122.31000386,No,Yes,"Other (please explain in the Description),Entrance to business","Garbage/Loose litter,Other (please explain in the Description)",0.0
2022UOF-1269-2902-29489,Level 2 - Use of Force,2022-11-10 06:29:00,5708,30362,White,Female,2022,11,22-00288221,2022-11-15 20:11:34,Closed,WEST,QUEEN ANNE,7.0,98109.0,47.6319936,-122.34309595,Yes,No,Sidewalk,Garbage/Loose litter,0.0
2022UOF-1269-2902-29489,Level 2 - Use of Force,2022-11-10 06:29:00,5708,30362,White,Female,2022,11,22-00288275,2022-11-16 05:24:57,Closed,EAST,CENTRAL AREA/SQUIRE PARK,3.0,98122.0,47.6174549,-122.31045499,Unknown,No,Sidewalk,"Garbage/Loose litter,Bulky items,Human waste",0.0
2022UOF-1269-2902-29489,Level 2 - Use of Force,2022-11-10 06:29:00,5708,30362,White,Female,2022,11,22-00288377,2022-11-16 08:52:45,Closed,NORTH,FREMONT,6.0,98107.0,47.66346104,-122.36423937,Yes,Yes,Sidewalk,"Other (please explain in the Description),Garbage/Loose litter",0.0
2022UOF-1269-2902-29489,Level 2 - Use of Force,2022-11-10 06:29:00,5708,30362,White,Female,2022,11,22-00288380,2022-11-16 08:56:49,Closed,SOUTHWEST,RIVERVIEW,1.0,98106.0,47.54006159,-122.34445684,Yes,White,Recreation amenity,Garbage/Loose litter,0.0
2022UOF-1269-2902-29489,Level 2 - Use of Force,2022-11-10 06:29:00,5708,30362,White,Female,2022,11,22-00288444,2022-11-16 09:43:12,Closed,WEST,PIONEER SQUARE/INTERNATIONAL DISTRICT,2.0,98104.0,47.60154828,-122.32584707,Yes,No,"Recreation amenity,Other (please explain in the Description)","Garbage/Loose litter,Needles/Sharps,Human waste",0.0
2022UOF-1269-2902-29489,Level 2 - Use of Force,2022-11-10 06:29:00,5708,30362,White,Female,2022,11,22-00288532,2022-11-16 10:47:45,Closed,SOUTHWEST,ALKI/ADMIRAL,1.0,98126.0,47.58633522,-122.37722897,Unknown,Yes,No blockage,Garbage/Loose litter,0.0
2022UOF-1269-2902-29489,Level 2 - Use of Force,2022-11-10 06:29:00,5708,30362,White,Female,2022,11,22-00288861,2022-11-16 14:58:58,Closed,SOUTH,NORTH BEACON HILL/JEFFERSON PARK,2.0,98144.0,47.58524362,-122.30725214,Yes,Yes,Sidewalk,Garbage/Loose litter,0.0
2022UOF-1269-2902-29489,Level 2 - Use of Force,2022-11-10 06:29:00,5708,30362,White,Female,2022,11,22-00289049,2022-11-16 18:08:37,Closed,SOUTH,NORTH BEACON HILL/JEFFERSON PARK,2.0,98144.0,47.57143296,-122.2971226,Unknown,No,No blockage,"Garbage/Loose litter,Needles/Sharps,Hazardous materials (e.g., propane tanks),Bulky items",0.0
2022UOF-1269-2902-29489,Level 2 - Use of Force,2022-11-10 06:29:00,5708,30362,White,Female,2022,11,22-00289163,2022-11-17 04:15:22,Closed,WEST,CASCADE/EASTLAKE,7.0,98109.0,47.62529407,-122.34087697,Yes,Yes,Sidewalk,"Garbage/Loose litter,Bulky items,Human waste,Other (please explain in the Description)",0.0
2022UOF-1269-2902-29489,Level 2 - Use of Force,2022-11-10 06:29:00,5708,30362,White,Female,2022,11,22-00289278,2022-11-17 08:19:27,Closed,WEST,QUEEN ANNE,7.0,98109.0,47.6248547,-122.35580914,Yes,No,Sidewalk,"Garbage/Loose litter,Bulky items",0.0
2022UOF-1269-2902-29489,Level 2 - Use of Force,2022-11-10 06:29:00,5708,30362,White,Female,2022,11,22-00289413,2022-11-17 10:16:37,Closed,NORTH,BALLARD,6.0,98107.0,47.66505047,-122.38056435,Yes,No,"Sidewalk,Entrance to business","Garbage/Loose litter,Needles/Sharps,Hazardous materials (e.g., propane tanks),Bulky items,Other (please explain in the Description)",0.0
2022UOF-1269-2902-29489,Level 2 - Use of Force,2022-11-10 06:29:00,5708,30362,White,Female,2022,11,22-00289595,2022-11-17 12:39:58,Closed,SOUTHWEST,NORTH DELRIDGE,1.0,98126.0,47.57669786,-122.37175963,Yes,Yes,"Other (please explain in the Description),Sidewalk",Other (please explain in the Description),0.0
2022UOF-1269-2902-29489,Level 2 - Use of Force,2022-11-10 06:29:00,5708,30362,White,Female,2022,11,22-00289939,2022-11-17 16:46:06,Closed,NORTH,LAURELHURST/SAND POINT,4.0,98115.0,47.68842912,-122.26492716,Yes,Yes,"Recreation amenity,Entrance to business","Garbage/Loose litter,Bulky items",0.0
2022UOF-1269-2902-29489,Level 2 - Use of Force,2022-11-10 06:29:00,5708,30362,White,Female,2022,11,22-00289950,2022-11-17 16:58:14,Closed,SOUTH,SOUTH BEACON HILL/NEWHOLLY,2.0,98118.0,47.54420787,-122.28662794,Yes,White,Other (please explain in the Description),Garbage/Loose litter,0.0
2022UOF-1269-2902-29489,Level 2 - Use of Force,2022-11-10 06:29:00,5708,30362,White,Female,2022,11,22-00289966,2022-11-17 17:58:41,Closed,WEST,BELLTOWN,7.0,98121.0,47.61371114,-122.34623628,Yes,No,Sidewalk,Garbage/Loose litter,0.0
2022UOF-1269-2902-29489,Level 2 - Use of Force,2022-11-10 06:29:00,5708,30362,White,Female,2022,11,22-00290024,2022-11-17 21:28:26,Closed,WEST,CASCADE/EASTLAKE,7.0,98109.0,47.6206667,-122.3333503,Yes,No,Sidewalk,Garbage/Loose litter,0.0
2022UOF-1269-2902-29489,Level 2 - Use of Force,2022-11-10 06:29:00,5708,30362,White,Female,2022,11,22-00290227,2022-11-18 09:29:21,Closed,NORTH,BALLARD,6.0,98107.0,47.66333311,-122.37371596,Yes,Yes,"Bike lane,Sidewalk,Entrance to business,Other (please explain in the Description)","Garbage/Loose litter,Bulky items,Human waste,Other (please explain in the Description),Hazardous materials (e.g., propane tanks),Needles/Sharps",0.0
2022UOF-1269-2902-29489,Level 2 - Use of Force,2022-11-10 06:29:00,5708,30362,White,Female,2022,11,22-00290358,2022-11-18 11:22:03,Closed,WEST,CASCADE/EASTLAKE,7.0,98109.0,47.62278431,-122.34486449,No,No,No blockage,Garbage/Loose litter,0.0
2022UOF-1269-2902-29489,Level 2 - Use of Force,2022-11-10 06:29:00,5708,30362,White,Female,2022,11,22-00290538,2022-11-18 14:07:41,Closed,EAST,CENTRAL AREA/SQUIRE PARK,3.0,98122.0,47.61044481,-122.30890088,Yes,Yes,"Sidewalk,Entrance to business,Other (please explain in the Description)","Garbage/Loose litter,Other (please explain in the Description)",0.0
2022UOF-1269-2902-29489,Level 2 - Use of Force,2022-11-10 06:29:00,5708,30362,White,Female,2022,11,22-00290537,2022-11-18 14:07:40,Closed,SOUTHWEST,NORTH DELRIDGE,1.0,98126.0,47.57579138,-122.3715486,Yes,Yes,"Sidewalk,Bike lane,Other (please explain in the Description)","Garbage/Loose litter,Hazardous materials (e.g., propane tanks),Bulky items",0.0
2022UOF-1269-2902-29489,Level 2 - Use of Force,2022-11-10 06:29:00,5708,30362,White,Female,2022,11,22-00290759,2022-11-18 18:05:36,Closed,WEST,CASCADE/EASTLAKE,7.0,98109.0,47.62094151,-122.33328446,Yes,No,Sidewalk,"Garbage/Loose litter,Bulky items",0.0
2022UOF-1269-2902-29489,Level 2 - Use of Force,2022-11-10 06:29:00,5708,30362,White,Female,2022,11,22-00290836,2022-11-19 07:45:35,Closed,WEST,CASCADE/EASTLAKE,7.0,98109.0,47.62529407,-122.34087697,Yes,No,Sidewalk,"Garbage/Loose litter,Needles/Sharps,Hazardous materials (e.g., propane tanks),Bulky items,Human waste",1.0
2022UOF-1269-2902-29489,Level 2 - Use of Force,2022-11-10 06:29:00,5708,30362,White,Female,2022,11,22-00290918,2022-11-19 10:34:59,Closed,NORTH,LAURELHURST/SAND POINT,4.0,98115.0,47.68830505,-122.26573181,Yes,Yes,"Recreation amenity,Entrance to business",Garbage/Loose litter,1.0
2022UOF-1269-2902-29489,Level 2 - Use of Force,2022-11-10 06:29:00,5708,30362,White,Female,2022,11,22-00290979,2022-11-19 11:53:45,Closed,NORTH,UNIVERSITY DISTRICT,4.0,98115.0,47.67337516,-122.30800204,No,No,Other (please explain in the Description),"Garbage/Loose litter,Human waste,Bulky items",1.0
2022UOF-1269-2902-29489,Level 2 - Use of Force,2022-11-10 06:29:00,5708,30362,White,Female,2022,11,22-00291003,2022-11-19 12:20:03,Closed,WEST,QUEEN ANNE,7.0,98119.0,47.65003598,-122.35846071,Yes,Yes,"Sidewalk,Construction project","Needles/Sharps,Garbage/Loose litter",1.0
2022UOF-1269-2902-29489,Level 2 - Use of Force,2022-11-10 06:29:00,5708,30362,White,Female,2022,11,22-00291006,2022-11-19 12:26:05,Closed,NORTH,FREMONT,6.0,98107.0,47.65704984,-122.36332405,Yes,No,No blockage,Bulky items,1.0
2022UOF-1269-2902-29489,Level 2 - Use of Force,2022-11-10 06:29:00,5708,30362,White,Female,2022,11,22-00291009,2022-11-19 12:34:11,Closed,NORTH,WEDGWOOD/VIEW RIDGE,5.0,98115.0,47.69359456,-122.2718237,Unknown,No,Recreation amenity,"Needles/Sharps,Hazardous materials (e.g., propane tanks),Human waste,Garbage/Loose litter,Bulky items",1.0
2022UOF-1269-2902-29489,Level 2 - Use of Force,2022-11-10 06:29:00,5708,30362,White,Female,2022,11,22-00291115,2022-11-19 16:16:02,Closed,NORTH,FREMONT,6.0,98107.0,47.65621361,-122.36237756,Yes,No,Bike lane,"Garbage/Loose litter,Needles/Sharps,Hazardous materials (e.g., propane tanks),Bulky items,Human waste",1.0
2022UOF-1269-2902-29489,Level 2 - Use of Force,2022-11-10 06:29:00,5708,30362,White,Female,2022,11,22-00291157,2022-11-19 17:54:52,Closed,SOUTHWEST,NORTH DELRIDGE,1.0,98126.0,47.57906017,-122.37295287,Yes,No,Recreation amenity,"Garbage/Loose litter,Bulky items,Human waste",1.0
2022UOF-1269-2902-29489,Level 2 - Use of Force,2022-11-10 06:29:00,5708,30362,White,Female,2022,11,22-00291252,2022-11-20 09:34:25,Closed,WEST,CASCADE/EASTLAKE,4.0,98102.0,47.6324583,-122.32657841,Yes,Yes,"Sidewalk,Bike lane,Construction project,Recreation amenity,Entrance to business,Entrance to residence","Garbage/Loose litter,Needles/Sharps,Hazardous materials (e.g., propane tanks),Bulky items,Human waste",1.0
2022UOF-1269-2902-29489,Level 2 - Use of Force,2022-11-10 06:29:00,5708,30362,White,Female,2022,11,22-00291275,2022-11-20 10:27:01,Closed,WEST,CASCADE/EASTLAKE,7.0,98109.0,47.6206667,-122.3333503,Yes,No,Entrance to residence,"Other (please explain in the Description),Bulky items",1.0
2022UOF-1269-2902-29489,Level 2 - Use of Force,2022-11-10 06:29:00,5708,30362,White,Female,2022,11,22-00291337,2022-11-20 12:13:56,Closed,WEST,QUEEN ANNE,7.0,98109.0,47.64791975,-122.35417415,Yes,Yes,"Sidewalk,Other (please explain in the Description)","Garbage/Loose litter,Human waste",1.0
2022UOF-1269-2902-29489,Level 2 - Use of Force,2022-11-10 06:29:00,5708,30362,White,Female,2022,11,22-00291390,2022-11-20 14:00:47,Closed,NORTH,UNIVERSITY DISTRICT,4.0,98115.0,47.67288129,-122.30671467,Unknown,No,No blockage,"Garbage/Loose litter,Hazardous materials (e.g., propane tanks)",1.0
2022UOF-1269-2902-29489,Level 2 - Use of Force,2022-11-10 06:29:00,5708,30362,White,Female,2022,11,22-00291392,2022-11-20 14:04:50,Closed,NORTH,UNIVERSITY DISTRICT,4.0,98105.0,47.67247373,-122.30873147,No,No,No blockage,"Garbage/Loose litter,Bulky items",1.0
2022UOF-1269-2902-29489,Level 2 - Use of Force,2022-11-10 06:29:00,5708,30362,White,Female,2022,11,22-00291451,2022-11-20 15:49:42,Closed,EAST,MADRONA/LESCHI,3.0,98112.0,47.61866785,-122.28239685,Yes,Unknown,Recreation amenity,"Human waste,Garbage/Loose litter,Bulky items",1.0
2022UOF-1269-2902-29489,Level 2 - Use of Force,2022-11-10 06:29:00,5708,30362,White,Female,2022,11,22-00291470,2022-11-20 16:42:07,Closed,SOUTHWEST,NORTH DELRIDGE,1.0,98126.0,47.57669786,-122.37175963,Yes,Yes,Bike lane,Human waste,1.0
2022UOF-1269-2902-29489,Level 2 - Use of Force,2022-11-10 06:29:00,5708,30362,White,Female,2022,11,22-00291495,2022-11-20 19:01:28,Closed,NORTH,WHITTIER HEIGHTS,6.0,98117.0,47.68859202,-122.37974133,Yes,No,No blockage,Garbage/Loose litter,1.0
2022UOF-1269-2902-29489,Level 2 - Use of Force,2022-11-10 06:29:00,5708,30362,White,Female,2022,11,22-00291907,2022-11-21 11:10:13,Closed,NORTH,LAURELHURST/SAND POINT,4.0,98115.0,47.6835061,-122.26324711,Yes,Yes,Other (please explain in the Description),Human waste,0.0
2022UOF-1269-2902-29489,Level 2 - Use of Force,2022-11-10 06:29:00,5708,30362,White,Female,2022,11,22-00291959,2022-11-21 11:44:20,Closed,WEST,CASCADE/EASTLAKE,7.0,98109.0,47.62032746,-122.33323561,Yes,No,"Sidewalk,Other (please explain in the Description)","Garbage/Loose litter,Needles/Sharps",0.0
2022UOF-1269-2902-29489,Level 2 - Use of Force,2022-11-10 06:29:00,5708,30362,White,Female,2022,11,22-00291971,2022-11-21 11:56:07,Closed,WEST,BELLTOWN,7.0,98121.0,47.61266026,-122.3418582,Yes,No,Sidewalk,"Garbage/Loose litter,Needles/Sharps,Other (please explain in the Description)",0.0
2022UOF-1269-2902-29489,Level 2 - Use of Force,2022-11-10 06:29:00,5708,30362,White,Female,2022,11,22-00292382,2022-11-21 16:59:23,Closed,NORTH,BROADVIEW/BITTER LAKE,5.0,98133.0,47.72161057,-122.34866605,Yes,Yes,Sidewalk,"Garbage/Loose litter,Hazardous materials (e.g., propane tanks),Bulky items,Human waste",0.0
2022UOF-1269-2902-29489,Level 2 - Use of Force,2022-11-10 06:29:00,5708,30362,White,Female,2022,11,22-00292505,2022-11-21 23:54:50,Closed,EAST,CAPITOL HILL,3.0,98122.0,47.61775471,-122.31735129,Yes,Unknown,"Sidewalk,Recreation amenity","Garbage/Loose litter,Bulky items",0.0
2022UOF-1269-2902-29489,Level 2 - Use of Force,2022-11-10 06:29:00,5708,30362,White,Female,2022,11,22-00292577,2022-11-22 07:49:51,Closed,EAST,CAPITOL HILL,3.0,98122.0,47.61772376,-122.31767957,Yes,No,"Sidewalk,Entrance to business","Garbage/Loose litter,Bulky items",0.0
2022UOF-1269-2902-29489,Level 2 - Use of Force,2022-11-10 06:29:00,5708,30362,White,Female,2022,11,22-00292630,2022-11-22 08:40:12,Closed,WEST,CASCADE/EASTLAKE,4.0,98102.0,47.6324583,-122.32657841,Yes,Yes,"Sidewalk,Bike lane,Construction project,Recreation amenity,Entrance to business,Entrance to residence","Garbage/Loose litter,Needles/Sharps,Hazardous materials (e.g., propane tanks),Bulky items,Human waste",0.0
2022UOF-1269-2902-29489,Level 2 - Use of Force,2022-11-10 06:29:00,5708,30362,White,Female,2022,11,22-00292698,2022-11-22 09:47:15,Closed,EAST,MILLER PARK,3.0,98112.0,47.62262645,-122.31242513,Yes,No,Sidewalk,"Garbage/Loose litter,Bulky items",0.0
2022UOF-1269-2902-29489,Level 2 - Use of Force,2022-11-10 06:29:00,5708,30362,White,Female,2022,11,22-00293224,2022-11-22 16:32:27,Closed,EAST,CASCADE/EASTLAKE,3.0,98102.0,47.63239348,-122.32256066,Yes,Yes,"Sidewalk,Recreation amenity,Other (please explain in the Description)","Garbage/Loose litter,Needles/Sharps,Hazardous materials (e.g., propane tanks),Bulky items,Human waste,Other (please explain in the Description)",0.0
2022UOF-1269-2902-29489,Level 2 - Use of Force,2022-11-10 06:29:00,5708,30362,White,Female,2022,11,22-00293347,2022-11-23 05:43:41,Closed,NORTH,BALLARD,6.0,98107.0,47.66304262,-122.37058352,Yes,Yes,Other (please explain in the Description),"Garbage/Loose litter,Needles/Sharps,Hazardous materials (e.g., propane tanks),Bulky items,Human waste",0.0
2022UOF-1269-2902-29489,Level 2 - Use of Force,2022-11-10 06:29:00,5708,30362,White,Female,2022,11,22-00293460,2022-11-23 09:23:45,Closed,SOUTH,GEORGETOWN,2.0,98108.0,47.55165933,-122.33047751,Yes,Yes,No blockage,Garbage/Loose litter,0.0
2022UOF-1269-2902-29489,Level 2 - Use of Force,2022-11-10 06:29:00,5708,30362,White,Female,2022,11,22-00293485,2022-11-23 09:47:48,Closed,WEST,MAGNOLIA,7.0,98199.0,47.63209184,-122.39041895,Yes,Yes,Recreation amenity,Garbage/Loose litter,0.0
2022UOF-1269-2902-29489,Level 2 - Use of Force,2022-11-10 06:29:00,5708,30362,White,Female,2022,11,22-00294017,2022-11-23 18:20:16,Closed,EAST,CAPITOL HILL,3.0,98102.0,47.62495279,-122.32177931,Yes,No,Sidewalk,Garbage/Loose litter,0.0
2022UOF-1269-2902-29489,Level 2 - Use of Force,2022-11-10 06:29:00,5708,30362,White,Female,2022,11,22-00294186,2022-11-24 14:13:31,Closed,EAST,CASCADE/EASTLAKE,3.0,98102.0,47.63286836,-122.32306038,Yes,Yes,Sidewalk,"Garbage/Loose litter,Hazardous materials (e.g., propane tanks),Bulky items",0.0
2022UOF-1269-2902-29489,Level 2 - Use of Force,2022-11-10 06:29:00,5708,30362,White,Female,2022,11,22-00294207,2022-11-24 15:14:00,Closed,WEST,MONTLAKE/PORTAGE BAY,4.0,98102.0,47.64884122,-122.32314469,Yes,Unknown,No blockage,Garbage/Loose litter,0.0
2022UOF-1269-2902-29489,Level 2 - Use of Force,2022-11-10 06:29:00,5708,30362,White,Female,2022,11,22-00294254,2022-11-24 22:07:08,Closed,SOUTH,NORTH BEACON HILL/JEFFERSON PARK,2.0,98144.0,47.57143296,-122.2971226,Unknown,No,No blockage,"Garbage/Loose litter,Bulky items",0.0
2022UOF-1269-2902-29489,Level 2 - Use of Force,2022-11-10 06:29:00,5708,30362,White,Female,2022,11,22-00294261,2022-11-24 23:19:41,Closed,WEST,QUEEN ANNE,7.0,98109.0,47.62430528,-122.35642308,Yes,Unknown,"Construction project,Sidewalk,Bike lane","Hazardous materials (e.g., propane tanks)",0.0
2022UOF-1269-2902-29489,Level 2 - Use of Force,2022-11-10 06:29:00,5708,30362,White,Female,2022,11,22-00294264,2022-11-25 00:32:15,Closed,EAST,CASCADE/EASTLAKE,3.0,98102.0,47.63239348,-122.32256066,Yes,Yes,Other (please explain in the Description),Human waste,0.0
2022UOF-1269-2902-29489,Level 2 - Use of Force,2022-11-10 06:29:00,5708,30362,White,Female,2022,11,22-00294448,2022-11-25 17:23:58,Closed,NORTH,GREENWOOD/PHINNEY RIDGE,6.0,98117.0,47.69048194,-122.3619151,Yes,Yes,Other (please explain in the Description),Garbage/Loose litter,0.0
2022UOF-1269-2902-29489,Level 2 - Use of Force,2022-11-10 06:29:00,5708,30362,White,Female,2022,11,22-00294521,2022-11-26 08:26:53,Closed,SOUTHWEST,NORTH DELRIDGE,1.0,98126.0,47.57519388,-122.37142949,Yes,Yes,No blockage,Garbage/Loose litter,1.0
2022UOF-1269-2902-29489,Level 2 - Use of Force,2022-11-10 06:29:00,5708,30362,White,Female,2022,11,22-00294614,2022-11-26 11:34:20,Closed,NORTH,OLYMPIC HILLS/VICTORY HEIGHTS,5.0,98125.0,47.73247307,-122.30974442,No,Yes,Other (please explain in the Description),"Hazardous materials (e.g., propane tanks)",1.0
2022UOF-1269-2902-29489,Level 2 - Use of Force,2022-11-10 06:29:00,5708,30362,White,Female,2022,11,22-00294631,2022-11-26 11:56:28,Closed,NORTH,GREEN LAKE,4.0,98115.0,47.6767784,-122.31989877,Yes,Yes,No blockage,"Garbage/Loose litter,Needles/Sharps,Bulky items",1.0
2022UOF-1269-2902-29489,Level 2 - Use of Force,2022-11-10 06:29:00,5708,30362,White,Female,2022,11,22-00294645,2022-11-26 12:16:38,Closed,EAST,CAPITOL HILL,3.0,98102.0,47.62479695,-122.32232496,Yes,No,Sidewalk,Other (please explain in the Description),1.0
2022UOF-1269-2902-29489,Level 2 - Use of Force,2022-11-10 06:29:00,5708,30362,White,Female,2022,11,22-00294813,2022-11-26 16:50:45,Closed,NORTH,CEDAR PARK/MEADOWBROOK,5.0,98125.0,47.71459275,-122.29129904,Yes,Yes,"Entrance to residence,Other (please explain in the Description)","Garbage/Loose litter,Needles/Sharps,Hazardous materials (e.g., propane tanks),Human waste",1.0
2022UOF-1269-2902-29489,Level 2 - Use of Force,2022-11-10 06:29:00,5708,30362,White,Female,2022,11,22-00294884,2022-11-26 19:52:07,Closed,EAST,CASCADE/EASTLAKE,3.0,98102.0,47.63286836,-122.32306038,Yes,Yes,"Sidewalk,Bike lane,Other (please explain in the Description)","Garbage/Loose litter,Hazardous materials (e.g., propane tanks),Bulky items",1.0
2022UOF-1269-2902-29489,Level 2 - Use of Force,2022-11-10 06:29:00,5708,30362,White,Female,2022,11,22-00294931,2022-11-26 22:53:31,Closed,SOUTHWEST,NORTH DELRIDGE,1.0,98106.0,47.57057451,-122.35708353,Unknown,Yes,Sidewalk,Other (please explain in the Description),1.0
2022UOF-1269-2902-29489,Level 2 - Use of Force,2022-11-10 06:29:00,5708,30362,White,Female,2022,11,22-00294978,2022-11-27 08:01:45,Closed,WEST,CASCADE/EASTLAKE,7.0,98109.0,47.62525762,-122.34019167,Yes,No,Sidewalk,"Garbage/Loose litter,Needles/Sharps,Hazardous materials (e.g., propane tanks),Bulky items,Human waste",1.0
2022UOF-1269-2902-29489,Level 2 - Use of Force,2022-11-10 06:29:00,5708,30362,White,Female,2022,11,22-00295093,2022-11-27 11:35:19,Closed,SOUTHWEST,RIVERVIEW,1.0,98106.0,47.54399756,-122.35456681,Unknown,Unknown,Other (please explain in the Description),Other (please explain in the Description),1.0
2022UOF-1269-2902-29489,Level 2 - Use of Force,2022-11-10 06:29:00,5708,30362,White,Female,2022,11,22-00295260,2022-11-27 16:47:44,Closed,WEST,CASCADE/EASTLAKE,7.0,98109.0,47.62525762,-122.34019167,Yes,Yes,"Sidewalk,Bike lane,Recreation amenity,Construction project,Entrance to business,Entrance to residence","Garbage/Loose litter,Needles/Sharps,Hazardous materials (e.g., propane tanks),Bulky items,Human waste",1.0
2022UOF-1269-2902-29489,Level 2 - Use of Force,2022-11-10 06:29:00,5708,30362,White,Female,2022,11,22-00295285,2022-11-27 17:56:14,Closed,NORTH,GREENWOOD/PHINNEY RIDGE,6.0,98117.0,47.69048194,-122.3619151,Yes,Yes,Other (please explain in the Description),"Other (please explain in the Description),Needles/Sharps",1.0
2022UOF-1269-2902-29489,Level 2 - Use of Force,2022-11-10 06:29:00,5708,30362,White,Female,2022,11,22-00295289,2022-11-27 18:00:16,Closed,NORTH,OLYMPIC HILLS/VICTORY HEIGHTS,5.0,98125.0,47.72957874,-122.31321081,Unknown,No,Recreation amenity,"Garbage/Loose litter,Hazardous materials (e.g., propane tanks),Bulky items",1.0
2022UOF-1269-2902-29489,Level 2 - Use of Force,2022-11-10 06:29:00,5708,30362,White,Female,2022,11,22-00295311,2022-11-27 19:41:02,Closed,EAST,CAPITOL HILL,3.0,98102.0,47.62479695,-122.32232496,Yes,Unknown,"Sidewalk,Recreation amenity",Bulky items,1.0
2022UOF-1269-2902-29489,Level 2 - Use of Force,2022-11-10 06:29:00,5708,30362,White,Female,2022,11,22-00295418,2022-11-28 08:14:51,Closed,NORTH,WALLINGFORD,4.0,98105.0,47.66729433,-122.32113179,Yes,No,Other (please explain in the Description),"Garbage/Loose litter,Needles/Sharps,Hazardous materials (e.g., propane tanks),Bulky items,Human waste,Other (please explain in the Description)",0.0
2022UOF-1269-2902-29489,Level 2 - Use of Force,2022-11-10 06:29:00,5708,30362,White,Female,2022,11,22-00295534,2022-11-28 09:28:00,Closed,NORTH,BALLARD,6.0,98107.0,47.66259897,-122.36916636,Yes,Yes,"Sidewalk,Bike lane","Garbage/Loose litter,Needles/Sharps,Hazardous materials (e.g., propane tanks),Bulky items,Human waste",0.0
2022UOF-1269-2902-29489,Level 2 - Use of Force,2022-11-10 06:29:00,5708,30362,White,Female,2022,11,22-00295859,2022-11-28 13:52:14,Closed,WEST,QUEEN ANNE,7.0,98109.0,47.64709161,-122.35047964,Yes,No,Other (please explain in the Description),Garbage/Loose litter,0.0
2022UOF-1269-2902-29489,Level 2 - Use of Force,2022-11-10 06:29:00,5708,30362,White,Female,2022,11,22-00296091,2022-11-28 19:35:18,Closed,NORTH,GREEN LAKE,6.0,98115.0,47.67814965,-122.32613193,Yes,No,Recreation amenity,Garbage/Loose litter,0.0
2022UOF-1269-2902-29489,Level 2 - Use of Force,2022-11-10 06:29:00,5708,30362,White,Female,2022,11,22-00296826,2022-11-29 19:45:19,Closed,NORTH,GREENWOOD/PHINNEY RIDGE,6.0,98117.0,47.69078927,-122.362096,Yes,Yes,No blockage,Other (please explain in the Description),0.0
2022UOF-1269-2902-29489,Level 2 - Use of Force,2022-11-10 06:29:00,5708,30362,White,Female,2022,11,22-00297212,2022-11-30 10:49:17,Closed,NORTH,CEDAR PARK/MEADOWBROOK,5.0,98125.0,47.71459275,-122.29129904,Yes,Yes,Sidewalk,"Human waste,Needles/Sharps,Hazardous materials (e.g., propane tanks),Garbage/Loose litter",0.0
2022UOF-1269-2902-29489,Level 2 - Use of Force,2022-11-10 06:29:00,5708,30362,White,Female,2022,11,22-00297253,2022-11-30 11:20:14,Closed,NORTH,HALLER LAKE,5.0,98133.0,47.72694049,-122.34305511,Yes,Yes,Sidewalk,"Garbage/Loose litter,Hazardous materials (e.g., propane tanks),Bulky items,Human waste",0.0
2022UOF-1269-2902-29489,Level 2 - Use of Force,2022-11-10 06:29:00,5708,30362,White,Female,2022,11,22-00297578,2022-11-30 15:34:26,Closed,WEST,MONTLAKE/PORTAGE BAY,4.0,98102.0,47.65059439,-122.32307737,Yes,Yes,No blockage,Garbage/Loose litter,0.0
